0.000000 -0.000000 -0.000000 -0.000000 -0.000000 -0.000000 -0.000000 1.000000
0.100000 -0.244126 -0.018675 0.969564 0.000363 0.001276 0.001827 0.999997
0.200000 -0.424001 0.037781 1.897880 0.002121 0.001132 0.001418 0.999996
0.300000 -0.655966 0.039960 2.959486 0.002781 0.001784 0.001275 0.999994
0.400000 -0.925163 0.057635 4.051122 0.003381 0.002505 0.000400 0.999991
0.500000 -1.177383 0.085725 5.156454 0.003795 0.003275 0.001077 0.999987
0.600000 -1.434387 0.103292 6.287126 0.004822 0.003922 0.000548 0.999981
0.700000 -1.730673 0.164768 7.463405 0.006141 0.004909 -0.001046 0.999969
0.800000 -2.054110 0.153542 8.696847 0.004996 0.006447 0.000188 0.999967
0.900000 -2.361864 0.109024 9.843842 0.003990 0.008437 -0.002433 0.999953
1.000000 -2.644073 0.088002 10.965597 0.002707 0.011199 -0.002821 0.999930
1.100000 -2.949094 0.123700 12.124843 0.003864 0.015028 -0.004332 0.999870
1.200000 -3.203485 0.130447 13.223648 0.004270 0.018595 -0.004604 0.999807
1.300000 -3.428800 0.159568 14.332169 0.005506 0.022190 -0.003549 0.999732
1.400000 -3.641207 0.115969 15.419684 0.004651 0.025108 -0.004030 0.999666
1.500000 -3.732034 0.156412 16.459618 0.005794 0.026276 -0.003266 0.999633
1.600000 -3.849061 0.138542 17.466445 0.006905 0.027371 -0.005568 0.999586
1.700000 -3.942711 0.120481 18.323543 0.008137 0.028679 -0.005351 0.999541
1.800000 -4.026156 0.131070 19.157532 0.009496 0.029703 -0.007869 0.999483
1.900000 -4.097295 0.115486 20.027418 0.009414 0.030546 -0.007995 0.999457
2.000000 -4.130050 0.116073 20.774274 0.008824 0.030952 -0.006633 0.999460
2.100000 -4.128256 0.117211 21.445783 0.008394 0.030534 -0.006752 0.999476
2.200000 -4.112258 0.108812 22.068470 0.008255 0.030142 -0.005501 0.999496
2.300000 -4.106866 0.096266 22.644915 0.008595 0.029686 -0.004930 0.999510
2.400000 -4.114207 0.084228 23.204859 0.009184 0.029685 -0.004564 0.999507
2.500000 -4.131858 0.079496 23.786556 0.008581 0.029780 -0.003370 0.999514
2.600000 -4.130122 0.065833 24.329825 0.006588 0.029958 -0.003053 0.999525
2.700000 -4.148794 0.074300 24.862910 0.005585 0.031256 -0.004056 0.999488
2.800000 -4.140515 0.069497 25.381678 0.004022 0.032134 -0.001570 0.999474
2.900000 -4.138312 0.069598 25.930304 0.003958 0.032919 -0.000756 0.999450
3.000000 -4.151884 0.066022 26.466475 0.005310 0.034173 0.000404 0.999402
3.100000 -4.167227 0.065165 26.983138 0.008034 0.035382 -0.000810 0.999341
3.200000 -4.189114 0.048483 27.529390 0.009375 0.036701 -0.000079 0.999282
3.300000 -4.202709 0.051772 28.051124 0.009460 0.037821 0.001284 0.999239
3.400000 -4.211164 0.052112 28.487687 0.007252 0.038632 0.002452 0.999224
3.500000 -4.233672 0.061858 29.065964 0.005982 0.038651 0.006116 0.999216
3.600000 -4.228235 0.042979 29.538656 0.006201 0.038411 0.010433 0.999188
3.700000 -4.253552 0.041045 29.863669 0.008333 0.038922 0.009530 0.999162
3.800000 -4.245040 0.040143 30.244618 0.010320 0.038485 0.011277 0.999142
3.900000 -4.250962 0.019608 30.666303 0.010439 0.038054 0.009908 0.999172
4.000000 -4.237998 0.000095 31.014460 0.009446 0.037961 0.009864 0.999186
4.100000 -4.227046 0.003647 31.391311 0.008401 0.037589 0.009616 0.999212
4.200000 -4.206016 -0.009022 31.742779 0.007683 0.036952 0.008838 0.999248
4.300000 -4.223597 -0.015418 32.118089 0.006522 0.037643 0.008904 0.999230
4.400000 -4.214512 -0.026512 32.463048 0.004750 0.038144 0.009577 0.999215
4.500000 -4.226236 -0.033347 32.860133 0.003481 0.038407 0.008129 0.999223
4.600000 -4.224621 -0.034767 33.221403 0.003954 0.038709 0.008688 0.999205
4.700000 -4.235726 -0.021534 33.573528 0.005352 0.039806 0.010078 0.999142
4.800000 -4.242695 -0.027550 33.932250 0.006454 0.040394 0.009167 0.999121
4.900000 -4.218375 -0.037130 34.247690 0.006111 0.040033 0.010430 0.999125
5.000000 -4.208121 -0.036552 34.587065 0.005824 0.039607 0.011660 0.999130
5.100000 -4.221991 -0.051142 34.949732 0.005289 0.040166 0.010856 0.999120
5.200000 -4.211505 -0.054940 35.271394 0.007046 0.040291 0.009408 0.999119
5.300000 -4.217325 -0.052853 35.592055 0.009501 0.040612 0.010480 0.999075
5.400000 -4.221917 -0.057905 35.923259 0.010273 0.040745 0.010718 0.999059
5.500000 -4.209254 -0.063617 36.240870 0.008634 0.040857 0.011691 0.999059
5.600000 -4.206898 -0.067031 36.555829 0.007466 0.041206 0.013166 0.999036
5.700000 -4.203594 -0.072903 36.862145 0.007375 0.041489 0.012707 0.999031
5.800000 -4.210556 -0.073299 37.169521 0.008392 0.042338 0.015395 0.998949
5.900000 -4.199879 -0.083545 37.464688 0.008665 0.042020 0.019095 0.998897
6.000000 -4.192903 -0.077618 37.746381 0.008684 0.041888 0.020411 0.998876
6.100000 -4.208354 -0.088090 38.046269 0.007188 0.042544 0.018447 0.998898
6.200000 -4.204945 -0.083420 38.314226 0.004988 0.042454 0.022508 0.998832
6.300000 -4.211954 -0.100827 38.594248 0.003525 0.043168 0.020965 0.998842
6.400000 -4.222127 -0.104325 38.870989 0.005669 0.043652 0.020179 0.998827
6.500000 -4.225746 -0.105585 39.129271 0.010738 0.044137 0.014592 0.998861
6.600000 -4.229953 -0.114464 39.372636 0.013508 0.045000 0.011952 0.998824
6.700000 -4.249106 -0.121765 39.542590 0.012447 0.046180 0.012115 0.998782
6.800000 -4.255726 -0.122294 39.796572 0.011966 0.047093 0.008914 0.998779
6.900000 -4.259794 -0.120826 39.984726 0.011856 0.047798 0.006171 0.998768
7.000000 -4.278337 -0.144554 40.201247 0.011059 0.049220 0.005178 0.998713
7.100000 -4.283702 -0.139223 40.395204 0.011268 0.049897 0.005545 0.998675
7.200000 -4.295385 -0.142008 40.579520 0.011242 0.051041 0.005253 0.998619
7.300000 -4.296917 -0.174254 40.774810 0.009342 0.051282 0.006027 0.998622
7.400000 -4.302568 -0.188031 40.966807 0.008579 0.052305 0.005407 0.998580
7.500000 -4.311194 -0.195791 41.139494 0.007087 0.053139 0.004648 0.998551
7.600000 -4.312758 -0.194728 41.347145 0.005856 0.053665 0.003283 0.998536
7.700000 -4.313840 -0.212974 41.522461 0.003697 0.054308 0.001666 0.998516
7.800000 -4.310453 -0.228602 41.701803 0.004853 0.054407 0.000297 0.998507
7.900000 -4.329214 -0.244466 41.866089 0.007713 0.056229 -0.000538 0.998388
8.000000 -4.314740 -0.223049 42.022134 0.012777 0.055528 -0.000059 0.998375
8.100000 -4.320800 -0.211758 42.192826 0.014597 0.057002 -0.000204 0.998267
8.200000 -4.318694 -0.214316 42.352001 0.013136 0.057560 -0.001226 0.998255
8.300000 -4.324680 -0.221291 42.502211 0.011959 0.058434 -0.001385 0.998219
8.400000 -4.314827 -0.233896 42.634722 0.012681 0.058573 0.000952 0.998202
8.500000 -4.317275 -0.222237 42.792548 0.017827 0.059648 0.003988 0.998052
8.600000 -4.318734 -0.237279 42.930415 0.019718 0.061398 0.005808 0.997902
8.700000 -4.313078 -0.241310 43.064699 0.019848 0.063532 0.004513 0.997772
8.800000 -4.312735 -0.248089 43.197205 0.018188 0.066595 0.003297 0.997609
8.900000 -4.327927 -0.234200 43.339479 0.018997 0.071434 0.004360 0.997255
9.000000 -4.323064 -0.230532 43.465365 0.017747 0.074835 0.007380 0.997011
9.100000 -4.324449 -0.248075 43.589819 0.015266 0.080730 0.008515 0.996583
9.200000 -4.316320 -0.256509 43.708184 0.014865 0.086479 0.007522 0.996114
9.300000 -4.302432 -0.257149 43.815474 0.015424 0.094444 0.005878 0.995393
9.400000 -4.235114 -0.231240 43.684275 0.016168 0.094871 0.009855 0.995309
9.500000 -4.306868 -0.255588 44.048955 0.014245 0.118068 0.003641 0.992897
9.600000 -4.303911 -0.252905 44.158841 0.015427 0.133439 0.006604 0.990915
9.700000 -4.284685 -0.270754 44.261000 0.013099 0.148533 0.007513 0.988792
9.800000 -4.226920 -0.276867 44.355061 0.012201 0.163053 0.008561 0.986505
9.900000 -4.195629 -0.261271 44.450575 0.012032 0.182633 0.006613 0.983085
10.000000 -4.188784 -0.270534 44.558159 0.012035 0.206756 0.008668 0.978280
10.100000 -4.149286 -0.299495 44.643157 0.010175 0.229387 0.012104 0.973207
10.200000 -4.091020 -0.323383 44.715011 0.009461 0.251940 0.014821 0.967583
10.300000 -4.029447 -0.331318 44.794465 0.009648 0.278505 0.014545 0.960276
10.400000 -4.013259 -0.340378 44.845637 0.008785 0.307813 0.016306 0.951266
10.500000 -3.954720 -0.350066 44.902902 0.007812 0.336677 0.017502 0.941425
10.600000 -3.849207 -0.332798 44.987569 0.010099 0.366387 0.016473 0.930262
10.700000 -3.816576 -0.359806 45.077449 0.002821 0.405015 0.012004 0.914227
10.800000 -3.723647 -0.363184 45.144131 0.002625 0.435725 0.012937 0.899983
10.900000 -3.635627 -0.364216 45.167242 0.002703 0.461746 0.016656 0.886852
11.000000 -3.538599 -0.357702 45.189451 0.002912 0.486913 0.017558 0.873269
11.100000 -3.444718 -0.355552 45.220853 0.002055 0.513410 0.017600 0.857961
11.200000 -3.357658 -0.359198 45.247545 0.001173 0.539678 0.017719 0.841684
11.300000 -3.258981 -0.357697 45.278354 0.002430 0.565162 0.019865 0.824737
11.400000 -3.182811 -0.363603 45.300786 0.000663 0.589423 0.019367 0.807592
11.500000 -3.073368 -0.346842 45.305507 0.001668 0.608677 0.014253 0.793288
11.600000 -2.977112 -0.346906 45.327402 0.002385 0.630464 0.014896 0.776072
11.700000 -2.881838 -0.346731 45.335836 0.004420 0.648920 0.017535 0.760641
11.800000 -2.796561 -0.339911 45.325643 0.012842 0.664600 0.026893 0.746605
11.900000 -2.683173 -0.344771 45.330665 0.005988 0.679281 0.024715 0.733438
12.000000 -2.583132 -0.323809 45.317789 0.016958 0.690478 0.029704 0.722544
12.100000 -2.527591 -0.331089 45.321361 0.010847 0.702456 0.021128 0.711330
12.200000 -2.566976 -0.347377 45.319403 0.009951 0.712203 0.019658 0.701628
12.300000 -2.505613 -0.353867 45.320860 0.009291 0.721795 0.018908 0.691786
12.400000 -2.469490 -0.353721 45.296973 0.011328 0.729379 0.019512 0.683737
12.500000 -2.412040 -0.338833 45.298205 0.019550 0.736382 0.020977 0.675958
12.600000 -2.328864 -0.354088 45.276437 0.021647 0.742634 0.019340 0.669068
12.700000 -2.286504 -0.334902 45.264736 0.020649 0.748443 0.017726 0.662641
12.800000 -2.341014 -0.347070 45.232507 0.018446 0.752009 0.020665 0.658571
12.900000 -2.238479 -0.337950 45.239892 0.017702 0.757497 0.021038 0.652260
13.000000 -1.963551 -0.311201 45.235417 0.019285 0.763502 0.021527 0.645158
13.100000 -1.948973 -0.312566 45.231071 0.020873 0.767326 0.023978 0.640469
13.200000 -1.862043 -0.305452 45.220589 0.022348 0.770941 0.024030 0.636061
13.300000 -1.821228 -0.313640 45.200859 0.022724 0.772826 0.025331 0.633705
13.400000 -1.704814 -0.306442 45.193374 0.023801 0.775452 0.024724 0.630473
13.500000 -1.721792 -0.315714 45.165777 0.023999 0.775938 0.026565 0.629792
13.600000 -1.621730 -0.322109 45.168793 0.022466 0.778990 0.024887 0.626139
13.700000 -1.550957 -0.307758 45.142722 0.026121 0.779615 0.026791 0.625140
13.800000 -1.463868 -0.314127 45.117882 0.024199 0.780719 0.025653 0.623887
13.900000 -1.373139 -0.319084 45.103589 0.023758 0.781951 0.026035 0.622343
14.000000 -1.293185 -0.321083 45.083898 0.023557 0.782838 0.026454 0.621216
14.100000 -1.220919 -0.322749 45.069341 0.025699 0.783050 0.028734 0.620763
14.200000 -1.116774 -0.323062 45.036440 0.027624 0.782182 0.030404 0.621694
14.300000 -1.073199 -0.319965 45.019143 0.028599 0.781074 0.031604 0.622982
14.400000 -1.004986 -0.318522 45.001584 0.028086 0.779936 0.030704 0.624474
14.500000 -0.856497 -0.307079 44.958844 0.024571 0.778697 0.025787 0.626388
14.600000 -0.772485 -0.313534 44.941943 0.025129 0.777583 0.028232 0.627643
14.700000 -0.666680 -0.315467 44.921563 0.023781 0.776436 0.028141 0.629118
14.800000 -0.579335 -0.319354 44.901881 0.019729 0.775422 0.026574 0.630576
14.900000 -0.491784 -0.314861 44.881160 0.021708 0.773688 0.028625 0.632547
15.000000 -0.399313 -0.309336 44.856209 0.019769 0.772618 0.025465 0.634052
15.100000 -0.346220 -0.319180 44.829316 0.015744 0.770990 0.020651 0.636318
15.200000 -0.244875 -0.312650 44.815704 0.016586 0.770788 0.017580 0.636633
15.300000 -0.140732 -0.324895 44.790266 0.013191 0.770704 0.014036 0.636902
15.400000 -0.045653 -0.328364 44.777463 0.011752 0.770760 0.013646 0.636871
15.500000 0.086963 -0.320647 44.768889 0.013178 0.772030 0.014543 0.635283
15.600000 0.123879 -0.305005 44.727215 0.015658 0.769988 0.016804 0.637645
15.700000 0.250494 -0.315061 44.656277 0.048027 0.765354 0.045089 0.640229
15.800000 0.354912 -0.335857 44.660369 0.022415 0.768083 0.025548 0.639447
15.900000 0.424307 -0.345987 44.643833 0.024668 0.767404 0.028157 0.640070
16.000000 0.593875 -0.349766 44.621215 0.016931 0.768673 0.021768 0.639047
16.100000 0.671499 -0.364994 44.594585 0.010905 0.769431 0.019423 0.638341
16.200000 -0.016238 -0.317671 44.656958 0.044762 0.763609 0.047902 0.642341
16.300000 0.917759 -0.372056 44.542419 0.022343 0.770587 0.032377 0.636120
16.400000 1.072184 -0.360956 44.502598 0.024980 0.772108 0.035061 0.634032
16.500000 1.166103 -0.351460 44.474010 0.026455 0.773683 0.035665 0.632014
16.600000 1.361328 -0.359193 44.441248 0.021180 0.777376 0.032346 0.627847
16.700000 1.459245 -0.370810 44.428278 0.015963 0.781130 0.029662 0.623459
16.800000 1.568996 -0.372573 44.398534 0.017895 0.784046 0.032349 0.619601
16.900000 1.660565 -0.366744 44.370809 0.017918 0.786991 0.032748 0.615834
17.000000 1.797622 -0.372516 44.339145 0.014949 0.790764 0.031939 0.611104
17.100000 1.968988 -0.369171 44.297751 0.012905 0.794605 0.030969 0.606199
17.200000 2.094845 -0.362991 44.261937 0.014031 0.797871 0.031040 0.601864
17.300000 2.206219 -0.366580 44.221813 0.013487 0.800808 0.030768 0.597978
17.400000 2.323019 -0.359309 44.202432 0.011468 0.804987 0.028523 0.592495
17.500000 2.462085 -0.361633 44.135490 0.014062 0.806530 0.030832 0.590221
17.600000 2.577746 -0.358684 44.094830 0.013864 0.809239 0.030511 0.586523
17.700000 2.686674 -0.354468 44.055848 0.014306 0.811887 0.030699 0.582832
17.800000 2.819454 -0.357525 44.010616 0.012958 0.814673 0.030870 0.578953
17.900000 2.949949 -0.344087 43.968982 0.014582 0.816847 0.031876 0.575788
18.000000 3.055125 -0.343452 43.932463 0.014682 0.818347 0.033479 0.573561
18.100000 3.177510 -0.330992 43.879245 0.017741 0.818976 0.035656 0.572445
18.200000 3.296046 -0.337810 43.844140 0.015347 0.820148 0.035866 0.570820
18.300000 3.407816 -0.321747 43.802368 0.017699 0.820595 0.037051 0.570033
18.400000 3.467572 -0.329864 43.767500 0.016900 0.820322 0.037279 0.570435
18.500000 3.551235 -0.323732 43.735003 0.018774 0.819780 0.037537 0.571139
18.600000 3.635118 -0.322107 43.704231 0.019432 0.818983 0.036817 0.572305
18.700000 3.748658 -0.321139 43.665978 0.020359 0.817597 0.037291 0.574221
18.800000 3.802291 -0.319400 43.644988 0.020340 0.815040 0.036527 0.577894
18.900000 3.951660 -0.321085 43.598781 0.017390 0.812133 0.034966 0.582164
19.000000 4.026505 -0.319136 43.574422 0.019372 0.807955 0.035516 0.587854
19.100000 4.110478 -0.317619 43.547544 0.019663 0.802776 0.034540 0.594954
19.200000 4.209978 -0.318255 43.524554 0.020271 0.796614 0.033015 0.603246
19.300000 4.310368 -0.315447 43.507218 0.020546 0.789578 0.030753 0.612535
19.400000 4.386927 -0.314378 43.490348 0.020949 0.780724 0.029432 0.623831
19.500000 4.450946 -0.321074 43.485097 0.020053 0.770189 0.029197 0.636832
19.600000 4.538932 -0.322654 43.478180 0.017694 0.758291 0.028828 0.651038
19.700000 4.619073 -0.322432 43.469171 0.017988 0.743793 0.030102 0.667489
19.800000 4.715265 -0.325119 43.467065 0.014116 0.728736 0.030393 0.683974
19.900000 5.447807 -0.331076 43.406563 0.015875 0.709614 0.031709 0.703698
20.000000 5.707835 -0.321797 43.395717 0.015769 0.689395 0.031173 0.723543
20.100000 5.919038 -0.314242 43.462463 0.017267 0.668895 0.030730 0.742520
20.200000 6.447005 -0.329261 43.446564 0.019526 0.641864 0.031557 0.765920
20.300000 7.431921 -0.291356 43.615398 0.023872 0.614518 0.029960 0.787972
20.400000 8.362245 -0.232787 43.789051 0.029263 0.584836 0.028395 0.810126
20.500000 9.231122 -0.179037 43.972509 0.033285 0.553036 0.025260 0.832109
20.600000 10.112264 -0.128052 44.195095 0.036140 0.519614 0.022386 0.853343
20.700000 11.045255 -0.076680 44.494809 0.039659 0.484709 0.020019 0.873547
20.800000 11.814685 -0.137480 44.914817 0.040438 0.451116 0.019730 0.891331
20.900000 12.376625 -0.167286 45.288533 0.038908 0.418561 0.017260 0.907191
21.000000 12.795957 -0.226582 45.683704 0.036638 0.386768 0.017190 0.921289
21.100000 13.145761 -0.298873 46.094006 0.033970 0.355819 0.015789 0.933804
21.200000 13.457946 -0.355508 46.578738 0.031180 0.326628 0.015025 0.944519
21.300000 13.743845 -0.406761 47.087795 0.028632 0.299973 0.012567 0.953435
21.400000 14.034605 -0.443107 47.642635 0.027297 0.275853 0.010883 0.960750
21.500000 14.219927 -0.485109 48.083571 0.025513 0.255630 0.006832 0.966414
21.600000 14.294779 -0.486909 48.196093 0.025898 0.237605 0.003563 0.971010
21.700000 14.428714 -0.495536 48.487876 0.026210 0.221799 0.002514 0.974737
21.800000 14.555255 -0.529884 48.816933 0.026907 0.211254 0.003801 0.977053
21.900000 14.687455 -0.548875 49.110537 0.027263 0.203205 0.005140 0.978743
22.000000 14.801204 -0.577501 49.474628 0.027121 0.197450 0.003052 0.979933
22.100000 14.920161 -0.597444 49.785210 0.026343 0.192895 -0.000804 0.980865
22.200000 15.042201 -0.616146 50.130768 0.026556 0.190006 -0.004386 0.981414
22.300000 15.173247 -0.638398 50.451721 0.027968 0.188564 -0.006954 0.981638
22.400000 15.287084 -0.695274 50.610409 0.027918 0.187707 -0.009319 0.981784
22.500000 15.388179 -0.701239 50.858487 0.030216 0.188970 -0.008344 0.981482
22.600000 15.514021 -0.729441 51.083287 0.033247 0.190452 -0.007566 0.981104
22.700000 15.657640 -0.746036 51.357230 0.035642 0.192057 -0.008056 0.980703
22.800000 15.763718 -0.809213 51.625302 0.033864 0.194757 -0.011627 0.980198
22.900000 15.882974 -0.822445 51.924706 0.031700 0.197782 -0.013202 0.979644
23.000000 16.014144 -0.818067 52.202282 0.030101 0.199782 -0.011296 0.979313
23.100000 16.137736 -0.853183 52.477479 0.027231 0.201476 -0.009561 0.979068
23.200000 16.307782 -0.862581 52.826382 0.025509 0.203058 -0.008515 0.978797
23.300000 16.445256 -0.885264 53.116922 0.025649 0.204187 -0.006100 0.978577
23.400000 16.598747 -0.912769 53.457446 0.027666 0.204374 -0.003770 0.978495
23.500000 16.710790 -0.942439 53.774277 0.031307 0.204545 -0.002900 0.978352
23.600000 16.829300 -0.985991 54.007120 0.033613 0.204244 -0.005725 0.978326
23.700000 16.940140 -0.999458 54.270567 0.035540 0.202819 -0.006143 0.978552
23.800000 17.043091 -1.039825 54.584071 0.033050 0.202120 -0.005834 0.978786
23.900000 17.155634 -1.056560 54.873083 0.029854 0.201385 -0.003625 0.979050
24.000000 17.271385 -1.080318 55.166098 0.026771 0.200244 -0.003632 0.979374
24.100000 17.385326 -1.105399 55.462718 0.026853 0.199404 -0.004991 0.979537
24.200000 17.509051 -1.137473 55.739705 0.028329 0.198201 -0.008160 0.979718
24.300000 17.636476 -1.156703 56.017611 0.030952 0.196096 -0.008709 0.980057
24.400000 17.740471 -1.180069 56.270410 0.032324 0.194110 -0.008723 0.980408
24.500000 17.854204 -1.199662 56.549582 0.031914 0.192121 -0.007106 0.980826
24.600000 17.973201 -1.226435 56.860641 0.031126 0.190560 -0.005956 0.981164
24.700000 18.098966 -1.250753 57.149662 0.029816 0.189321 -0.005249 0.981448
24.800000 18.217378 -1.272961 57.447974 0.028714 0.188789 -0.004602 0.981587
24.900000 18.340108 -1.297030 57.740698 0.028496 0.188363 -0.001979 0.981684
25.000000 18.448396 -1.332298 58.018399 0.026836 0.188381 -0.003827 0.981722
25.100000 18.553533 -1.361814 58.323037 0.027105 0.189298 -0.007078 0.981520
25.200000 18.682141 -1.378171 58.574810 0.028299 0.188669 -0.010318 0.981579
25.300000 18.800463 -1.396836 58.865550 0.028345 0.189151 -0.014555 0.981431
25.400000 18.918104 -1.407167 59.148548 0.027882 0.190551 -0.017541 0.981125
25.500000 19.019719 -1.433496 59.401559 0.026098 0.192036 -0.019329 0.980850
25.600000 19.154893 -1.466354 59.725377 0.026275 0.193393 -0.019830 0.980569
25.700000 19.275377 -1.484338 60.002575 0.027891 0.194313 -0.019432 0.980350
25.800000 19.391563 -1.522149 60.317888 0.027114 0.195417 -0.017285 0.980193
25.900000 19.517552 -1.539591 60.604535 0.028956 0.195148 -0.013246 0.980257
26.000000 19.615779 -1.583306 60.868583 0.028474 0.196167 -0.011852 0.980085
26.100000 19.728557 -1.604950 61.137966 0.026238 0.197050 -0.014807 0.979930
26.200000 19.842831 -1.619105 61.393640 0.023424 0.197215 -0.015000 0.979966
26.300000 19.957431 -1.636729 61.671680 0.021199 0.197642 -0.016426 0.979907
26.400000 20.072865 -1.655701 61.924354 0.024510 0.197902 -0.016127 0.979783
26.500000 20.186232 -1.681259 62.185352 0.032015 0.197849 -0.014264 0.979606
26.600000 20.302030 -1.694668 62.419723 0.037438 0.196928 -0.011976 0.979630
26.700000 20.411540 -1.718476 62.683603 0.032970 0.196508 -0.010826 0.979888
26.800000 20.518335 -1.746959 62.939998 0.022536 0.195927 -0.007780 0.980329
26.900000 20.624150 -1.763396 63.188513 0.015444 0.195257 -0.006314 0.980610
27.000000 20.732395 -1.779716 63.437062 0.018158 0.194447 -0.008075 0.980712
27.100000 20.827382 -1.800098 63.666632 0.025221 0.193637 -0.011911 0.980677
27.200000 20.934920 -1.810393 63.922421 0.029650 0.192836 -0.011522 0.980715
27.300000 21.037070 -1.836019 64.171663 0.030017 0.191844 -0.009977 0.980916
27.400000 21.141060 -1.856271 64.427052 0.029291 0.190408 -0.009965 0.981217
27.500000 21.238953 -1.873321 64.676881 0.029991 0.188606 -0.009684 0.981547
27.600000 21.345342 -1.892756 64.922795 0.031011 0.185815 -0.010057 0.982044
27.700000 21.441440 -1.913370 65.165443 0.030542 0.184179 -0.012938 0.982333
27.800000 21.535341 -1.945284 65.409099 0.029656 0.183056 -0.015849 0.982527
27.900000 21.625560 -1.956843 65.660033 0.028990 0.182263 -0.016465 0.982684
28.000000 21.725201 -1.977178 65.908832 0.026456 0.181594 -0.016022 0.982887
28.100000 21.819232 -2.002731 66.159208 0.026508 0.180773 -0.014955 0.983054
28.200000 21.909685 -2.013041 66.401481 0.028427 0.179601 -0.014380 0.983224
28.300000 22.009910 -2.030246 66.639074 0.031057 0.176587 -0.011972 0.983722
28.400000 22.092967 -2.057667 66.876897 0.031275 0.173412 -0.010584 0.984296
28.500000 22.179939 -2.072368 67.119170 0.029099 0.170196 -0.009912 0.984931
28.600000 22.268533 -2.090983 67.355551 0.025127 0.166491 -0.008597 0.985685
28.700000 22.351009 -2.102770 67.598022 0.020787 0.164740 -0.007102 0.986092
28.800000 22.428299 -2.123969 67.834717 0.018743 0.162665 -0.010588 0.986446
28.900000 22.506684 -2.138862 68.072046 0.020883 0.160270 -0.012284 0.986776
29.000000 22.585398 -2.152022 68.298673 0.026134 0.156630 -0.012836 0.987228
29.100000 22.656575 -2.165763 68.560100 0.029481 0.153925 -0.011165 0.987580
29.200000 22.725378 -2.183041 68.812843 0.029080 0.151333 -0.010583 0.987998
29.300000 22.796722 -2.203953 69.060104 0.026966 0.147363 -0.014141 0.988614
29.400000 22.859854 -2.224403 69.313518 0.027280 0.143691 -0.017378 0.989094
29.500000 22.926635 -2.238038 69.563887 0.030340 0.138832 -0.017818 0.989691
29.600000 22.991646 -2.258335 69.822006 0.031661 0.134675 -0.017369 0.990232
29.700000 23.046100 -2.279076 70.078621 0.030496 0.131318 -0.018425 0.990700
29.800000 23.101270 -2.292260 70.332124 0.027148 0.127780 -0.019315 0.991243
29.900000 23.162476 -2.313681 70.560718 0.023624 0.123642 -0.021296 0.991817
30.000000 23.206442 -2.336161 70.830128 0.022014 0.120532 -0.020587 0.992252
30.100000 23.270870 -2.343107 71.052173 0.021325 0.116958 -0.020514 0.992696
30.200000 23.319759 -2.372113 71.315691 0.021717 0.115571 -0.021132 0.992837
30.300000 23.368143 -2.389830 71.550936 0.024203 0.113467 -0.024344 0.992949
30.400000 23.419102 -2.403441 71.775263 0.027213 0.111862 -0.027534 0.992969
30.500000 23.459946 -2.412933 72.026451 0.028486 0.110489 -0.026502 0.993116
30.600000 23.524115 -2.433439 72.248410 0.025226 0.108663 -0.028176 0.993359
30.700000 23.575242 -2.448970 72.484796 0.019962 0.107729 -0.029671 0.993537
30.800000 23.617939 -2.464440 72.748469 0.016180 0.106321 -0.029190 0.993772
30.900000 23.665105 -2.479534 72.983948 0.018124 0.104190 -0.028401 0.993987
31.000000 23.718533 -2.493258 73.230143 0.023847 0.101141 -0.022737 0.994326
31.100000 23.758969 -2.506044 73.467861 0.025972 0.097798 -0.020368 0.994659
31.200000 23.806171 -2.520042 73.706609 0.025284 0.094097 -0.022371 0.994990
31.300000 23.843145 -2.543795 73.958554 0.022007 0.091116 -0.022599 0.995341
31.400000 23.878294 -2.555407 74.205393 0.020566 0.087282 -0.018741 0.995795
31.500000 23.921688 -2.564937 74.445733 0.019130 0.084189 -0.013873 0.996170
31.600000 23.961130 -2.577372 74.684967 0.019436 0.080840 -0.011235 0.996474
31.700000 23.999484 -2.592260 74.936128 0.022969 0.077740 -0.009738 0.996662
31.800000 24.032270 -2.607445 75.189378 0.028447 0.074027 -0.005820 0.996833
31.900000 24.073549 -2.626132 75.418421 0.030610 0.070494 -0.002124 0.997040
32.000000 24.104792 -2.634984 75.680703 0.027109 0.067053 -0.001307 0.997380
32.100000 24.129258 -2.648991 75.931511 0.020122 0.064505 -0.005195 0.997701
32.200000 24.142177 -2.667039 76.235009 0.016310 0.062482 -0.005117 0.997900
32.300000 24.163935 -2.672276 76.489286 0.018306 0.060739 -0.004232 0.997977
32.400000 24.173620 -2.699927 76.786311 0.023371 0.060205 -0.005328 0.997898
32.500000 24.180288 -2.715882 77.066495 0.027759 0.059490 -0.010246 0.997790
32.600000 24.197571 -2.731186 77.348593 0.029567 0.058157 -0.005494 0.997854
32.700000 24.219324 -2.742143 77.595242 0.027753 0.057092 -0.002768 0.997979
32.800000 24.218245 -2.761636 77.937634 0.023766 0.058071 -0.000896 0.998029
32.900000 24.227222 -2.777032 78.212973 0.021295 0.058973 -0.001273 0.998032
33.000000 24.277853 -2.796233 78.407707 0.021169 0.057037 -0.002763 0.998144
33.100000 24.271706 -2.822272 78.694628 0.025671 0.057485 -0.002379 0.998013
33.200000 24.286440 -2.844044 78.946071 0.031723 0.056797 0.001588 0.997880
33.300000 24.308179 -2.858800 79.187855 0.034241 0.055829 0.007911 0.997822
33.400000 24.337704 -2.860262 79.416006 0.031975 0.054760 0.011248 0.997924
33.500000 24.359746 -2.874658 79.642108 0.026510 0.054188 0.009244 0.998136
33.600000 24.370543 -2.902007 79.888004 0.024657 0.054024 0.006106 0.998216
33.700000 24.387505 -2.901623 80.075396 0.026567 0.053425 0.011581 0.998151
33.800000 24.401020 -2.920808 80.333747 0.029720 0.054170 0.010359 0.998036
33.900000 24.427138 -2.927726 80.491806 0.029472 0.053583 0.008914 0.998089
34.000000 24.446365 -2.941464 80.798778 0.028131 0.053213 0.010816 0.998128
34.100000 24.461758 -2.957824 81.032969 0.026227 0.052651 0.012408 0.998191
34.200000 24.470975 -2.967364 81.293684 0.025147 0.053016 0.010817 0.998218
34.300000 24.489673 -2.980328 81.447508 0.025057 0.052899 0.007477 0.998257
34.400000 24.496135 -2.988147 81.582468 0.026949 0.053310 0.008164 0.998181
34.500000 24.510740 -2.998893 81.824151 0.029806 0.053051 0.007095 0.998122
34.600000 24.523184 -3.020907 82.009764 0.029044 0.052462 0.007864 0.998169
34.700000 24.537605 -3.029784 82.178070 0.024544 0.051573 0.007285 0.998341
34.800000 24.550033 -3.049410 82.357277 0.019993 0.051174 0.007526 0.998461
34.900000 24.550857 -3.066090 82.519110 0.018946 0.051768 0.009426 0.998435
35.000000 24.561531 -3.074436 82.669712 0.022493 0.051701 0.009028 0.998368
35.100000 24.558240 -3.113930 82.836387 0.023663 0.053616 0.004086 0.998273
35.200000 24.604298 -3.089846 82.936573 0.028223 0.051366 0.009727 0.998234
35.300000 24.596471 -3.119366 83.057333 0.028506 0.053726 0.005478 0.998134
35.400000 24.608096 -3.125730 83.164544 0.030893 0.055243 0.007560 0.997966
35.500000 24.622236 -3.139139 83.301367 0.031564 0.057455 0.006632 0.997827
35.600000 24.639293 -3.149683 83.419265 0.028880 0.059904 0.007354 0.997759
35.700000 24.645645 -3.163864 83.589392 0.023898 0.063693 0.005108 0.997670
35.800000 24.661359 -3.174028 83.698656 0.021321 0.066848 0.000594 0.997535
35.900000 24.672603 -3.181676 83.841695 0.021996 0.070180 0.001607 0.997291
36.000000 24.691854 -3.187693 83.943449 0.025992 0.073441 0.002726 0.996957
36.100000 24.712172 -3.197698 84.076775 0.030506 0.076919 0.001049 0.996570
36.200000 24.725843 -3.211651 84.200268 0.032460 0.081045 -0.002510 0.996179
36.300000 24.745867 -3.214621 84.318666 0.032043 0.084468 0.000533 0.995911
36.400000 24.746997 -3.229427 84.462861 0.029367 0.088087 0.003744 0.995673
36.500000 24.781315 -3.228149 84.567709 0.026943 0.090478 0.009436 0.995489
36.600000 24.808630 -3.239130 84.675278 0.026103 0.093469 0.010483 0.995225
36.700000 24.793360 -3.269090 84.918471 0.025502 0.096020 0.013728 0.994958
36.800000 24.814509 -3.256116 85.008263 0.025483 0.096099 0.015660 0.994922
36.900000 24.822594 -3.270036 85.164804 0.024571 0.096504 0.015492 0.994909
37.000000 24.836909 -3.262969 85.259291 0.023391 0.096038 0.020147 0.994899
37.100000 24.861216 -3.272203 85.384260 0.022624 0.095346 0.019897 0.994988
37.200000 24.850682 -3.334482 85.589724 0.022123 0.097197 0.015442 0.994899
37.300000 24.874752 -3.329461 85.689710 0.027034 0.097104 0.009179 0.994865
37.400000 24.877679 -3.346677 85.811252 0.030816 0.097060 0.010668 0.994744
37.500000 24.892648 -3.326861 85.895755 0.034371 0.094603 0.020494 0.994710
37.600000 24.875692 -3.354535 86.123855 0.031490 0.095008 0.019006 0.994797
37.700000 24.904383 -3.368119 86.207225 0.024511 0.092282 0.014878 0.995320
37.800000 24.913657 -3.393502 86.381197 0.017154 0.090005 0.021264 0.995567
37.900000 24.932149 -3.393786 86.516463 0.013337 0.087742 0.025555 0.995726
38.000000 24.952293 -3.396621 86.597784 0.014402 0.086311 0.026455 0.995813
38.100000 24.947710 -3.420613 86.724556 0.016258 0.086534 0.023374 0.995842
38.200000 24.965390 -3.408848 86.823645 0.021858 0.084437 0.024826 0.995880
38.300000 24.989348 -3.413719 86.926831 0.024563 0.083081 0.027257 0.995867
38.400000 24.989260 -3.431908 87.039659 0.021854 0.083058 0.033627 0.995737
38.500000 25.008639 -3.431075 87.154991 0.020814 0.082112 0.036757 0.995728
38.600000 25.004679 -3.466613 87.309154 0.018040 0.082462 0.040358 0.995613
38.700000 25.016517 -3.457911 87.382399 0.020297 0.081736 0.043829 0.995483
38.800000 25.029715 -3.464066 87.505156 0.023443 0.081222 0.047410 0.995292
38.900000 25.042099 -3.471523 87.592405 0.023893 0.081164 0.051252 0.995095
39.000000 25.051074 -3.471137 87.685172 0.022985 0.080350 0.054995 0.994983
39.100000 25.062201 -3.509642 87.822309 0.019101 0.081074 0.051413 0.995198
39.200000 25.078167 -3.507758 87.909103 0.018076 0.080540 0.051731 0.995244
39.300000 25.091733 -3.507837 87.964413 0.019383 0.079892 0.054444 0.995127
39.400000 25.105005 -3.527323 88.096003 0.022487 0.080575 0.053327 0.995067
39.500000 25.109603 -3.528173 88.194079 0.027542 0.080969 0.056358 0.994741
39.600000 25.122053 -3.538511 88.273012 0.029861 0.081427 0.054122 0.994761
39.700000 25.130682 -3.550395 88.371328 0.028689 0.081873 0.053909 0.994770
39.800000 25.146861 -3.544383 88.451954 0.026471 0.081245 0.055470 0.994797
39.900000 25.155955 -3.554702 88.539542 0.022378 0.080928 0.057115 0.994830
40.000000 25.164220 -3.558207 88.617457 0.019901 0.081249 0.057544 0.994832
40.100000 25.176442 -3.559420 88.696900 0.018628 0.080430 0.058501 0.994868
40.200000 25.190174 -3.573137 88.785118 0.017024 0.079216 0.055979 0.995139
40.300000 25.196028 -3.579863 88.843580 0.017108 0.077727 0.058550 0.995107
40.400000 25.207437 -3.569449 88.919863 0.019244 0.073049 0.062974 0.995152
40.500000 25.211952 -3.582139 88.989461 0.021034 0.067968 0.063558 0.995439
40.600000 25.222756 -3.573191 89.049604 0.023936 0.060317 0.067121 0.995632
40.700000 25.228595 -3.579290 89.107718 0.025423 0.050995 0.066492 0.996159
40.800000 25.235960 -3.582658 89.163346 0.025657 0.039591 0.068376 0.996543
40.900000 25.232955 -3.582770 89.238846 0.025243 0.027387 0.067388 0.997031
41.000000 25.231786 -3.589634 89.306016 0.024278 0.012904 0.072819 0.996966
41.100000 25.224052 -3.596662 89.361453 0.024899 -0.002272 0.067336 0.997417
41.200000 25.230667 -3.598760 89.396779 0.026928 -0.021613 0.066344 0.997199
41.300000 25.225012 -3.599726 89.447720 0.030460 -0.042281 0.064104 0.996582
41.400000 25.217749 -3.605106 89.495549 0.032893 -0.064456 0.059570 0.995598
41.500000 25.202289 -3.607734 89.555896 0.035072 -0.088101 0.057313 0.993843
41.600000 25.204887 -3.610710 89.582388 0.036658 -0.113785 0.047266 0.991703
41.700000 25.173729 -3.616341 89.611915 0.038520 -0.138404 0.038640 0.988872
41.800000 25.156785 -3.621080 89.645849 0.040170 -0.165909 0.033469 0.984754
41.900000 25.134044 -3.628812 89.685439 0.040397 -0.194229 0.026712 0.979760
42.000000 25.114211 -3.631594 89.719100 0.041440 -0.223162 0.022393 0.973643
42.100000 25.075445 -3.628608 89.772192 0.041467 -0.252253 0.021855 0.966525
42.200000 25.053222 -3.636895 89.803497 0.035434 -0.281312 0.014351 0.958854
42.300000 25.030453 -3.646350 89.839318 0.029962 -0.310582 0.009042 0.950031
42.400000 24.989467 -3.648536 89.872214 0.029027 -0.336345 0.004045 0.941283
42.500000 24.413337 -3.709544 90.517216 0.031842 -0.362275 0.003800 0.931519
42.600000 24.224347 -3.727869 90.667779 0.031738 -0.388537 0.001652 0.920885
42.700000 24.020026 -3.747654 90.833028 0.031529 -0.415460 0.002554 0.909061
42.800000 23.813747 -3.768435 90.973121 0.032273 -0.441912 0.005178 0.896463
42.900000 23.599187 -3.799623 91.129458 0.032732 -0.468907 0.009157 0.882593
43.000000 23.392291 -3.823612 91.248741 0.034639 -0.494412 0.009986 0.868480
43.100000 23.146374 -3.854240 91.352299 0.034949 -0.518047 0.010361 0.854575
43.200000 22.904385 -3.888497 91.435726 0.035075 -0.539742 0.008788 0.841054
43.300000 22.647968 -3.893446 91.531041 0.035621 -0.559637 0.007148 0.827941
43.400000 22.358250 -3.933331 91.639718 0.035560 -0.578181 0.006985 0.815103
43.500000 22.080050 -3.934297 91.708435 0.037348 -0.594416 0.005637 0.803270
43.600000 21.828851 -3.974682 91.750671 0.036805 -0.608468 0.005955 0.792702
43.700000 21.515491 -4.054448 91.830979 0.036233 -0.620515 0.006871 0.783327
43.800000 21.205608 -4.077829 91.902901 0.037628 -0.630575 0.006644 0.775187
43.900000 21.143160 -4.081861 91.894247 0.038268 -0.639270 0.006378 0.768003
44.000000 20.619467 -4.164901 92.029066 0.039042 -0.646972 0.005282 0.761495
44.100000 20.324501 -4.191072 92.082338 0.040638 -0.652748 0.003701 0.756475
44.200000 19.940249 -4.219554 92.158490 0.043053 -0.656607 0.002396 0.752999
44.300000 19.615022 -4.263038 92.213120 0.042900 -0.659194 0.003180 0.750742
44.400000 19.272066 -4.327086 92.280481 0.041866 -0.660957 0.003668 0.749246
44.500000 18.928847 -4.348756 92.340016 0.041677 -0.661936 0.003814 0.748391
44.600000 18.596669 -4.400309 92.401707 0.041375 -0.662564 0.003323 0.747854
44.700000 18.244838 -4.441361 92.470179 0.040114 -0.663073 0.003909 0.747469
44.800000 17.848523 -4.458727 92.573392 0.040738 -0.663660 0.003768 0.746914
44.900000 17.473348 -4.524039 92.647067 0.039821 -0.664146 0.005175 0.746523
45.000000 17.122954 -4.578477 92.726152 0.038639 -0.664959 0.007659 0.745841
45.100000 16.720540 -4.618941 92.823086 0.038444 -0.665409 0.008620 0.745438
45.200000 16.364745 -4.684739 92.900445 0.037391 -0.666179 0.009050 0.744799
45.300000 15.983295 -4.709459 92.974534 0.037602 -0.666521 0.009045 0.744483
45.400000 15.587424 -4.739753 93.077518 0.036363 -0.667399 0.010086 0.743744
45.500000 15.205352 -4.772547 93.146799 0.034636 -0.667708 0.011840 0.743523
45.600000 14.831131 -4.788106 93.228586 0.035007 -0.668159 0.011576 0.743104
45.700000 14.449566 -4.810619 93.312870 0.034671 -0.669048 0.012241 0.742309
45.800000 14.027460 -4.914252 93.369222 0.028736 -0.669561 0.013553 0.742078
45.900000 13.621401 -4.960957 93.444302 0.026609 -0.670251 0.011481 0.741569
46.000000 13.213878 -4.931191 93.558475 0.027203 -0.671842 0.010687 0.740118
46.100000 12.835686 -4.937714 93.649203 0.027260 -0.673484 0.011421 0.738611
46.200000 12.420554 -5.013482 93.720254 0.026515 -0.674907 0.011748 0.737333
46.300000 12.029649 -5.046987 93.785994 0.026860 -0.676684 0.014772 0.735635
46.400000 11.620462 -5.132588 93.849321 0.023614 -0.678688 0.015664 0.733880
46.500000 11.223405 -5.155166 93.911017 0.021410 -0.680652 0.014780 0.732145
46.600000 10.823066 -5.192304 93.975563 0.017035 -0.683439 0.014896 0.729657
46.700000 10.454105 -5.199026 94.003350 0.016746 -0.684843 0.012875 0.728385
46.800000 10.071097 -5.236007 94.072789 0.013441 -0.687578 0.015561 0.725819
46.900000 9.704054 -5.254506 94.114794 0.015248 -0.689430 0.015294 0.724030
47.000000 9.349221 -5.270128 94.149407 0.016019 -0.691475 0.016739 0.722029
47.100000 8.973079 -5.294936 94.179358 0.016766 -0.692708 0.017268 0.720817
47.200000 8.636681 -5.270651 94.207254 0.021737 -0.694471 0.016595 0.719001
47.300000 8.304962 -5.285873 94.233548 0.023932 -0.695747 0.015996 0.717710
47.400000 7.914041 -5.284537 94.266560 0.029951 -0.696815 0.014492 0.716479
47.500000 7.630381 -5.326584 94.249007 0.029619 -0.696852 0.015310 0.716440
47.600000 7.453559 -5.303844 94.222794 0.031088 -0.695262 0.016548 0.717893
47.700000 7.364879 -5.378839 94.363415 0.031173 -0.698267 0.013330 0.715034
47.800000 7.106612 -5.377663 94.340063 0.031007 -0.696988 0.014811 0.716259
47.900000 7.058525 -5.410504 94.204589 0.032391 -0.691468 0.011013 0.721596
48.000000 6.526201 -5.414174 94.350852 0.030444 -0.696140 0.014835 0.717107
48.100000 6.266066 -5.442965 94.354691 0.028136 -0.695638 0.015817 0.717667
48.200000 6.002326 -5.447171 94.388487 0.024182 -0.696407 0.020396 0.716949
48.300000 5.765568 -5.462723 94.400197 0.025775 -0.695865 0.020607 0.717414
48.400000 5.552773 -5.475896 94.401364 0.025753 -0.695299 0.021123 0.717948
48.500000 5.276102 -5.489287 94.421816 0.025196 -0.695437 0.022243 0.717801
48.600000 5.028868 -5.503635 94.440831 0.022292 -0.696373 0.022996 0.716965
48.700000 4.784312 -5.522531 94.457528 0.021752 -0.696978 0.020639 0.716465
48.800000 4.529419 -5.543660 94.463092 0.021091 -0.697798 0.019353 0.715723
48.900000 4.291408 -5.562013 94.472122 0.021838 -0.699069 0.019602 0.714452
49.000000 4.068837 -5.572910 94.495968 0.021791 -0.701197 0.021812 0.712301
49.100000 3.928899 -5.641785 94.320409 0.024659 -0.696014 0.019012 0.717352
49.200000 3.738750 -5.650438 94.333237 0.023884 -0.698060 0.020621 0.715344
49.300000 3.605551 -5.677218 94.282501 0.025134 -0.697687 0.018576 0.715720
49.400000 3.412008 -5.714474 94.255087 0.023279 -0.698644 0.018134 0.714860
49.500000 3.233453 -5.710765 94.234533 0.025467 -0.699119 0.016346 0.714365
49.600000 3.072047 -5.776571 94.188679 0.022760 -0.698897 0.012725 0.714747
49.700000 2.894044 -5.804692 94.163017 0.022864 -0.699351 0.010048 0.714342
49.800000 2.749344 -5.831863 94.177937 0.023308 -0.701135 0.007813 0.712605
49.900000 2.539809 -5.848661 94.120963 0.025188 -0.699369 0.006462 0.714288
50.000000 2.382024 -5.868728 94.104869 0.026875 -0.699141 0.004254 0.714466
50.100000 2.215604 -5.891629 94.074883 0.026713 -0.698079 0.002717 0.715517
50.200000 2.046744 -5.890454 94.053943 0.027662 -0.697382 0.002440 0.716161
50.300000 1.856334 -5.888095 94.048795 0.029936 -0.696729 0.001491 0.716708
50.400000 1.711617 -5.932472 94.005133 0.028873 -0.694530 -0.000887 0.718884
50.500000 1.554795 -5.962210 93.993295 0.028406 -0.693826 -0.002597 0.719577
50.600000 1.394254 -5.917868 94.018108 0.031844 -0.693800 -0.001690 0.719461
50.700000 1.208803 -5.973124 93.918804 0.027371 -0.687877 -0.001120 0.725310
50.800000 1.076263 -6.018494 93.895389 0.025144 -0.685510 -0.003442 0.727621
50.900000 0.886136 -6.018908 93.843697 0.025869 -0.680845 -0.000654 0.731970
51.000000 0.782733 -6.064754 93.856024 0.024373 -0.680820 -0.004158 0.732033
51.100000 0.651921 -6.109855 93.846415 0.020199 -0.679055 -0.001629 0.733807
51.200000 0.517336 -6.135797 93.821919 0.018499 -0.676257 -0.001587 0.736431
51.300000 0.385307 -6.141207 93.809485 0.017981 -0.673803 -0.001224 0.738691
51.400000 0.264319 -6.077964 93.948128 0.023698 -0.678249 -0.001484 0.734448
51.500000 0.153962 -6.119134 93.981275 0.021395 -0.677896 -0.002679 0.734841
51.600000 0.045188 -6.113924 94.026108 0.022141 -0.677892 -0.001515 0.734826
51.700000 -0.074419 -6.128863 94.062810 0.020926 -0.677449 -0.001438 0.735270
51.800000 -0.170298 -6.138135 94.091927 0.020287 -0.676752 -0.001811 0.735930
51.900000 -0.263687 -6.157542 94.094249 0.018144 -0.675135 -0.001675 0.737469
52.000000 -0.372682 -6.101666 94.153702 0.023237 -0.675972 -0.000878 0.736560
52.100000 -0.470157 -6.111107 94.188880 0.022251 -0.675627 -0.000863 0.736907
52.200000 -0.561117 -6.104463 94.217125 0.022550 -0.674793 -0.000747 0.737662
52.300000 -0.642058 -6.103355 94.244976 0.023216 -0.673707 -0.000807 0.738633
52.400000 -0.721173 -6.158447 94.224448 0.018215 -0.669739 -0.003232 0.742366
52.500000 -0.802084 -6.148945 94.266563 0.018671 -0.669393 -0.001529 0.742672
52.600000 -0.879564 -6.163684 94.311561 0.018055 -0.669229 -0.001033 0.742836
52.700000 -0.949999 -6.139683 94.315442 0.020488 -0.666634 0.000749 0.745103
52.800000 -1.003185 -6.148641 94.345859 0.019825 -0.666595 0.001763 0.745154
52.900000 -1.074345 -6.150954 94.366224 0.020212 -0.664843 0.001276 0.746709
53.000000 -1.135230 -6.151034 94.388095 0.020047 -0.663815 0.001301 0.747627
53.100000 -1.137372 -6.145876 94.348119 0.021525 -0.660223 -0.000809 0.750761
53.200000 -1.240595 -6.185669 94.431217 0.018045 -0.662265 0.001088 0.749052
53.300000 -1.223979 -6.144131 94.362779 0.023425 -0.657654 0.003597 0.752947
53.400000 -1.270425 -6.137875 94.380391 0.025441 -0.657123 0.005798 0.753332
53.500000 -1.300026 -6.183103 94.448866 0.020776 -0.661204 0.004331 0.749906
53.600000 -1.339985 -6.143756 94.429625 0.023679 -0.658587 0.006381 0.752105
53.700000 -1.349638 -6.153071 94.456549 0.023210 -0.660354 0.006180 0.750570
53.800000 -1.360419 -6.164780 94.455021 0.023114 -0.659539 0.006406 0.751288
53.900000 -1.375240 -6.162955 94.457350 0.023913 -0.659200 0.007748 0.751547
54.000000 -1.383182 -6.167375 94.458814 0.023617 -0.659270 0.007725 0.751496
54.100000 -1.394832 -6.163978 94.464697 0.024182 -0.659576 0.007424 0.751212
54.200000 -1.398639 -6.167401 94.467582 0.023681 -0.659646 0.007680 0.751164
54.300000 -1.400447 -6.169466 94.468417 0.023498 -0.659699 0.007605 0.751124
54.400000 -1.400964 -6.164575 94.465007 0.024286 -0.659346 0.007886 0.751406
54.500000 -1.400725 -6.164051 94.466334 0.024310 -0.659453 0.008017 0.751310
54.600000 -1.400565 -6.170418 94.469244 0.024178 -0.659825 0.008084 0.750986
54.700000 -1.402094 -6.162820 94.465379 0.026024 -0.659438 0.008820 0.751257
54.800000 -1.399809 -6.165974 94.466567 0.025780 -0.659560 0.008905 0.751157
54.900000 -1.400180 -6.163565 94.465612 0.025823 -0.659457 0.008164 0.751254
55.000000 -1.403312 -6.164659 94.465313 0.025506 -0.659392 0.009099 0.751312
55.100000 -1.400872 -6.164516 94.466924 0.025823 -0.659567 0.009207 0.751146
55.200000 -1.404027 -6.161630 94.456379 0.026107 -0.658735 0.009654 0.751860
55.300000 -1.403362 -6.162861 94.467118 0.026165 -0.659559 0.009679 0.751135
55.400000 -1.406914 -6.169913 94.468723 0.025398 -0.659756 0.009139 0.750995
55.500000 -1.410616 -6.162202 94.470791 0.026263 -0.659666 0.009846 0.751036
55.600000 -1.412134 -6.167489 94.473790 0.025934 -0.659819 0.009205 0.750921
55.700000 -1.418125 -6.172516 94.472502 0.025279 -0.659826 0.009388 0.750934
55.800000 -1.426039 -6.168245 94.482444 0.026224 -0.660374 0.009964 0.750413
55.900000 -1.432384 -6.163722 94.475249 0.027635 -0.659461 0.010741 0.751154
56.000000 -1.443991 -6.171249 94.480349 0.027972 -0.659556 0.011219 0.751051
56.100000 -1.461137 -6.174234 94.488432 0.028196 -0.659571 0.012125 0.751016
56.200000 -1.478449 -6.163521 94.488793 0.030105 -0.658246 0.013190 0.752085
56.300000 -1.500918 -6.177059 94.499520 0.029001 -0.657597 0.012805 0.752703
56.400000 -1.524416 -6.173702 94.505511 0.030042 -0.655417 0.013928 0.754541
56.500000 -1.557201 -6.173399 94.521428 0.030870 -0.653205 0.014475 0.756413
56.600000 -1.588216 -6.176363 94.534237 0.030799 -0.650050 0.014656 0.759125
56.700000 -1.613687 -6.168505 94.542834 0.032350 -0.646321 0.014083 0.762249
56.800000 -1.669630 -6.202883 94.543380 0.029887 -0.639408 0.012665 0.768182
56.900000 -1.686776 -6.181988 94.576950 0.031623 -0.636091 0.014174 0.770836
57.000000 -1.740896 -6.177001 94.588612 0.030935 -0.627504 0.012497 0.777898
57.100000 -1.771375 -6.182986 94.602013 0.028393 -0.619178 0.013465 0.784621
57.200000 -1.824438 -6.183181 94.634554 0.028162 -0.611453 0.013508 0.790664
57.300000 -1.814154 -6.240683 94.674433 0.021679 -0.605663 0.008939 0.795376
57.400000 -1.860345 -6.214147 94.687341 0.023607 -0.592951 0.013111 0.804785
57.500000 -1.905594 -6.216845 94.716983 0.021461 -0.580110 0.015897 0.814100
57.600000 -1.942834 -6.217580 94.736126 0.019135 -0.565026 0.017679 0.824662
57.700000 -1.985779 -6.224188 94.773003 0.015559 -0.548912 0.017990 0.835542
57.800000 -2.054181 -6.251970 94.755662 0.010289 -0.523689 0.013266 0.851744
57.900000 -2.121783 -6.254470 94.804044 0.010358 -0.502976 0.010993 0.864168
58.000000 -2.174908 -6.257929 94.841281 0.009922 -0.480020 0.009703 0.877148
58.100000 -2.229241 -6.264629 94.887222 0.007754 -0.456028 0.008828 0.889888
58.200000 -2.272742 -6.264000 94.940877 0.005923 -0.431843 0.010948 0.901863
58.300000 -2.326572 -6.270521 94.994525 0.004496 -0.404466 0.012699 0.914454
58.400000 -2.374466 -6.271228 95.058928 0.005824 -0.376896 0.014091 0.926130
58.500000 -2.425693 -6.271517 95.124378 0.007850 -0.346880 0.015937 0.937741
58.600000 -2.458943 -6.281083 95.178271 0.008424 -0.315964 0.015091 0.948614
58.700000 -2.491998 -6.282540 95.248747 0.008916 -0.284501 0.014400 0.958526
58.800000 -2.526239 -6.288775 95.326459 0.006676 -0.253066 0.014409 0.967319
58.900000 -2.551779 -6.294803 95.411404 0.004557 -0.222926 0.015622 0.974700
59.000000 -2.587615 -6.291552 95.513114 0.003757 -0.192696 0.018122 0.981084
59.100000 -2.616625 -6.290991 95.614647 0.002826 -0.163800 0.021334 0.986259
59.200000 -2.663374 -6.291234 95.772008 0.003340 -0.136103 0.022999 0.990422
59.300000 -2.680947 -6.293944 95.851202 0.004949 -0.110440 0.021428 0.993639
59.400000 -2.664464 -6.291845 95.886748 0.005074 -0.087844 0.024073 0.995830
59.500000 -2.672230 -6.294627 95.984117 0.004372 -0.066369 0.023135 0.997517
59.600000 -2.683273 -6.295649 96.072621 0.003569 -0.047221 0.021621 0.998644
59.700000 -2.694028 -6.293880 96.161440 0.002671 -0.030598 0.023409 0.999254
59.800000 -2.717784 -6.293168 96.352745 0.002186 -0.016601 0.024245 0.999566
59.900000 -2.723915 -6.291665 96.447577 0.002168 -0.005698 0.025533 0.999655
60.000000 -2.729737 -6.290596 96.551068 0.001691 0.003151 0.028185 0.999596
60.100000 -2.731254 -6.287528 96.684235 0.001476 0.008948 0.028978 0.999539
60.200000 -2.762596 -6.292428 96.850923 0.002060 0.015340 0.028759 0.999467
60.300000 -2.724538 -6.319503 96.910759 0.000972 0.018472 0.024720 0.999523
60.400000 -2.773021 -6.298543 96.908045 0.005755 0.028960 0.009208 0.999522
60.500000 -2.749976 -6.303039 96.974731 0.005372 0.030122 0.011718 0.999463
60.600000 -2.747794 -6.302808 97.073140 0.004846 0.031985 0.015845 0.999351
60.700000 -2.755905 -6.304576 97.185023 0.004941 0.034712 0.012313 0.999309
60.800000 -2.746295 -6.301090 97.261453 0.003789 0.035976 0.014174 0.999245
60.900000 -2.743638 -6.308528 97.352629 0.001310 0.037638 0.016191 0.999159
61.000000 -2.735214 -6.310864 97.469020 0.001602 0.036785 0.015543 0.999201
61.100000 -2.725129 -6.318233 97.556469 0.001330 0.036149 0.014017 0.999247
61.200000 -2.719685 -6.322472 97.662323 0.003217 0.035674 0.011753 0.999289
61.300000 -2.736205 -6.312177 97.831430 0.007800 0.036537 0.010255 0.999249
61.400000 -2.710923 -6.328167 97.867539 0.008333 0.036910 0.006917 0.999260
61.500000 -2.743956 -6.327020 98.033391 0.010076 0.040007 -0.000192 0.999149
61.600000 -2.682333 -6.331099 98.555470 0.005084 0.035686 0.008559 0.999313
61.700000 -2.659853 -6.335930 98.750119 -0.000231 0.035425 0.010363 0.999319
61.800000 -2.642323 -6.342898 98.947762 -0.002352 0.035468 0.007449 0.999340
61.900000 -2.613935 -6.343967 99.143852 -0.001238 0.034481 0.011594 0.999337
62.000000 -2.609003 -6.340033 99.375247 0.002415 0.034179 0.013838 0.999317
62.100000 -2.575635 -6.358528 99.560605 0.006006 0.032807 0.010687 0.999387
62.200000 -2.558745 -6.359972 99.778975 0.008194 0.032261 0.010410 0.999392
62.300000 -2.534855 -6.367554 99.987274 0.008572 0.031323 0.010265 0.999420
62.400000 -2.529895 -6.366427 100.243750 0.007619 0.031181 0.010711 0.999427
62.500000 -2.452879 -6.401230 100.375337 0.003657 0.029089 0.005685 0.999554
62.600000 -2.445832 -6.399322 100.608115 0.000166 0.029506 0.005465 0.999550
62.700000 -2.396287 -6.425677 100.886953 -0.002362 0.027929 0.006244 0.999588
62.800000 -2.363035 -6.422013 101.160190 -0.000890 0.027120 0.005669 0.999616
62.900000 -2.334996 -6.414760 101.413197 0.001299 0.026264 0.007537 0.999626
63.000000 -2.303400 -6.425837 101.692337 0.003297 0.025061 0.007090 0.999655
63.100000 -2.284802 -6.451416 101.958920 0.003492 0.024437 0.005024 0.999683
63.200000 -2.245687 -6.449849 102.214532 0.003428 0.022763 0.005960 0.999717
63.300000 -2.201586 -6.446621 102.452520 0.002066 0.020923 0.007321 0.999752
63.400000 -2.166056 -6.461553 102.715564 0.000174 0.018730 0.005888 0.999807
63.500000 -2.173596 -6.458904 102.986963 0.001132 0.018560 0.007244 0.999801
63.600000 -2.149620 -6.466692 103.216646 0.003702 0.017141 0.008970 0.999806
63.700000 -2.143475 -6.457974 103.525441 0.006662 0.016032 0.008239 0.999815
63.800000 -2.134342 -6.465260 103.787938 0.006944 0.015169 0.008073 0.999828
63.900000 -2.117186 -6.471644 104.044615 0.006305 0.013954 0.007462 0.999855
64.000000 -2.102760 -6.475571 104.292558 0.004470 0.013065 0.006954 0.999880
64.100000 -2.120713 -6.480327 104.594057 0.001781 0.013019 0.006225 0.999894
64.200000 -2.121114 -6.483614 104.864658 0.000115 0.012401 0.005362 0.999909
64.300000 -2.118245 -6.486399 105.129235 -0.000208 0.011928 0.004328 0.999919
64.400000 -2.112246 -6.478970 105.395701 0.000690 0.011504 0.005838 0.999917
64.500000 -2.112657 -6.490562 105.657427 0.001456 0.011985 0.005380 0.999913
64.600000 -2.146616 -6.499692 105.938147 0.003192 0.013388 0.003862 0.999898
64.700000 -2.115092 -6.504003 106.182142 0.005556 0.011811 0.001965 0.999913
64.800000 -2.118940 -6.506506 106.431988 0.006102 0.012186 0.003331 0.999902
64.900000 -2.073923 -6.520140 106.645475 0.004976 0.010119 0.002369 0.999934
65.000000 -2.089035 -6.525854 106.872992 0.003195 0.011771 0.001783 0.999924
65.100000 -2.088874 -6.535200 107.111062 0.002590 0.012264 -0.000665 0.999921
65.200000 -2.072580 -6.533014 107.341948 0.002338 0.011983 -0.001319 0.999925
65.300000 -2.090225 -6.535298 107.598738 0.000592 0.012725 -0.001522 0.999918
65.400000 -2.082483 -6.539654 107.838996 -0.002166 0.012865 -0.002241 0.999912
65.500000 -2.091357 -6.533134 108.075119 -0.002090 0.013518 -0.001680 0.999905
65.600000 -2.093564 -6.528135 108.335406 0.000912 0.013129 -0.002319 0.999911
65.700000 -2.097959 -6.532395 108.566173 0.003222 0.013439 -0.003535 0.999898
65.800000 -2.106727 -6.534374 108.822915 0.004107 0.013910 -0.003780 0.999888
65.900000 -2.095994 -6.539923 109.049821 0.004442 0.013864 -0.005243 0.999880
66.000000 -2.099344 -6.539242 109.289595 0.005318 0.014156 -0.006241 0.999866
66.100000 -2.111555 -6.541374 109.538675 0.004699 0.014643 -0.005872 0.999864
66.200000 -2.101406 -6.539420 109.768825 0.003354 0.014058 -0.004564 0.999885
66.300000 -2.110038 -6.542197 110.004906 0.002803 0.014506 -0.004782 0.999879
66.400000 -2.122184 -6.534318 110.281754 0.002221 0.014318 -0.001277 0.999894
66.500000 -2.134557 -6.531625 110.528992 0.002830 0.014952 -0.001093 0.999884
66.600000 -2.138698 -6.555369 110.778234 0.001577 0.015244 -0.001110 0.999882
66.700000 -2.145411 -6.535822 111.034488 0.001314 0.016227 0.002520 0.999864
66.800000 -2.167323 -6.535883 111.296002 0.001914 0.017395 0.001420 0.999846
66.900000 -2.168101 -6.548176 111.524570 0.001118 0.018005 0.000468 0.999837
67.000000 -2.210640 -6.535345 111.800149 0.001754 0.020430 -0.000972 0.999789
67.100000 -2.218322 -6.530274 112.019712 0.002313 0.020888 0.003210 0.999774
67.200000 -2.225172 -6.531484 112.248117 0.004971 0.021503 0.000702 0.999756
67.300000 -2.224398 -6.564572 112.487559 0.005253 0.021800 0.001118 0.999748
67.400000 -2.222428 -6.553607 112.710573 0.004652 0.021741 0.002220 0.999750
67.500000 -2.219764 -6.559407 112.909080 0.001528 0.021836 0.003447 0.999754
67.600000 -2.221670 -6.572565 113.125797 -0.000056 0.022992 0.000661 0.999735
67.700000 -2.217076 -6.574851 113.351602 -0.001154 0.023117 0.002385 0.999729
67.800000 -2.218131 -6.576568 113.560453 -0.001944 0.023440 0.002089 0.999721
67.900000 -2.203411 -6.575198 113.745266 -0.001804 0.023336 0.004316 0.999717
68.000000 -2.201976 -6.575840 113.952408 -0.000707 0.023445 0.004806 0.999713
68.100000 -2.186211 -6.577341 114.139831 0.000958 0.022573 0.005007 0.999732
68.200000 -2.179257 -6.565061 114.366016 0.002970 0.021942 0.007070 0.999730
68.300000 -2.180586 -6.569526 114.568456 0.002221 0.022088 0.008707 0.999716
68.400000 -2.172527 -6.571245 114.790418 0.001310 0.021181 0.010107 0.999724
68.500000 -2.163763 -6.574287 115.001629 -0.000431 0.020154 0.011917 0.999726
68.600000 -2.148502 -6.572421 115.188802 -0.000619 0.019360 0.012957 0.999728
68.700000 -2.152284 -6.568619 115.413287 0.000852 0.018824 0.017294 0.999673
68.800000 -2.159553 -6.560412 115.629346 0.003396 0.018728 0.021174 0.999595
68.900000 -2.167404 -6.570757 115.839983 0.003823 0.018935 0.020564 0.999602
69.000000 -2.164708 -6.566036 116.029475 0.003597 0.018424 0.023298 0.999552
69.100000 -2.167327 -6.541552 116.229496 0.003989 0.017372 0.027011 0.999476
69.200000 -2.177448 -6.543961 116.421268 0.002808 0.017311 0.028505 0.999440
69.300000 -2.188533 -6.559648 116.595297 0.001195 0.017529 0.027967 0.999454
69.400000 -2.187005 -6.539388 116.789407 0.001417 0.015985 0.033149 0.999322
69.500000 -2.190890 -6.544687 116.951732 0.001853 0.015792 0.033826 0.999301
69.600000 -2.197533 -6.543731 117.124767 0.003000 0.015504 0.035545 0.999243
69.700000 -2.222856 -6.527833 117.330156 0.004742 0.015372 0.037850 0.999154
69.800000 -2.238543 -6.531022 117.493756 0.005254 0.015937 0.037630 0.999151
69.900000 -2.239433 -6.531521 117.674263 0.005327 0.014917 0.038958 0.999115
70.000000 -2.254914 -6.533269 117.845093 0.005131 0.015139 0.039560 0.999089
70.100000 -2.260552 -6.536573 118.001475 0.004442 0.015059 0.039066 0.999113
70.200000 -2.274178 -6.538652 118.159292 0.005010 0.015365 0.038718 0.999119
70.300000 -2.297990 -6.527644 118.341795 0.006997 0.016370 0.040490 0.999021
70.400000 -2.296561 -6.536152 118.474660 0.007603 0.016546 0.040529 0.999012
70.500000 -2.310090 -6.539319 118.633912 0.007432 0.017700 0.041169 0.998968
70.600000 -2.324590 -6.536337 118.785444 0.007642 0.019128 0.042377 0.998889
70.700000 -2.344282 -6.545978 118.933811 0.006573 0.021091 0.042861 0.998837
70.800000 -2.338241 -6.550165 119.064737 0.005689 0.021357 0.045328 0.998728
70.900000 -2.350851 -6.545779 119.197553 0.005986 0.022858 0.046294 0.998648
71.000000 -2.359082 -6.541082 119.324119 0.005582 0.024352 0.049482 0.998463
71.100000 -2.362870 -6.546530 119.456640 0.004292 0.024697 0.050791 0.998395
71.200000 -2.379439 -6.550261 119.550193 0.003964 0.028216 0.047813 0.998450
71.300000 -2.372441 -6.541107 119.640524 0.004303 0.028458 0.049785 0.998345
71.400000 -2.369121 -6.553763 119.740783 0.005575 0.029111 0.048964 0.998361
71.500000 -2.374748 -6.551336 119.838588 0.008618 0.030331 0.049709 0.998266
71.600000 -2.375682 -6.556458 119.937973 0.009906 0.031314 0.049416 0.998238
71.700000 -2.386603 -6.560961 120.025725 0.009583 0.033099 0.048296 0.998239
71.800000 -2.403729 -6.548264 120.136721 0.009398 0.034241 0.050392 0.998098
71.900000 -2.378184 -6.565233 120.203702 0.006897 0.032079 0.048608 0.998279
72.000000 -2.380438 -6.559133 120.285723 0.006958 0.031277 0.049767 0.998247
72.100000 -2.384869 -6.560606 120.363395 0.008550 0.029867 0.049234 0.998304
72.200000 -2.390063 -6.558260 120.442500 0.011189 0.027383 0.047707 0.998423
72.300000 -2.375341 -6.556986 120.477934 0.011647 0.022101 0.051478 0.998362
72.400000 -2.367641 -6.558309 120.522735 0.011853 0.015552 0.052724 0.998418
72.500000 -2.400871 -6.560465 120.659137 0.014933 0.008903 0.046791 0.998753
72.600000 -2.392955 -6.559926 120.668733 0.014374 0.000260 0.051188 0.998586
72.700000 -2.406824 -6.556969 120.752979 0.016259 -0.010811 0.048719 0.998622
72.800000 -2.408163 -6.561510 120.806968 0.015268 -0.024210 0.047433 0.998464
72.900000 -2.416624 -6.562766 120.863055 0.014501 -0.039261 0.047676 0.997986
73.000000 -2.422610 -6.564977 120.912238 0.014291 -0.056838 0.048751 0.997090
73.100000 -2.436286 -6.563982 120.958443 0.015500 -0.076300 0.048434 0.995787
73.200000 -2.449647 -6.565106 121.012928 0.016003 -0.098118 0.047384 0.993917
73.300000 -2.439277 -6.569152 121.037010 0.015052 -0.122735 0.043834 0.991357
73.400000 -2.451736 -6.571849 121.079040 0.014107 -0.146564 0.041953 0.988210
73.500000 -2.467845 -6.575484 121.122347 0.012936 -0.171117 0.040924 0.984315
73.600000 -2.516754 -6.575953 121.183206 0.012743 -0.194166 0.040768 0.980038
73.700000 -2.549415 -6.580336 121.231825 0.013069 -0.220072 0.037202 0.974686
73.800000 -2.510754 -6.584662 121.220259 0.011517 -0.253287 0.030630 0.966837
73.900000 -2.530872 -6.583910 121.256118 0.010442 -0.282940 0.029472 0.958628
74.000000 -2.581393 -6.590630 121.301986 0.008527 -0.309842 0.028955 0.950309
74.100000 -2.613786 -6.591128 121.339249 0.008135 -0.339325 0.031685 0.940100
74.200000 -2.653296 -6.599608 121.389712 0.005024 -0.371291 0.033060 0.927914
74.300000 -2.698293 -6.597261 121.433223 0.005435 -0.401952 0.034387 0.914999
74.400000 -2.742982 -6.600927 121.474469 0.005501 -0.433659 0.036945 0.900303
74.500000 -2.783529 -6.614919 121.509380 0.003544 -0.465889 0.038226 0.884010
74.600000 -2.833905 -6.614898 121.543732 0.007607 -0.497306 0.038491 0.866687
74.700000 -2.887044 -6.616198 121.558299 0.011582 -0.525307 0.037379 0.850013
74.800000 -2.937560 -6.615985 121.547691 0.015359 -0.549144 0.037256 0.834755
74.900000 -2.989113 -6.629235 121.585156 0.010993 -0.581454 0.042764 0.812380
75.000000 -3.046173 -6.631792 121.596953 0.010495 -0.607626 0.040753 0.793108
75.100000 -3.108559 -6.635911 121.607858 0.010866 -0.631583 0.034649 0.774457
75.200000 -3.178839 -6.645508 121.615240 0.010798 -0.653228 0.030201 0.756482
75.300000 -3.981893 -6.687808 121.689834 0.016608 -0.669858 0.022538 0.741962
75.400000 -4.220167 -6.711569 121.688110 0.018129 -0.684489 0.018692 0.728558
75.500000 -4.980444 -6.740461 121.678771 0.017697 -0.694888 0.015546 0.718732
75.600000 -5.495957 -6.763423 121.662707 0.016655 -0.702430 0.012406 0.711450
75.700000 -6.008652 -6.796562 121.654514 0.016350 -0.708292 0.011316 0.705639
75.800000 -6.540697 -6.840096 121.668595 0.019556 -0.711899 0.011447 0.701916
75.900000 -6.974412 -6.865586 121.624756 0.024547 -0.713443 0.014528 0.700133
76.000000 -7.569767 -6.899873 121.657262 0.029324 -0.714558 0.018405 0.698719
76.100000 -8.040441 -6.924902 121.648726 0.030157 -0.714535 0.021128 0.698630
76.200000 -8.572283 -6.954928 121.600597 0.028327 -0.713533 0.020627 0.699745
76.300000 -9.102088 -6.980493 121.585051 0.025918 -0.713279 0.020024 0.700115
76.400000 -9.631709 -7.019411 121.549035 0.025470 -0.712688 0.018971 0.700762
76.500000 -10.192041 -7.056829 121.523466 0.026289 -0.712121 0.018671 0.701316
76.600000 -10.740119 -7.083172 121.495719 0.028052 -0.711380 0.017836 0.702021
76.700000 -11.304028 -7.115452 121.450939 0.030094 -0.709693 0.017319 0.703655
76.800000 -11.781589 -7.123367 121.425821 0.031973 -0.707748 0.017419 0.705526
76.900000 -12.360620 -7.205264 121.411170 0.032887 -0.705864 0.014951 0.707425
77.000000 -12.918196 -7.233027 121.417442 0.032282 -0.704262 0.013896 0.709070
77.100000 -13.453388 -7.263934 121.429833 0.032311 -0.702860 0.011455 0.710502
77.200000 -13.998558 -7.296486 121.440941 0.032408 -0.701478 0.010397 0.711878
77.300000 -14.574163 -7.324905 121.446111 0.033673 -0.700175 0.011058 0.713091
77.400000 -15.146983 -7.367878 121.457092 0.033781 -0.699025 0.012686 0.714186
77.500000 -15.751823 -7.397272 121.469085 0.033406 -0.697629 0.013460 0.715554
77.600000 -16.351297 -7.440937 121.468761 0.031745 -0.696144 0.011988 0.717100
77.700000 -16.956796 -7.479768 121.487113 0.029593 -0.694984 0.010655 0.718337
77.800000 -17.523279 -7.512772 121.496350 0.027086 -0.694111 0.010078 0.719288
77.900000 -18.043842 -7.541053 121.486775 0.025671 -0.692748 0.010862 0.720640
78.000000 -18.503885 -7.568211 121.460225 0.026026 -0.691287 0.011826 0.722015
78.100000 -18.485724 -7.622768 121.493971 0.027745 -0.691205 0.011025 0.722042
78.200000 -18.675543 -7.654658 121.512535 0.028760 -0.690957 0.011851 0.722226
78.300000 -18.803188 -7.650234 121.503550 0.028157 -0.690669 0.012953 0.722506
78.400000 -19.067897 -7.687635 121.519155 0.027251 -0.690839 0.012518 0.722387
78.500000 -19.141264 -7.669844 121.518736 0.027657 -0.691197 0.012113 0.722035
78.600000 -19.514009 -7.729290 121.491257 0.026604 -0.691106 0.012133 0.722162
78.700000 -19.606822 -7.750875 121.510554 0.024647 -0.692239 0.012906 0.721131
78.800000 -19.869507 -7.762437 121.487954 0.025446 -0.691999 0.011623 0.721356
78.900000 -19.922924 -7.787629 121.516850 0.026499 -0.692692 0.009156 0.720688
79.000000 -20.058901 -7.758897 121.542292 0.024835 -0.693722 0.011599 0.719721
79.100000 -20.191881 -7.766014 121.549404 0.026501 -0.694111 0.010687 0.719301
79.200000 -20.333200 -7.792933 121.571060 0.027311 -0.695192 0.010706 0.718225
79.300000 -20.640430 -7.804855 121.517894 0.026570 -0.694656 0.012954 0.718734
79.400000 -20.828338 -7.820309 121.510252 0.024184 -0.696057 0.013818 0.717446
79.500000 -21.020473 -7.843026 121.493205 0.021621 -0.696976 0.013160 0.716648
79.600000 -21.097860 -7.810889 121.523108 0.022843 -0.699461 0.012388 0.714199
79.700000 -21.270654 -7.827519 121.544772 0.026208 -0.700875 0.009323 0.712741
79.800000 -21.423288 -7.845419 121.545129 0.028579 -0.701515 0.007371 0.712043
79.900000 -21.660693 -7.877668 121.517490 0.027934 -0.701848 0.010825 0.711696
80.000000 -21.723171 -7.870226 121.543413 0.028863 -0.703403 0.012225 0.710100
80.100000 -21.807758 -7.905659 121.455643 0.027513 -0.700051 0.010305 0.713489
80.200000 -21.976161 -7.896370 121.459135 0.025575 -0.700808 0.012984 0.712773
80.300000 -22.097915 -7.917941 121.472757 0.025137 -0.700840 0.010474 0.712799
80.400000 -22.239589 -7.936587 121.471507 0.025869 -0.700147 0.012132 0.713427
80.500000 -22.382865 -7.921177 121.479791 0.027596 -0.699522 0.013834 0.713944
80.600000 -22.496856 -7.949055 121.466026 0.027766 -0.697908 0.011692 0.715554
80.700000 -22.658774 -7.964807 121.437481 0.025808 -0.695101 0.011797 0.718352
80.800000 -22.794015 -7.989730 121.463432 0.024458 -0.694444 0.010937 0.719048
80.900000 -22.986730 -8.013817 121.425582 0.022426 -0.691217 0.012446 0.722192
81.000000 -23.125437 -8.038182 121.422586 0.020031 -0.689183 0.013187 0.724191
81.100000 -23.266230 -8.044695 121.403141 0.020086 -0.686436 0.013113 0.726794
81.200000 -23.405961 -8.049436 121.418785 0.019358 -0.684857 0.015519 0.728255
81.300000 -23.546551 -8.108060 121.394273 0.014473 -0.682100 0.019010 0.730869
81.400000 -23.670268 -8.108054 121.375954 0.014406 -0.679213 0.021480 0.733485
81.500000 -23.809193 -8.158382 121.375807 0.012799 -0.677141 0.020202 0.735465
81.600000 -23.938798 -8.159245 121.380219 0.012416 -0.675097 0.020740 0.737333
81.700000 -24.082157 -8.176045 121.374689 0.011233 -0.672591 0.019681 0.739668
81.800000 -24.255281 -8.182619 121.390384 0.010425 -0.670666 0.020365 0.741406
81.900000 -24.379424 -8.190829 121.397704 0.008300 -0.669240 0.021038 0.742702
82.000000 -24.467967 -8.213873 121.347485 0.004291 -0.665623 0.023378 0.745909
82.100000 -24.739158 -8.225632 121.422164 0.002861 -0.665791 0.026093 0.745676
82.200000 -24.901796 -8.227107 121.443578 0.004530 -0.664923 0.025944 0.746448
82.300000 -25.009841 -8.248117 121.470625 0.003437 -0.665255 0.026638 0.746133
82.400000 -25.155867 -8.258635 121.443525 0.001809 -0.662982 0.028867 0.748077
82.500000 -25.299265 -8.274921 121.497547 0.000991 -0.664448 0.029271 0.746761
82.600000 -25.421792 -8.269345 121.508485 0.001460 -0.664519 0.031917 0.746588
82.700000 -25.550248 -8.280856 121.524562 0.000558 -0.665025 0.032968 0.746093
82.800000 -25.685774 -8.277674 121.541274 0.001038 -0.665793 0.033902 0.745365
82.900000 -25.818966 -8.299867 121.561308 -0.001340 -0.667378 0.033738 0.743953
83.000000 -25.939351 -8.305188 121.576182 -0.002693 -0.669283 0.033982 0.742225
83.100000 -26.048954 -8.317608 121.596011 -0.003719 -0.671643 0.033855 0.740092
83.200000 -26.152493 -8.317429 121.593234 -0.003788 -0.673356 0.034799 0.738489
83.300000 -26.267406 -8.324595 121.610471 -0.003246 -0.676103 0.036019 0.735919
83.400000 -26.378096 -8.328112 121.619299 -0.002175 -0.678994 0.037351 0.733189
83.500000 -26.485716 -8.335775 121.626153 -0.002003 -0.681987 0.037013 0.730425
83.600000 -26.580314 -8.340417 121.629300 -0.002778 -0.684741 0.037484 0.727816
83.700000 -26.700325 -8.349886 121.638147 -0.002426 -0.687328 0.036906 0.725405
83.800000 -26.806404 -8.392371 121.636636 -0.004798 -0.690063 0.038132 0.722728
83.900000 -26.914454 -8.363814 121.624020 0.001135 -0.691538 0.038060 0.721336
84.000000 -27.017052 -8.367347 121.623398 0.002619 -0.693659 0.039341 0.719224
84.100000 -27.128620 -8.366929 121.620337 0.003832 -0.695676 0.041463 0.717147
84.200000 -27.218099 -8.388655 121.622969 0.004634 -0.697639 0.040334 0.715298
84.300000 -27.331896 -8.391273 121.611760 0.005542 -0.699010 0.040917 0.713919
84.400000 -27.432439 -8.393931 121.618508 0.007023 -0.701255 0.041073 0.711692
84.500000 -27.539098 -8.404350 121.612721 0.006883 -0.702731 0.041715 0.710199
84.600000 -27.642496 -8.421403 121.603284 0.005383 -0.703938 0.042892 0.708944
84.700000 -27.755500 -8.420839 121.607698 0.007430 -0.705414 0.042209 0.707498
84.800000 -27.866147 -8.433149 121.598193 0.009452 -0.706393 0.041194 0.706557
84.900000 -27.969107 -8.440461 121.598195 0.011076 -0.707290 0.040714 0.705663
85.000000 -28.082281 -8.445463 121.586710 0.011395 -0.707329 0.041403 0.705579
85.100000 -28.197890 -8.457546 121.583261 0.010890 -0.707545 0.042155 0.705326
85.200000 -28.302939 -8.461745 121.579620 0.010779 -0.707668 0.041945 0.705217
85.300000 -28.426853 -8.473492 121.571557 0.009113 -0.707423 0.040371 0.705577
85.400000 -28.547159 -8.492295 121.560603 0.006749 -0.707085 0.038089 0.706070
85.500000 -28.671820 -8.505363 121.554037 0.002267 -0.706816 0.033669 0.706592
85.600000 -28.801990 -8.516759 121.545777 -0.001252 -0.706076 0.029633 0.707515
85.700000 -28.924771 -8.529522 121.536583 -0.002462 -0.705083 0.028687 0.708540
85.800000 -29.050870 -8.538757 121.512542 0.001740 -0.702673 0.030825 0.710843
85.900000 -29.188641 -8.552925 121.504041 0.007342 -0.700538 0.036240 0.712657
86.000000 -29.326313 -8.571810 121.499365 0.009441 -0.698982 0.035960 0.714172
86.100000 -29.437648 -8.585218 121.488557 0.002986 -0.697214 0.034959 0.716004
86.200000 -29.591341 -8.582060 121.464741 -0.003991 -0.695127 0.029637 0.718264
86.300000 -29.744196 -8.603108 121.464485 -0.007354 -0.693680 0.029429 0.719645
86.400000 -29.842732 -8.609642 121.470721 -0.004192 -0.692412 0.032891 0.720741
86.500000 -30.028313 -8.636892 121.453920 -0.000353 -0.690077 0.040618 0.722595
86.600000 -30.205218 -8.647930 121.460964 0.003381 -0.688405 0.043640 0.724004
86.700000 -30.355240 -8.652942 121.445553 0.003790 -0.686289 0.041117 0.726156
86.800000 -30.508243 -8.671182 121.434672 0.000572 -0.684036 0.036068 0.728556
86.900000 -30.678254 -8.684244 121.443395 -0.000469 -0.681615 0.034745 0.730886
87.000000 -30.841042 -8.692669 121.439903 0.003654 -0.678869 0.037518 0.733291
87.100000 -31.003005 -8.718679 121.426325 0.005002 -0.674938 0.045071 0.736480
87.200000 -31.167753 -8.739980 121.434364 0.004376 -0.672116 0.051215 0.738659
87.300000 -31.364097 -8.747810 121.452501 0.001601 -0.669850 0.051366 0.740716
87.400000 -31.540925 -8.779537 121.449056 -0.006524 -0.666707 0.049893 0.743620
87.500000 -31.733529 -8.787336 121.462800 -0.010661 -0.664352 0.047554 0.745829
87.600000 -31.916183 -8.792468 121.476348 -0.010526 -0.662476 0.047482 0.747503
87.700000 -32.111382 -8.816103 121.493495 -0.011647 -0.661005 0.050551 0.748586
87.800000 -32.274293 -8.826479 121.501042 -0.009896 -0.659766 0.051709 0.749624
87.900000 -32.529528 -8.842404 121.521954 -0.010119 -0.659364 0.052057 0.749951
88.000000 -32.724688 -8.858452 121.531839 -0.012139 -0.658967 0.053336 0.750180
88.100000 -32.943139 -8.878827 121.546820 -0.012832 -0.658944 0.053021 0.750211
88.200000 -33.189231 -8.883313 121.575532 -0.012831 -0.659809 0.051382 0.749565
88.300000 -33.417842 -8.904250 121.604249 -0.015256 -0.661315 0.050960 0.748219
88.400000 -33.615579 -8.929650 121.599941 -0.014044 -0.661863 0.049010 0.747889
88.500000 -33.939648 -8.942046 121.695072 -0.016975 -0.665516 0.060375 0.743744
88.600000 -34.184655 -8.951524 121.734414 -0.013554 -0.667844 0.063202 0.741489
88.700000 -34.403299 -8.965441 121.727605 -0.013239 -0.668113 0.064945 0.741101
88.800000 -34.759904 -8.943524 121.862262 -0.010874 -0.675026 0.062222 0.735085
88.900000 -35.034081 -8.983558 121.934340 -0.015804 -0.679349 0.061787 0.731039
89.000000 -34.833679 -8.955645 121.806531 -0.005272 -0.673477 0.052323 0.737335
89.100000 -35.755776 -9.017383 121.915031 -0.008584 -0.677389 0.057561 0.733320
89.200000 -36.069218 -9.054893 121.918531 -0.007643 -0.677859 0.058675 0.732807
89.300000 -36.752027 -9.048677 121.995682 0.001956 -0.678688 0.053428 0.732479
89.400000 -37.277194 -9.099439 122.077141 -0.001050 -0.680245 0.056751 0.730784
89.500000 -37.781227 -9.134943 122.147190 -0.002844 -0.681996 0.057133 0.729116
89.600000 -38.271716 -9.145861 122.199122 -0.002392 -0.683580 0.055130 0.727787
89.700000 -38.150686 -8.979579 123.063358 0.013978 -0.785499 0.066191 0.615154
89.800000 -38.513341 -9.549280 123.464199 -0.067840 -0.834808 -0.001191 0.546345
89.900000 -38.451095 -9.414084 123.350031 -0.044613 -0.824605 0.015403 0.563737
90.000000 -38.479810 -9.375742 123.308074 -0.035004 -0.822931 0.022361 0.566621
90.100000 -38.554501 -9.195433 123.334670 0.001113 -0.829206 0.041997 0.557362
90.200000 -39.406376 -9.510312 123.015901 -0.062201 -0.838024 0.003644 0.542064
90.300000 -39.671417 -9.501300 122.829031 -0.064583 -0.837021 0.002070 0.543343
90.400000 -40.326245 -9.428123 122.632383 -0.065082 -0.839125 0.000448 0.540030
90.500000 -40.747679 -9.389997 122.456887 -0.067076 -0.839650 0.001045 0.538970
90.600000 -41.227691 -9.374037 122.267944 -0.068734 -0.840101 0.000631 0.538057
90.700000 -41.671972 -9.338374 122.082386 -0.068179 -0.840473 -0.000335 0.537547
90.800000 -42.067044 -9.315051 121.899159 -0.066581 -0.840388 -0.001110 0.537878
90.900000 -42.506856 -9.275347 121.717252 -0.063852 -0.840523 -0.001695 0.537998
91.000000 -42.888167 -9.240171 121.542811 -0.061550 -0.840404 -0.001498 0.538452
91.100000 -43.305948 -9.202769 121.359496 -0.060845 -0.840023 0.000260 0.539127
91.200000 -43.644573 -9.192561 121.179100 -0.060615 -0.839343 0.001873 0.540208
91.300000 -44.050003 -9.167504 121.006612 -0.060676 -0.839004 0.001845 0.540729
91.400000 -44.360202 -9.176187 120.840392 -0.064191 -0.838497 0.000469 0.541112
91.500000 -44.726399 -9.158978 120.655671 -0.066878 -0.837922 -0.001538 0.541675
91.600000 -45.078801 -9.130477 120.485452 -0.067991 -0.837616 -0.002615 0.542005
91.700000 -45.447599 -9.117872 120.311573 -0.068295 -0.837184 -0.002508 0.542634
91.800000 -45.771696 -9.089208 120.115332 -0.068216 -0.836200 -0.001020 0.544165
91.900000 -46.125655 -9.076869 119.943099 -0.067840 -0.835771 -0.000052 0.544872
92.000000 -46.440027 -9.080137 119.754022 -0.066313 -0.834858 -0.002611 0.546450
92.100000 -46.740943 -9.052158 119.581214 -0.067090 -0.834374 -0.003959 0.547087
92.200000 -47.080271 -9.057370 119.371897 -0.068413 -0.832914 -0.005723 0.549128
92.300000 -47.416277 -9.040828 119.202354 -0.070240 -0.832161 -0.001633 0.550066
92.400000 -47.694628 -9.005912 119.005080 -0.068604 -0.830672 0.002493 0.552513
92.500000 -47.997716 -8.990310 118.829847 -0.068376 -0.829974 0.004612 0.553576
92.600000 -48.272306 -8.972382 118.681095 -0.071451 -0.829497 0.003830 0.553908
92.700000 -48.569435 -8.966195 118.514290 -0.075931 -0.828775 0.002268 0.554402
92.800000 -48.843166 -8.937930 118.373598 -0.077238 -0.828896 0.001947 0.554042
92.900000 -49.115506 -8.925433 118.199606 -0.075646 -0.828300 0.003571 0.555143
93.000000 -49.347092 -8.923775 118.083239 -0.072569 -0.828996 0.005910 0.554494
93.100000 -49.597883 -8.929232 117.939175 -0.071480 -0.828832 0.008205 0.554852
93.200000 -49.835604 -8.885433 117.826308 -0.068607 -0.830175 0.008484 0.553201
93.300000 -50.079349 -8.877433 117.687370 -0.068775 -0.830939 0.006940 0.552053
93.400000 -50.303061 -8.866052 117.558777 -0.069157 -0.832024 0.004768 0.550391
93.500000 -50.530277 -8.865019 117.436208 -0.070717 -0.833422 0.004348 0.548076
93.600000 -50.730605 -8.838313 117.321363 -0.071610 -0.835629 0.005648 0.544577
93.700000 -50.975170 -8.845445 117.159513 -0.072826 -0.837911 0.006758 0.540884
93.800000 -51.150645 -8.833963 117.068629 -0.072730 -0.842453 0.008063 0.533777
93.900000 -51.396728 -8.837539 116.875724 -0.073445 -0.846613 0.010322 0.527016
94.000000 -51.607752 -8.841731 116.732035 -0.073469 -0.852914 0.011082 0.516736
94.100000 -51.758650 -8.826324 116.650216 -0.073405 -0.861259 0.013281 0.502662
94.200000 -52.021541 -8.825560 116.364046 -0.073585 -0.867637 0.015613 0.491474
94.300000 -52.195488 -8.841184 116.219978 -0.072846 -0.877033 0.014972 0.474639
94.400000 -52.350054 -8.837395 116.083220 -0.073951 -0.887148 0.017834 0.455172
94.500000 -52.608992 -8.861565 115.881746 -0.074124 -0.898784 0.017853 0.431710
94.600000 -52.774696 -8.843579 115.703875 -0.074089 -0.909801 0.020873 0.407846
94.700000 -52.924802 -8.856839 115.532105 -0.074282 -0.920778 0.021986 0.382317
94.800000 -53.116420 -8.880496 115.339408 -0.076113 -0.931986 0.021851 0.353739
94.900000 -53.247057 -8.878254 115.139428 -0.072179 -0.942302 0.022417 0.326122
95.000000 -53.363826 -8.926459 114.938584 -0.073746 -0.952051 0.020313 0.296223
95.100000 -53.500120 -8.887117 114.663012 -0.069825 -0.961551 0.024699 0.264449
95.200000 -53.601314 -8.900682 114.418746 -0.068685 -0.969946 0.026374 0.231929
95.300000 -53.699214 -8.921072 114.160525 -0.069081 -0.977345 0.028008 0.198090
95.400000 -53.761799 -8.930230 113.883856 -0.066364 -0.983670 0.029331 0.164710
95.500000 -53.796196 -8.943728 113.592216 -0.062837 -0.988801 0.030607 0.131863
95.600000 -53.829213 -8.961901 113.305959 -0.059043 -0.992946 0.031707 0.097811
95.700000 -53.859490 -8.962500 112.934491 -0.056149 -0.995850 0.033645 0.063230
95.800000 -53.875595 -8.983022 112.595464 -0.056985 -0.997366 0.034418 0.028792
95.900000 -53.845736 -9.009678 112.280488 0.056567 0.997793 -0.034680 0.002590
96.000000 -53.794865 -9.041794 111.964143 -0.055889 -0.997300 0.035760 -0.031479
96.100000 -53.748904 -9.057166 111.600483 0.051610 0.996228 -0.038553 0.058135
96.200000 -53.685564 -9.089192 111.253252 -0.049033 -0.994684 0.039729 -0.081374
96.300000 -53.602407 -9.112042 110.917531 0.045036 0.993097 -0.042211 0.099739
96.400000 -53.513634 -9.153533 110.560892 -0.042577 -0.991643 0.041465 -0.114509
96.500000 -53.415581 -9.195233 110.182408 0.042969 0.990367 -0.040863 0.125129
96.600000 -53.315640 -9.242281 109.790816 -0.043011 -0.989209 0.041571 -0.133741
96.700000 -53.208113 -9.278262 109.393006 0.044019 0.987910 -0.044630 0.141788
96.800000 -53.094207 -9.315169 109.091995 -0.047402 -0.986575 0.048074 -0.148697
96.900000 -52.973386 -9.363591 108.608651 0.048846 0.985103 -0.052643 0.156255
97.000000 -52.845072 -9.418065 108.205741 -0.047525 -0.983819 0.054376 -0.163964
97.100000 -52.703392 -9.462212 107.850002 0.045068 0.982819 -0.054836 0.170377
97.200000 -52.571377 -9.513955 107.455526 -0.045604 -0.981666 0.054672 -0.176812
97.300000 -52.449374 -9.564189 107.128797 0.045005 0.980943 -0.054821 0.180889
97.400000 -52.328517 -9.604435 106.780463 -0.044485 -0.980347 0.055190 -0.184108
97.500000 -52.194598 -9.656942 106.433621 0.041377 0.980104 -0.056074 0.185851
97.600000 -52.066751 -9.704637 106.081414 -0.041176 -0.979661 0.056542 -0.188073
97.700000 -51.924403 -9.754713 105.725667 0.040797 0.979271 -0.056216 0.190272
97.800000 -51.796223 -9.795700 105.366177 -0.040710 -0.978690 0.055979 -0.193325
97.900000 -51.642560 -9.859224 104.983365 0.041652 0.978210 -0.054023 0.196093
98.000000 -51.499142 -9.897124 104.614111 -0.041450 -0.977611 0.053832 -0.199151
98.100000 -51.364492 -9.967515 104.254883 0.039653 0.977154 -0.053206 0.201907
98.200000 -51.199000 -10.011017 103.863572 -0.038751 -0.976721 0.054738 -0.203760
98.300000 -51.079329 -10.044529 103.704324 0.039693 0.976489 -0.056338 0.204252
98.400000 -50.939437 -10.099994 103.426190 -0.038377 -0.976513 0.058353 -0.203827
98.500000 -50.861524 -10.159300 103.244355 0.032391 0.976849 -0.059921 0.202798
98.600000 -50.733789 -10.187882 102.983091 -0.034264 -0.977023 0.059161 -0.201871
98.700000 -50.638195 -10.222027 102.843350 -0.036676 -0.977397 0.057065 -0.200236
98.800000 -50.496015 -10.302152 102.441560 0.030554 0.977751 -0.056800 0.199609
98.900000 -50.374979 -10.361074 102.154638 -0.034283 -0.977809 0.056050 -0.198930
99.000000 -50.273271 -10.349869 102.005373 0.033402 0.978188 -0.056666 0.197032
99.100000 -50.164790 -10.404662 101.766828 -0.031494 -0.978696 0.055679 -0.195093
99.200000 -50.043746 -10.442358 101.475959 0.033364 0.978894 -0.053970 0.194271
99.300000 -49.952058 -10.476627 101.265496 -0.033252 -0.979299 0.051447 -0.192927
99.400000 -49.857686 -10.550152 101.004071 0.037115 0.979389 -0.046149 0.193108
99.500000 -49.815845 -10.585823 100.892405 -0.035276 -0.979765 0.043859 -0.192076
99.600000 -49.622789 -10.610143 100.414019 0.033315 0.979960 -0.046751 0.190743
99.700000 -49.497414 -10.643713 100.113599 -0.033529 -0.980105 0.048991 -0.189395
99.800000 -49.374988 -10.669282 99.833657 0.031927 0.980434 -0.050864 0.187466
99.900000 -49.254948 -10.692781 99.545764 -0.030233 -0.980725 0.051194 -0.186125
100.000000 -49.217006 -10.733844 99.411736 -0.033809 -0.980708 0.049439 -0.186078
100.100000 -49.133035 -10.749443 99.104262 0.038582 0.980288 -0.050844 0.186982
100.200000 -49.037441 -10.772565 98.861519 -0.036507 -0.980529 0.052384 -0.185705
100.300000 -48.975010 -10.788950 98.666321 -0.037243 -0.980529 0.052927 -0.185406
100.400000 -48.855983 -10.816932 98.320559 0.033800 0.980666 -0.055714 0.184518
100.500000 -48.818474 -10.841575 98.235450 -0.031616 -0.981021 0.055305 -0.183136
100.600000 -48.769100 -10.865197 98.102185 -0.033677 -0.981142 0.053759 -0.182583
100.700000 -48.581604 -10.902535 97.443738 0.032541 0.980798 -0.056303 0.183864
100.800000 -48.460435 -10.939496 97.166476 -0.028959 -0.981305 0.056473 -0.181696
100.900000 -48.482036 -10.940555 97.186219 -0.036964 -0.981080 0.054184 -0.182152
101.000000 -48.280072 -10.964527 96.589053 0.034951 0.980908 -0.059814 0.181717
101.100000 -48.180060 -10.995521 96.321637 -0.033208 -0.981012 0.062126 -0.180703
101.200000 -48.097739 -11.034231 96.023510 0.040899 0.980570 -0.058755 0.182640
101.300000 -48.004854 -11.063889 95.753317 -0.037235 -0.980849 0.055724 -0.182878
101.400000 -47.899371 -11.096492 95.491873 0.037365 0.980900 -0.055129 0.182754
101.500000 -47.803345 -11.133641 95.239606 -0.035811 -0.980726 0.058102 -0.183080
101.600000 -47.712592 -11.166301 94.974964 0.036817 0.980261 -0.062124 0.184047
101.700000 -47.622552 -11.200322 94.717252 -0.037767 -0.979832 0.064628 -0.185276
101.800000 -47.534632 -11.239911 94.476350 0.038724 0.979493 -0.065252 0.186643
101.900000 -47.446035 -11.279055 94.281010 -0.038366 -0.979634 0.064357 -0.186289
102.000000 -47.349003 -11.321073 93.970913 0.043029 0.979116 -0.063014 0.188440
102.100000 -47.255560 -11.357182 93.738201 -0.040501 -0.979370 0.063816 -0.187408
102.200000 -47.180877 -11.402554 93.491110 0.045059 0.979134 -0.062964 0.187890
102.300000 -47.092026 -11.446065 93.252045 -0.043935 -0.979458 0.063158 -0.186396
102.400000 -47.063776 -11.450926 93.146070 -0.052825 -0.979083 0.060647 -0.186890
102.500000 -46.899948 -11.489939 92.760453 0.042761 0.980021 -0.064005 0.183395
102.600000 -46.829306 -11.527817 92.515960 -0.051101 -0.979457 0.064328 -0.184162
102.700000 -46.723487 -11.585934 92.264369 0.047784 0.979880 -0.066076 0.182167
102.800000 -46.681181 -11.617916 92.166676 -0.050374 -0.979815 0.063972 -0.182571
102.900000 -46.577617 -11.683352 91.940873 -0.048545 -0.980326 0.060790 -0.181409
103.000000 -46.474690 -11.738635 91.663738 0.051882 0.980193 -0.059432 0.181656
103.100000 -46.377349 -11.761082 91.469525 -0.052617 -0.980065 0.062110 -0.181236
103.200000 -46.117660 -11.882068 90.740723 0.053267 0.979872 -0.063303 0.181676
103.300000 -45.946380 -11.943688 90.269732 0.055038 0.979434 -0.063539 0.183420
103.400000 -45.777152 -12.025187 89.811124 -0.057862 -0.978854 0.062042 -0.186138
103.500000 -45.593030 -12.082999 89.334345 0.059638 0.978324 -0.062532 0.188191
103.600000 -45.420692 -12.151126 88.879118 -0.059644 -0.977681 0.064325 -0.190903
103.700000 -45.248230 -12.237639 88.423818 0.055128 0.977560 -0.065993 0.192309
103.800000 -45.075862 -12.295153 87.944311 0.055896 0.977200 -0.064590 0.194380
103.900000 -44.916076 -12.362833 87.479964 -0.054567 -0.977095 0.062669 -0.195907
104.000000 -44.737846 -12.446219 87.046521 0.053062 0.977335 -0.060119 0.195923
104.100000 -44.558887 -12.511394 86.588296 -0.055906 -0.976790 0.063407 -0.196813
104.200000 -44.390748 -12.557311 86.114537 0.060111 0.976031 -0.067775 0.197880
104.300000 -44.240935 -12.600621 85.705431 -0.060987 -0.975497 0.070732 -0.199209
104.400000 -43.998971 -12.717691 85.208563 0.060120 0.976028 -0.067007 0.198153
104.500000 -43.817917 -12.778374 84.705616 0.058361 0.976240 -0.064476 0.198474
104.600000 -43.640486 -12.852158 84.247497 -0.056930 -0.976380 0.063084 -0.198652
104.700000 -43.465914 -12.918655 83.742707 0.056811 0.976454 -0.063148 0.198297
104.800000 -43.311364 -12.967433 83.238238 0.056972 0.976335 -0.066358 0.197791
104.900000 -43.151127 -13.054294 82.775460 0.058103 0.976422 -0.066469 0.196992
105.000000 -42.974274 -13.127641 82.299013 0.057806 0.976612 -0.066056 0.196275
105.100000 -42.804185 -13.196339 81.878602 -0.059648 -0.976862 0.062787 -0.195551
105.200000 -42.656724 -13.278072 81.464419 0.060126 0.977069 -0.061182 0.194879
105.300000 -42.497476 -13.337094 81.041621 -0.059860 -0.977112 0.061965 -0.194496
105.400000 -42.377294 -13.347689 80.769230 0.058497 0.977037 -0.064484 0.194470
105.500000 -42.243627 -13.429909 80.437851 -0.060041 -0.976863 0.063762 -0.195113
105.600000 -42.207244 -13.447699 80.347408 -0.060777 -0.976587 0.063426 -0.196370
105.700000 -42.233837 -13.417056 80.394706 -0.059305 -0.976290 0.064708 -0.197874
105.800000 -42.042247 -13.510872 80.029272 0.060331 0.976313 -0.061534 0.198460
105.900000 -41.952152 -13.537220 79.801470 -0.061152 -0.975919 0.060560 -0.200435
106.000000 -41.874758 -13.573138 79.657600 -0.061336 -0.975874 0.061254 -0.200389
106.100000 -41.878779 -13.585275 79.530375 0.065058 0.974729 -0.065025 0.203574
106.200000 -41.778357 -13.618339 79.297004 -0.061784 -0.974584 0.068697 -0.204080
106.300000 -41.716548 -13.634564 79.136490 -0.059687 -0.974267 0.070072 -0.205746
106.400000 -41.673164 -13.664016 79.039925 0.066625 0.973838 -0.065655 0.207100
106.500000 -41.596578 -13.700510 78.866748 -0.061371 -0.974118 0.063355 -0.208120
106.600000 -41.538195 -13.719921 78.707642 -0.059101 -0.973705 0.065510 -0.210034
106.700000 -41.474745 -13.745464 78.531560 0.059527 0.972987 -0.069010 0.212108
106.800000 -41.414840 -13.765053 78.420492 -0.064442 -0.972181 0.075705 -0.212085
106.900000 -41.330169 -13.800487 78.190647 -0.064962 -0.971051 0.081445 -0.214958
107.000000 -41.287138 -13.813455 78.163760 -0.071452 -0.971014 0.079183 -0.213907
107.100000 -41.197380 -13.878511 77.918015 0.066128 0.971358 -0.074056 0.215885
107.200000 -41.131734 -13.900090 77.779047 -0.063531 -0.971865 0.068928 -0.216082
107.300000 -41.076291 -13.928302 77.654811 -0.064540 -0.971937 0.064505 -0.216823
107.400000 -40.781090 -14.051006 77.025295 0.065557 0.972180 -0.064289 0.215487
107.500000 -40.655399 -14.102352 76.736849 -0.065783 -0.971923 0.068006 -0.215439
107.600000 -40.350017 -14.236578 76.142267 0.068358 0.972133 -0.068220 0.213615
107.700000 -40.216938 -14.300343 75.753788 -0.070607 -0.971687 0.069766 -0.214408
107.800000 -39.866827 -14.397776 75.139056 0.069464 0.972406 -0.072013 0.210752
107.900000 -39.636078 -14.484372 74.648687 0.070727 0.972497 -0.071898 0.209946
108.000000 -39.405861 -14.559019 74.164368 0.070658 0.972809 -0.070913 0.208857
108.100000 -39.184586 -14.643630 73.686800 0.070290 0.973014 -0.069523 0.208494
108.200000 -38.976569 -14.742178 73.187235 0.070648 0.973021 -0.069138 0.208470
108.300000 -38.772879 -14.827895 72.707960 0.070682 0.973044 -0.070637 0.207844
108.400000 -38.568828 -14.920990 72.214447 0.070395 0.972966 -0.071356 0.208064
108.500000 -38.375299 -15.006832 71.705462 0.071727 0.972711 -0.071730 0.208670
108.600000 -38.197493 -15.078994 71.225956 0.073357 0.972307 -0.071113 0.210191
108.700000 -37.993587 -15.160380 70.691556 0.071754 0.972131 -0.072128 0.211212
108.800000 -37.870183 -15.215349 70.196121 0.077100 0.971045 -0.070368 0.214885
108.900000 -37.752648 -15.258221 69.808928 -0.079555 -0.970221 0.070013 -0.217809
109.000000 -37.620509 -15.279717 69.626151 0.076990 0.970628 -0.072596 0.216062
109.100000 -37.530772 -15.356668 69.346441 -0.083915 -0.969678 0.072082 -0.217914
109.200000 -37.398792 -15.406041 69.065781 0.085299 0.969341 -0.073469 0.218412
109.300000 -37.274229 -15.460435 68.810806 -0.080812 -0.969634 0.076391 -0.217815
109.400000 -37.164605 -15.486553 68.560740 0.076310 0.969782 -0.081587 0.216895
109.500000 -37.046593 -15.544246 68.333144 -0.077646 -0.969871 0.083859 -0.215150
109.600000 -36.925367 -15.609489 68.049887 0.075667 0.970491 -0.083242 0.213288
109.700000 -36.819403 -15.664663 67.811436 -0.073066 -0.971274 0.080341 -0.211740
109.800000 -36.714340 -15.705334 67.541610 0.071229 0.971718 -0.080228 0.210365
109.900000 -36.611219 -15.750145 67.307880 -0.071077 -0.972050 0.079626 -0.209111
110.000000 -36.527510 -15.805870 67.090149 -0.072018 -0.972258 0.079305 -0.207940
110.100000 -36.444127 -15.850756 66.913228 0.076096 0.972291 -0.077040 0.207184
110.200000 -36.348236 -15.888106 66.683696 -0.073416 -0.972877 0.078317 -0.204904
110.300000 -36.257886 -15.932177 66.502759 -0.073234 -0.973311 0.078158 -0.202962
110.400000 -36.217224 -15.944187 66.447456 0.071633 0.974102 -0.078813 0.199454
110.500000 -36.159132 -15.976983 66.297916 -0.073274 -0.974073 0.078162 -0.199257
110.600000 -36.083343 -16.007703 66.151474 -0.070326 -0.974527 0.079669 -0.197494
110.700000 -36.050931 -16.043356 66.019749 -0.077175 -0.973806 0.077430 -0.199375
110.800000 -35.956754 -16.089625 65.774147 0.076185 0.973603 -0.078436 0.200352
110.900000 -35.888069 -16.117295 65.625125 -0.077678 -0.973226 0.079223 -0.201297
111.000000 -35.826110 -16.151100 65.467022 -0.079095 -0.972456 0.079546 -0.204319
111.100000 -35.768900 -16.172618 65.320502 -0.079714 -0.971575 0.080255 -0.207957
111.200000 -35.703039 -16.211356 65.186968 0.078707 0.970807 -0.079928 0.212016
111.300000 -35.645569 -16.239416 65.069853 -0.078176 -0.969676 0.079982 -0.217300
111.400000 -35.570997 -16.272292 64.918308 -0.078071 -0.968107 0.080926 -0.223888
111.500000 -35.530200 -16.305090 64.826671 -0.079491 -0.965912 0.081000 -0.232668
111.600000 -35.461667 -16.329015 64.719197 0.078491 0.963297 -0.083594 0.242714
111.700000 -35.398098 -16.358644 64.620842 -0.077524 -0.960098 0.084920 -0.254932
111.800000 -35.317532 -16.387809 64.518523 -0.075339 -0.956093 0.086706 -0.269615
111.900000 -35.252528 -16.410572 64.418329 -0.073264 -0.950830 0.087933 -0.287788
112.000000 -35.157998 -16.440478 64.315666 0.072522 0.944435 -0.088677 0.308090
112.100000 -35.072460 -16.465134 64.221251 -0.067758 -0.937537 0.090818 -0.328917
112.200000 -34.989177 -16.493847 64.141926 -0.064030 -0.929576 0.092687 -0.350996
112.300000 -34.874250 -16.529172 64.064614 -0.059418 -0.921120 0.095837 -0.372589
112.400000 -34.865759 -16.538581 64.034174 -0.055511 -0.911423 0.097795 -0.395808
112.500000 -34.800186 -16.547332 63.976781 0.054839 0.900703 -0.100143 0.419164
112.600000 -34.724177 -16.574934 63.934883 -0.049370 -0.890218 0.101816 -0.441257
112.700000 -34.617871 -16.600120 63.849266 -0.047007 -0.877838 0.103002 -0.465382
112.800000 -34.548272 -16.630358 63.790529 -0.041647 -0.863805 0.102504 -0.491528
112.900000 -34.453483 -16.650788 63.741802 0.037591 0.849429 -0.101514 0.516481
113.000000 -34.360313 -16.691402 63.686596 0.035600 0.832876 -0.098153 0.543522
113.100000 -34.265149 -16.706144 63.628242 0.035877 0.813899 -0.097778 0.571596
113.200000 -34.220011 -16.762547 63.560260 0.025819 0.791989 -0.097093 0.602213
113.300000 -34.141852 -16.801674 63.501695 0.019165 0.768904 -0.097416 0.631608
113.400000 -34.079937 -16.835918 63.441485 0.016861 0.741756 -0.096565 0.663467
113.500000 -33.235639 -16.921332 63.484109 0.018670 0.734760 -0.103145 0.670179
113.600000 -32.933140 -16.975256 63.491593 0.017266 0.715498 -0.104647 0.690517
113.700000 -32.660744 -17.014184 63.502223 0.014523 0.696072 -0.104441 0.710187
113.800000 -32.332093 -17.058835 63.562150 0.010052 0.676344 -0.104268 0.729099
113.900000 -31.953558 -17.139854 63.675482 0.004328 0.656500 -0.105356 0.746920
114.000000 -31.611696 -17.226701 63.819593 -0.000785 0.636737 -0.105775 0.763792
114.100000 -31.277139 -17.272792 63.917831 -0.007207 0.618124 -0.107907 0.778606
114.200000 -31.061443 -17.303182 63.986683 -0.011526 0.601870 -0.106062 0.791436
114.300000 -30.696170 -17.339763 64.101673 -0.013586 0.587540 -0.106722 0.802012
114.400000 -30.376619 -17.384734 64.249856 -0.013889 0.575413 -0.108994 0.810449
114.500000 -30.152851 -17.401216 64.361106 -0.013309 0.565324 -0.111925 0.817132
114.600000 -29.824359 -17.441219 64.507668 -0.012965 0.556964 -0.115319 0.822390
114.700000 -29.571861 -17.464383 64.598439 -0.013956 0.550457 -0.115433 0.826727
114.800000 -29.234734 -17.505688 64.749708 -0.016666 0.546696 -0.112428 0.829582
114.900000 -28.923069 -17.535968 64.909359 -0.019123 0.544577 -0.110760 0.831145
115.000000 -28.696513 -17.569458 65.004230 -0.019582 0.542444 -0.109663 0.832674
115.100000 -28.283265 -17.603511 65.201376 -0.017422 0.540516 -0.109440 0.834004
115.200000 -27.958266 -17.645011 65.360274 -0.013352 0.538424 -0.111188 0.835200
115.300000 -27.637717 -17.678288 65.518866 -0.008854 0.536851 -0.111534 0.836225
115.400000 -27.323153 -17.731916 65.688747 -0.009081 0.536010 -0.112318 0.836657
115.500000 -27.148291 -17.759333 65.763814 -0.011475 0.535460 -0.110566 0.837214
115.600000 -26.892125 -17.783927 65.890346 -0.014849 0.535255 -0.107813 0.837650
115.700000 -26.798982 -17.821777 65.932352 -0.015173 0.534101 -0.103216 0.838959
115.800000 -26.630340 -17.823144 66.015806 -0.013890 0.533111 -0.103142 0.839620
115.900000 -26.523892 -17.837854 66.062318 -0.013366 0.531833 -0.103414 0.840405
116.000000 -26.260231 -17.869938 66.175245 -0.012056 0.530644 -0.103016 0.841225
116.100000 -26.269815 -17.873194 66.177027 -0.013391 0.529740 -0.104629 0.841575
116.200000 -26.058157 -17.898628 66.270423 -0.011242 0.528165 -0.102506 0.842857
116.300000 -25.852133 -17.926407 66.368929 -0.012376 0.527798 -0.104452 0.842832
116.400000 -25.695416 -17.956226 66.448727 -0.012200 0.527042 -0.102443 0.843554
116.500000 -25.559070 -17.960521 66.523772 -0.011381 0.526607 -0.098191 0.844342
116.600000 -25.432893 -17.971487 66.595693 -0.013115 0.526611 -0.096696 0.844487
116.700000 -25.245462 -18.003705 66.686264 -0.013121 0.525529 -0.095607 0.845285
116.800000 -25.115408 -18.015727 66.737664 -0.013115 0.523828 -0.097045 0.846176
116.900000 -24.910919 -18.044705 66.852583 -0.008528 0.521526 -0.091074 0.848318
117.000000 -24.746950 -18.058550 66.933702 -0.008250 0.519482 -0.088278 0.849869
117.100000 -24.726598 -18.073583 66.946043 -0.014006 0.517808 -0.091986 0.850422
117.200000 -24.579219 -18.098363 67.028486 -0.016651 0.515399 -0.093972 0.851620
117.300000 -24.495812 -18.109947 67.063429 -0.015583 0.513149 -0.090974 0.853322
117.400000 -24.188650 -18.143619 67.241348 -0.006497 0.510261 -0.073780 0.856824
117.500000 -24.040879 -18.160306 67.323817 -0.006870 0.507543 -0.070991 0.858670
117.600000 -23.909873 -18.177405 67.392391 -0.007891 0.505099 -0.072416 0.859982
117.700000 -23.775590 -18.196888 67.466452 -0.006023 0.501342 -0.075951 0.861888
117.800000 -23.680505 -18.211546 67.513953 -0.011666 0.499334 -0.086337 0.862018
117.900000 -23.600102 -18.227750 67.558227 -0.007101 0.496251 -0.076804 0.864746
118.000000 -23.482315 -18.246860 67.623513 -0.007516 0.493629 -0.070978 0.866739
118.100000 -23.363485 -18.247282 67.699632 -0.014119 0.493615 -0.077318 0.866122
118.200000 -22.973772 -18.303748 68.215400 -0.021088 0.507617 -0.087480 0.856871
118.300000 -22.756224 -18.334201 68.371712 -0.020091 0.509406 -0.085901 0.855992
118.400000 -22.484260 -18.394410 68.549164 -0.015815 0.511455 -0.078070 0.855610
118.500000 -22.282954 -18.424184 68.677587 -0.018319 0.512226 -0.079671 0.854951
118.600000 -22.269824 -18.370627 68.660200 -0.018664 0.511269 -0.088194 0.854680
118.700000 -22.547773 -18.509555 68.497288 -0.020974 0.509023 -0.072407 0.857446
118.800000 -21.967383 -18.338777 68.891505 -0.012119 0.516102 -0.091179 0.851574
118.900000 -21.772905 -18.380471 68.956283 -0.015533 0.514953 -0.095220 0.851772
119.000000 -22.068194 -18.310523 68.866797 -0.014479 0.514668 -0.089279 0.852606
119.100000 -22.603072 -18.195548 68.723645 -0.013184 0.511858 -0.091239 0.854110
119.200000 -22.589327 -18.178980 68.732548 -0.012003 0.512384 -0.092447 0.853681
119.300000 -22.733431 -18.542961 68.587651 -0.012283 0.510800 -0.088763 0.855017
119.400000 -22.316739 -19.205199 68.542247 -0.014325 0.511680 -0.080996 0.855230
119.500000 -19.876712 -19.108296 70.159739 -0.018026 0.515688 -0.088841 0.851967
119.600000 -18.650167 -19.342632 70.637477 -0.017411 0.516559 -0.086633 0.851680
119.700000 -17.885388 -19.463852 71.139014 -0.019263 0.519232 -0.090370 0.849624
119.800000 -17.201220 -19.571159 71.440594 -0.018905 0.521286 -0.090910 0.848316
119.900000 -16.554743 -19.660987 71.733010 -0.018478 0.523486 -0.090652 0.846997
120.000000 -15.898647 -19.762947 72.043827 -0.019384 0.525535 -0.090415 0.845732
120.100000 -15.370254 -19.826379 72.304125 -0.018415 0.527859 -0.089553 0.844397
120.200000 -14.881224 -19.884663 72.525686 -0.017051 0.530227 -0.088353 0.843067
120.300000 -14.463785 -19.938623 72.719258 -0.017443 0.532520 -0.090090 0.841429
120.400000 -13.788304 -20.040448 73.024931 -0.015070 0.534830 -0.088950 0.840129
120.500000 -13.448399 -20.064309 73.165639 -0.015399 0.536688 -0.090386 0.838784
120.600000 -12.953667 -20.176810 73.324467 -0.015883 0.537382 -0.090620 0.838305
120.700000 -12.355445 -20.227095 73.571602 -0.015106 0.538853 -0.090776 0.837358
120.800000 -11.918509 -20.281071 73.718702 -0.017154 0.539581 -0.089713 0.836964
120.900000 -11.532648 -20.324915 73.863399 -0.019533 0.539530 -0.085602 0.837376
121.000000 -11.161843 -20.357521 73.999101 -0.020353 0.539236 -0.082717 0.837835
121.100000 -10.865401 -20.359150 74.088765 -0.020335 0.537530 -0.080691 0.839128
121.200000 -10.529661 -20.413852 74.201680 -0.025866 0.535374 -0.080799 0.840344
121.300000 -10.220304 -20.455806 74.306608 -0.028997 0.533098 -0.079950 0.841768
121.400000 -9.894585 -20.489817 74.406230 -0.026505 0.529624 -0.077244 0.844292
121.500000 -9.607536 -20.528906 74.517055 -0.025247 0.525167 -0.075373 0.847279
121.600000 -9.309999 -20.569096 74.625428 -0.023069 0.518792 -0.074468 0.851338
121.700000 -9.034307 -20.601574 74.692520 -0.020124 0.509402 -0.075139 0.857006
121.800000 -8.745795 -20.637807 74.791890 -0.019655 0.498819 -0.073552 0.863356
121.900000 -8.547812 -20.675548 74.788590 -0.022724 0.485667 -0.072228 0.870858
122.000000 -8.312522 -20.696442 74.846602 -0.023174 0.472272 -0.071434 0.878248
122.100000 -8.104925 -20.739257 74.897669 -0.022127 0.457770 -0.071089 0.885948
122.200000 -7.871276 -20.760758 75.035855 -0.024574 0.442118 -0.064011 0.894333
122.300000 -7.749524 -20.855819 75.017530 -0.032655 0.423838 -0.063778 0.902900
122.400000 -7.149174 -20.772551 75.727541 -0.029411 0.410969 -0.061991 0.909064
122.500000 -6.809564 -20.784411 76.086206 -0.035040 0.392949 -0.062560 0.916760
122.600000 -6.438895 -20.758116 76.512212 -0.038567 0.372704 -0.062207 0.925059
122.700000 -6.140287 -20.741035 76.897268 -0.039995 0.351243 -0.062023 0.933371
122.800000 -5.857410 -20.754221 77.301353 -0.042193 0.328329 -0.059530 0.941741
122.900000 -5.612307 -20.719659 77.694069 -0.043269 0.304102 -0.058824 0.949837
123.000000 -5.377612 -20.721042 78.174395 -0.044650 0.278924 -0.057594 0.957544
123.100000 -5.164994 -20.687846 78.588218 -0.042722 0.252781 -0.056100 0.964951
123.200000 -5.025820 -20.689683 79.015113 -0.042233 0.226819 -0.055049 0.971462
123.300000 -4.886315 -20.670205 79.527727 -0.042314 0.200136 -0.055717 0.977267
123.400000 -4.743723 -20.653963 79.997856 -0.042924 0.173235 -0.053349 0.982497
123.500000 -4.703965 -20.589910 80.540471 -0.044296 0.148116 -0.047651 0.986828
123.600000 -4.604060 -20.584015 81.013030 -0.048471 0.122018 -0.044962 0.990323
123.700000 -4.520400 -20.476487 81.593453 -0.050630 0.096493 -0.041578 0.993175
123.800000 -4.501337 -20.474206 82.056321 -0.053165 0.071641 -0.042035 0.995125
123.900000 -4.481187 -20.375611 82.602063 -0.052591 0.046676 -0.038190 0.996793
124.000000 -4.494304 -20.331546 83.042650 -0.052941 0.022062 -0.036223 0.997697
124.100000 -4.525736 -20.280953 83.574685 -0.054146 -0.001551 -0.035893 0.997887
124.200000 -4.585199 -20.227979 84.040007 -0.055483 -0.024433 -0.037088 0.997471
124.300000 -4.660384 -20.183607 84.559660 -0.057579 -0.047082 -0.039093 0.996464
124.400000 -4.754193 -20.119388 85.035018 -0.058926 -0.067250 -0.040340 0.995177
124.500000 -4.868834 -20.058127 85.516986 -0.060722 -0.084607 -0.042844 0.993639
124.600000 -4.985745 -19.997544 85.982013 -0.062180 -0.098826 -0.046189 0.992085
124.700000 -5.134701 -19.932902 86.469094 -0.062322 -0.109649 -0.052264 0.990637
124.800000 -5.261745 -19.872736 86.926504 -0.062785 -0.117486 -0.056263 0.989490
124.900000 -5.388462 -19.808252 87.396898 -0.062560 -0.122545 -0.057094 0.988842
125.000000 -5.513837 -19.740210 87.864602 -0.061815 -0.126113 -0.057264 0.988431
125.100000 -5.620854 -19.689995 88.316093 -0.061394 -0.127972 -0.056430 0.988266
125.200000 -5.736586 -19.628934 88.750224 -0.060873 -0.128255 -0.058435 0.988145
125.300000 -5.862809 -19.576840 89.175083 -0.060293 -0.127086 -0.059622 0.988261
125.400000 -5.962864 -19.532970 89.591497 -0.059653 -0.124886 -0.057433 0.988709
125.500000 -6.064891 -19.476792 90.003608 -0.058451 -0.119138 -0.055004 0.989628
125.600000 -6.148143 -19.427669 90.408718 -0.058457 -0.110627 -0.053799 0.990682
125.700000 -6.207394 -19.385854 90.816138 -0.059182 -0.100155 -0.054691 0.991703
125.800000 -6.269370 -19.350946 91.205088 -0.060636 -0.085914 -0.056441 0.992853
125.900000 -6.322670 -19.298582 91.597909 -0.063342 -0.067920 -0.058384 0.993965
126.000000 -6.335615 -19.253760 91.981276 -0.067184 -0.048463 -0.058076 0.994869
126.100000 -6.329416 -19.231084 92.327523 -0.067816 -0.025917 -0.049097 0.996152
126.200000 -6.290806 -19.198538 92.665606 -0.064382 -0.001992 -0.043868 0.996959
126.300000 -6.262556 -19.185858 92.967522 -0.059007 0.024566 -0.043458 0.997009
126.400000 -6.222043 -19.164044 93.281252 -0.053517 0.052105 -0.049432 0.995981
126.500000 -6.168812 -19.127885 93.581269 -0.049697 0.081124 -0.058259 0.993758
126.600000 -6.075630 -19.116964 93.876975 -0.050661 0.110779 -0.063384 0.990527
126.700000 -5.944241 -19.084937 94.163178 -0.050878 0.140579 -0.061864 0.986824
126.800000 -5.798833 -19.075198 94.444463 -0.051955 0.170789 -0.057784 0.982239
126.900000 -5.647696 -19.066045 94.676807 -0.050201 0.199701 -0.056299 0.976949
127.000000 -5.487372 -19.065164 94.934550 -0.047652 0.228804 -0.057344 0.970613
127.100000 -5.314614 -19.058043 95.164408 -0.043965 0.256941 -0.057585 0.963708
127.200000 -5.134249 -19.063549 95.383428 -0.041571 0.283392 -0.059619 0.956246
127.300000 -5.000563 -19.063549 95.603512 -0.040087 0.307708 -0.061915 0.948618
127.400000 -4.835521 -19.057574 95.786134 -0.039592 0.328963 -0.063969 0.941342
127.500000 -4.623828 -19.064068 95.998208 -0.039986 0.349826 -0.067636 0.933514
127.600000 -4.397031 -19.056250 96.214446 -0.039016 0.370379 -0.068697 0.925515
127.700000 -4.175797 -19.050242 96.408097 -0.038377 0.389740 -0.067354 0.917656
127.800000 -3.978063 -19.069592 96.548519 -0.038037 0.407174 -0.065991 0.910169
127.900000 -3.683195 -19.123417 96.822268 -0.038623 0.423740 -0.068375 0.902373
128.000000 -3.429017 -19.112927 96.971948 -0.035165 0.436643 -0.067788 0.896388
128.100000 -3.212914 -19.149294 97.139166 -0.033248 0.447259 -0.069079 0.891113
128.200000 -3.027733 -19.143495 97.265328 -0.030822 0.455647 -0.070943 0.886794
128.300000 -2.707586 -19.170562 97.477958 -0.029811 0.462528 -0.074292 0.882983
128.400000 -2.455313 -19.167592 97.646770 -0.027324 0.469149 -0.075357 0.879474
128.500000 -2.182665 -19.189335 97.816125 -0.026258 0.475696 -0.076825 0.875855
128.600000 -1.903983 -19.190480 97.990046 -0.024071 0.482117 -0.076018 0.872470
128.700000 -1.662573 -19.207419 98.149962 -0.023318 0.487608 -0.074637 0.869554
128.800000 -1.429130 -19.220704 98.278205 -0.023363 0.490886 -0.074103 0.867752
128.900000 -1.192028 -19.226411 98.420548 -0.023659 0.492691 -0.072918 0.866821
129.000000 -0.923872 -19.234900 98.569153 -0.024354 0.492704 -0.071053 0.866949
129.100000 -0.695942 -19.254346 98.715189 -0.026545 0.493413 -0.071697 0.866428
129.200000 -0.446179 -19.262162 98.865293 -0.027033 0.494427 -0.072148 0.865798
129.300000 -0.164981 -19.268920 99.019211 -0.026945 0.494500 -0.072419 0.865736
129.400000 0.110603 -19.274802 99.189737 -0.026911 0.495195 -0.073229 0.865272
129.500000 0.364595 -19.282857 99.339488 -0.026393 0.496219 -0.075222 0.864530
129.600000 0.654709 -19.294945 99.512282 -0.024962 0.497257 -0.075391 0.863961
129.700000 0.960727 -19.292388 99.677779 -0.023201 0.497656 -0.074784 0.863833
129.800000 1.241509 -19.307206 99.847216 -0.022828 0.498744 -0.075455 0.863157
129.900000 1.457989 -19.312874 99.971944 -0.023694 0.499674 -0.077840 0.862384
130.000000 1.723384 -19.319261 100.123444 -0.023612 0.500535 -0.077540 0.861913
130.100000 1.992416 -19.336370 100.271761 -0.023913 0.501270 -0.076785 0.861546
130.200000 2.240874 -19.349076 100.419468 -0.024670 0.502538 -0.077339 0.860736
130.300000 2.526708 -19.357199 100.579773 -0.024361 0.503571 -0.076334 0.860230
130.400000 2.779540 -19.373800 100.715084 -0.024145 0.504632 -0.075442 0.859693
130.500000 3.018107 -19.381651 100.841019 -0.022209 0.505231 -0.072297 0.859664
130.600000 3.276738 -19.387283 100.980918 -0.021933 0.505854 -0.072907 0.859253
130.700000 3.492461 -19.402053 101.095654 -0.021522 0.506566 -0.071365 0.858973
130.800000 3.747545 -19.420142 101.234304 -0.020845 0.507146 -0.071498 0.858636
130.900000 3.934883 -19.426044 101.342546 -0.019875 0.507827 -0.071689 0.858241
131.000000 4.160832 -19.433990 101.471696 -0.018227 0.508304 -0.072584 0.857920
131.100000 4.406012 -19.449795 101.613482 -0.017913 0.509047 -0.074552 0.857317
131.200000 4.608259 -19.462488 101.712848 -0.017722 0.509377 -0.075847 0.857011
131.300000 4.883087 -19.473417 101.877996 -0.017140 0.510110 -0.074959 0.856665
131.400000 5.108409 -19.485432 101.997129 -0.017492 0.510331 -0.073587 0.856646
131.500000 5.278904 -19.499837 102.086288 -0.018509 0.509915 -0.071981 0.857008
131.600000 5.650192 -19.491045 102.332810 -0.017817 0.509079 -0.070611 0.857634
131.700000 5.909031 -19.500449 102.484935 -0.016464 0.507761 -0.067043 0.858727
131.800000 6.028513 -19.528545 102.518880 -0.017426 0.506065 -0.067144 0.859701
131.900000 6.349909 -19.517796 102.762186 -0.015765 0.505424 -0.066327 0.860174
132.000000 6.547691 -19.528780 102.885892 -0.015052 0.504286 -0.067471 0.860765
132.100000 6.774435 -19.522778 103.019093 -0.013877 0.502675 -0.067928 0.861691
132.200000 7.083938 -19.558021 103.203900 -0.014091 0.501830 -0.068840 0.862107
132.300000 7.311063 -19.575547 103.334889 -0.014131 0.501023 -0.069355 0.862535
132.400000 7.562213 -19.582283 103.495342 -0.014418 0.500566 -0.069433 0.862789
132.500000 7.780992 -19.593506 103.627758 -0.016727 0.500119 -0.070314 0.862935
132.600000 7.940464 -19.598714 103.722992 -0.020884 0.499637 -0.068277 0.863287
132.700000 8.249845 -19.641594 103.927769 -0.021318 0.498896 -0.063639 0.864059
132.800000 8.444907 -19.649025 104.026765 -0.019949 0.497610 -0.064763 0.864750
132.900000 8.678166 -19.672184 104.226696 -0.015420 0.497499 -0.066579 0.864768
133.000000 8.806114 -19.676672 104.283491 -0.011707 0.496260 -0.068587 0.865381
133.100000 9.000874 -19.678755 104.400201 -0.009106 0.495716 -0.064677 0.866025
133.200000 9.273578 -19.673121 104.621666 -0.010260 0.497299 -0.062622 0.865255
133.300000 9.443979 -19.695696 104.717815 -0.015119 0.497802 -0.061026 0.865009
133.400000 9.664263 -19.713771 104.866036 -0.016103 0.498075 -0.060241 0.864889
133.500000 9.866062 -19.727561 105.000006 -0.013418 0.498207 -0.059736 0.864894
133.600000 10.035597 -19.732612 105.098745 -0.010898 0.497941 -0.060108 0.865057
133.700000 10.237649 -19.740000 105.230000 -0.009989 0.497660 -0.058751 0.865323
133.800000 10.405404 -19.744116 105.316287 -0.010993 0.496723 -0.056935 0.865970
133.900000 10.572217 -19.757832 105.415610 -0.012324 0.496400 -0.057253 0.866116
134.000000 10.749388 -19.770744 105.535399 -0.011965 0.495853 -0.056603 0.866477
134.100000 10.939043 -19.774474 105.646763 -0.010231 0.495142 -0.057313 0.866859
134.200000 11.116846 -19.782189 105.755650 -0.008781 0.494594 -0.057006 0.867208
134.300000 11.280847 -19.796421 105.858228 -0.009456 0.494308 -0.057472 0.867333
134.400000 11.423864 -19.809322 105.948023 -0.009838 0.493897 -0.055928 0.867664
134.500000 11.575685 -19.815249 106.041852 -0.010892 0.493503 -0.055872 0.867879
134.600000 11.736828 -19.825807 106.134335 -0.010882 0.492673 -0.054820 0.868418
134.700000 11.879342 -19.838832 106.229630 -0.010939 0.492124 -0.054206 0.868767
134.800000 12.026844 -19.843620 106.323312 -0.010977 0.491745 -0.054398 0.868969
134.900000 12.160886 -19.849220 106.394059 -0.010981 0.490782 -0.054594 0.869501
135.000000 12.299012 -19.851450 106.500631 -0.012135 0.491079 -0.056550 0.869193
135.100000 12.453392 -19.857792 106.614059 -0.011881 0.490688 -0.057061 0.869384
135.200000 12.574131 -19.866173 106.693487 -0.012036 0.490444 -0.058067 0.869453
135.300000 12.718387 -19.872560 106.788720 -0.011671 0.490128 -0.059016 0.869572
135.400000 12.834971 -19.877954 106.877474 -0.012846 0.490944 -0.062377 0.868860
135.500000 12.982899 -19.898686 106.961134 -0.012307 0.490789 -0.060962 0.869056
135.600000 13.131569 -19.893657 107.050190 -0.012965 0.490950 -0.063458 0.868777
135.700000 13.248963 -19.906810 107.126357 -0.013868 0.491549 -0.062784 0.868473
135.800000 13.353676 -19.913428 107.180102 -0.015006 0.492060 -0.062910 0.868155
135.900000 13.522896 -19.917316 107.302280 -0.014377 0.492876 -0.060347 0.867885
136.000000 13.641990 -19.927732 107.369549 -0.013895 0.493532 -0.059436 0.867583
136.100000 13.785624 -19.934142 107.467119 -0.012786 0.494758 -0.059640 0.866888
136.200000 13.901180 -19.934509 107.543012 -0.011243 0.495938 -0.060191 0.866196
136.300000 13.989287 -19.939996 107.602497 -0.010628 0.497063 -0.061162 0.865491
136.400000 14.094542 -19.950271 107.671519 -0.010327 0.498677 -0.060959 0.864580
136.500000 14.218070 -19.949028 107.741193 -0.010898 0.500378 -0.062191 0.863502
136.600000 14.356241 -19.955030 107.813898 -0.010403 0.502221 -0.061774 0.862467
136.700000 14.436534 -19.963660 107.868571 -0.011672 0.504803 -0.061383 0.860971
136.800000 14.524489 -19.967638 107.923250 -0.012687 0.507914 -0.062069 0.859075
136.900000 14.636532 -19.973035 107.986704 -0.011850 0.510894 -0.061904 0.857330
137.000000 14.723612 -19.973158 108.032012 -0.011800 0.514263 -0.062917 0.855240
137.100000 14.769633 -19.977529 108.057275 -0.011372 0.518107 -0.062209 0.852975
137.200000 14.934725 -19.980131 108.126248 -0.010433 0.521307 -0.062400 0.851021
137.300000 15.032412 -19.994545 108.173468 -0.009986 0.525342 -0.061802 0.848585
137.400000 15.124593 -19.999075 108.215048 -0.009180 0.529008 -0.061895 0.846307
137.500000 15.197387 -20.008071 108.255145 -0.009001 0.533297 -0.061166 0.843666
137.600000 15.276406 -20.006657 108.288542 -0.009583 0.537478 -0.061920 0.840947
137.700000 15.365866 -20.011437 108.328589 -0.009686 0.541965 -0.061780 0.838071
137.800000 15.424899 -20.020258 108.340456 -0.010044 0.546079 -0.061164 0.835437
137.900000 15.499109 -20.025706 108.364800 -0.007883 0.550679 -0.059482 0.832558
138.000000 15.550576 -20.037050 108.393519 -0.005249 0.555884 -0.056631 0.829312
138.100000 15.629533 -20.036991 108.403825 -0.003063 0.560072 -0.054493 0.826644
138.200000 15.683472 -20.042817 108.426148 -0.003904 0.565391 -0.054061 0.823040
138.300000 15.741029 -20.048015 108.441372 -0.004486 0.570469 -0.053406 0.819568
138.400000 15.788310 -20.042700 108.459658 -0.005102 0.575712 -0.055494 0.815751
138.500000 15.847019 -20.054238 108.465809 -0.005075 0.580942 -0.054013 0.812135
138.600000 15.867808 -20.064371 108.483907 -0.004517 0.586556 -0.053168 0.808149
138.700000 15.927639 -20.049255 108.485696 -0.003488 0.591199 -0.056768 0.804518
138.800000 15.961500 -20.057961 108.494085 -0.001469 0.596721 -0.057294 0.800399
138.900000 16.001106 -20.063357 108.501247 0.000777 0.601735 -0.056881 0.796667
139.000000 16.042398 -20.065920 108.504170 0.002166 0.606731 -0.055467 0.792966
139.100000 16.074130 -20.073136 108.511776 0.002991 0.612837 -0.053242 0.788408
139.200000 16.101218 -20.074156 108.520241 0.003706 0.618879 -0.052860 0.783697
139.300000 16.156566 -20.079981 108.522037 0.004321 0.624354 -0.053702 0.779282
139.400000 16.196004 -20.083311 108.520305 0.005099 0.629618 -0.054312 0.774987
139.500000 16.240219 -20.088462 108.517795 0.005903 0.635238 -0.054569 0.770363
139.600000 16.278737 -20.091989 108.523186 0.006378 0.641578 -0.056097 0.764977
139.700000 16.266231 -20.092845 108.542422 0.007941 0.648890 -0.056998 0.758702
139.800000 16.319382 -20.100606 108.542015 0.010197 0.656602 -0.058582 0.751890
139.900000 16.366822 -20.096848 108.543918 0.011409 0.665322 -0.061880 0.743901
140.000000 16.424161 -20.098181 108.540946 0.012608 0.674733 -0.063678 0.735202
140.100000 16.485778 -20.101278 108.538358 0.014369 0.685868 -0.063715 0.724789
140.200000 16.538332 -20.106449 108.534443 0.015595 0.698799 -0.064262 0.712255
140.300000 16.593766 -20.124468 108.529504 0.017255 0.712446 -0.061540 0.698810
140.400000 16.668233 -20.131199 108.517697 0.018813 0.726219 -0.061579 0.684441
140.500000 17.127244 -20.173463 107.833835 0.020006 0.700182 -0.067796 0.710457
140.600000 17.354702 -20.107253 107.600468 0.026776 0.701414 -0.077672 0.708003
140.700000 17.511487 -20.186274 107.552442 0.024573 0.716497 -0.074496 0.693166
140.800000 17.693995 -20.117992 107.815775 0.030053 0.754315 -0.083902 0.650435
140.900000 17.811583 -20.209438 107.829333 0.026780 0.775663 -0.078125 0.625720
141.000000 17.989322 -20.216333 107.773331 0.031919 0.793288 -0.078479 0.602923
141.100000 17.864653 -20.253330 107.724081 0.028819 0.805333 -0.075719 0.587261
141.200000 17.976421 -20.270136 107.665185 0.032545 0.821912 -0.075899 0.563596
141.300000 18.038338 -20.267176 107.648266 0.037039 0.838651 -0.077155 0.537903
141.400000 18.108599 -20.297636 107.639252 0.036979 0.856294 -0.076298 0.509482
141.500000 18.108589 -20.261113 107.589557 -0.042581 -0.868697 0.078178 -0.487279
141.600000 18.190418 -20.268045 107.532259 0.047116 0.882048 -0.076621 0.462494
141.700000 18.242861 -20.298335 107.489921 -0.050911 -0.894137 0.072647 -0.438919
141.800000 18.305145 -20.305831 107.412898 -0.053757 -0.904345 0.071562 -0.417312
141.900000 18.368389 -20.331058 107.347113 -0.055252 -0.914035 0.068178 -0.396029
142.000000 18.455077 -20.343437 107.289883 -0.058531 -0.922601 0.065220 -0.375670
142.100000 18.480428 -20.359340 107.236015 0.056720 0.929008 -0.064017 0.360040
142.200000 18.550490 -20.371766 107.146920 -0.059048 -0.933952 0.062441 -0.346913
142.300000 18.601323 -20.382785 107.114153 -0.060332 -0.938345 0.061990 -0.334702
142.400000 18.647006 -20.396555 107.039068 -0.060895 -0.941240 0.061660 -0.326432
142.500000 19.107485 -20.528813 106.475700 0.060757 0.944209 -0.059932 0.318099
142.600000 19.286209 -20.576707 106.190412 -0.060117 -0.946768 0.059984 -0.310514
142.700000 19.443634 -20.613544 105.994877 0.062124 0.948945 -0.058621 0.303658
142.800000 19.617749 -20.660565 105.702226 -0.063222 -0.950462 0.057267 -0.298908
142.900000 19.786805 -20.695486 105.464540 0.063624 0.951673 -0.056656 0.295059
143.000000 19.956192 -20.736270 105.157543 -0.064307 -0.952319 0.056592 -0.292831
143.100000 20.124058 -20.790143 104.895253 0.064556 0.952829 -0.056237 0.291181
143.200000 20.305379 -20.822536 104.612272 -0.064014 -0.953170 0.056794 -0.290075
143.300000 20.484648 -20.878211 104.295164 0.064702 0.953166 -0.056236 0.290043
143.400000 20.659838 -20.921558 104.015023 -0.064856 -0.953171 0.056456 -0.289952
143.500000 20.836976 -21.002677 103.668271 0.065810 0.952812 -0.055197 0.291156
143.600000 21.006631 -21.030567 103.404292 -0.064662 -0.952717 0.056708 -0.291435
143.700000 21.122379 -21.053578 103.241960 0.067995 0.952085 -0.056223 0.292831
143.800000 21.260179 -21.103048 103.010125 -0.070146 -0.951573 0.056298 -0.293969
143.900000 21.422586 -21.145312 102.692604 0.070661 0.950849 -0.057912 0.295870
144.000000 21.559092 -21.174154 102.493500 -0.070709 -0.950536 0.059048 -0.296639
144.100000 21.753236 -21.295907 102.130808 0.075690 0.949412 -0.055673 0.299647
144.200000 21.929080 -21.320384 101.891702 -0.074456 -0.948939 0.056879 -0.301223
144.300000 22.070535 -21.393860 101.625911 0.077274 0.947695 -0.055790 0.304617
144.400000 22.231188 -21.442612 101.385894 -0.075644 -0.946950 0.056575 -0.307186
144.500000 22.405263 -21.502619 101.095282 0.073872 0.946240 -0.055674 0.309958
144.600000 22.592829 -21.523802 100.820274 -0.070639 -0.945636 0.058536 -0.312019
144.700000 22.787575 -21.593657 100.544768 0.068632 0.945599 -0.057638 0.312745
144.800000 22.977233 -21.642387 100.265259 -0.065423 -0.945441 0.058075 -0.313828
144.900000 23.146863 -21.687681 100.006072 0.064942 0.944731 -0.057598 0.316147
145.000000 23.333931 -21.734507 99.731160 -0.063000 -0.944379 0.057109 -0.317674
145.100000 23.490950 -21.765389 99.489777 0.065154 0.943076 -0.057795 0.320970
145.200000 23.668888 -21.815393 99.221599 -0.065235 -0.942272 0.058504 -0.323179
145.300000 23.837878 -21.851866 98.964067 0.061458 0.941535 -0.059523 0.325872
145.400000 24.005511 -21.890070 98.703618 -0.061918 -0.940512 0.060532 -0.328542
145.500000 24.186331 -21.933037 98.432657 0.052046 0.940686 -0.061132 0.329641
145.600000 24.339490 -21.970471 98.165587 -0.054058 -0.938819 0.061949 -0.334452
145.700000 24.503722 -22.008712 97.917000 0.046457 0.938504 -0.061374 0.336579
145.800000 24.647390 -22.039491 97.679001 -0.052159 -0.936245 0.062223 -0.341839
145.900000 24.685484 -22.049210 97.657842 -0.056649 -0.936443 0.060278 -0.340929
146.000000 24.126910 -22.204997 97.966245 0.047416 0.937925 -0.060691 0.338180
146.100000 23.659228 -21.951369 98.137318 0.042428 0.936941 -0.058570 0.341922
146.200000 24.306666 -22.135497 97.397777 0.042207 0.937312 -0.057400 0.341130
146.300000 24.988373 -22.281783 96.631436 0.041060 0.937808 -0.057973 0.339808
146.400000 25.649761 -22.421709 95.879373 0.039760 0.938401 -0.059016 0.338143
146.500000 26.310149 -22.589267 95.081758 0.040053 0.938900 -0.059122 0.336701
146.600000 26.977724 -22.718672 94.298133 0.039150 0.939709 -0.059504 0.334475
146.700000 27.616306 -22.837699 93.464635 0.038186 0.940201 -0.059181 0.333259
146.800000 28.212676 -22.971061 92.628652 0.036848 0.940312 -0.057955 0.333311
146.900000 28.786051 -23.093779 91.797215 0.036073 0.940168 -0.057602 0.333864
147.000000 29.396627 -23.224130 90.949401 0.035432 0.940379 -0.057991 0.333271
147.100000 29.986686 -23.339858 90.137975 0.034021 0.940521 -0.059594 0.332734
147.200000 30.576780 -23.467527 89.303062 0.033444 0.940586 -0.060902 0.332370
147.300000 31.150084 -23.588737 88.475848 0.033469 0.940565 -0.061753 0.332270
147.400000 31.702509 -23.701831 87.671836 0.033164 0.940377 -0.062979 0.332604
147.500000 32.207673 -23.816260 86.966947 0.034257 0.940272 -0.063963 0.332601
147.600000 32.674590 -23.918212 86.266448 0.033898 0.939707 -0.065434 0.333946
147.700000 33.210219 -24.009943 85.623304 0.033301 0.939977 -0.067790 0.332775
147.800000 33.721004 -24.155385 85.004891 0.032982 0.940373 -0.067026 0.331840
147.900000 34.237862 -24.267420 84.346136 0.031313 0.940431 -0.066708 0.331901
148.000000 34.738408 -24.382780 83.700228 0.028769 0.940553 -0.066774 0.331772
148.100000 35.242973 -24.498700 83.030728 0.027956 0.940411 -0.068705 0.331852
148.200000 35.745217 -24.626498 82.375761 0.028478 0.940162 -0.070135 0.332213
148.300000 36.236607 -24.737088 81.771880 0.028898 0.940132 -0.071438 0.331984
148.400000 36.730900 -24.865992 81.158886 0.028671 0.940166 -0.071935 0.331800
148.500000 37.227289 -24.984618 80.533691 0.028337 0.940327 -0.070803 0.331617
148.600000 37.699640 -25.089000 79.926685 0.026903 0.940285 -0.070518 0.331914
148.700000 38.135777 -25.204285 79.380907 0.026306 0.940265 -0.070661 0.331990
148.800000 38.562342 -25.315074 78.851677 0.027138 0.940075 -0.070780 0.332435
148.900000 38.990042 -25.429745 78.314202 0.026975 0.939952 -0.070990 0.332752
149.000000 39.413965 -25.531367 77.767775 0.026806 0.939669 -0.071589 0.333434
149.100000 39.842730 -25.642620 77.219585 0.026434 0.939547 -0.071873 0.333747
149.200000 40.251812 -25.752157 76.685817 0.026079 0.939366 -0.071529 0.334358
149.300000 40.650587 -25.853198 76.140193 0.025713 0.938880 -0.071691 0.335715
149.400000 41.041164 -25.946754 75.613913 0.024091 0.938467 -0.072158 0.336886
149.500000 41.439347 -26.044385 75.104235 0.022883 0.938340 -0.072486 0.337253
149.600000 41.825106 -26.142382 74.584290 0.021847 0.938063 -0.072702 0.338045
149.700000 42.202156 -26.230630 74.079844 0.020814 0.937685 -0.073660 0.338952
149.800000 42.573169 -26.306994 73.601286 0.020005 0.937464 -0.075272 0.339258
149.900000 42.930806 -26.404510 73.132075 0.018831 0.937183 -0.076286 0.339874
150.000000 43.269254 -26.483936 72.675016 0.019013 0.936652 -0.076860 0.341194
150.100000 43.609792 -26.566803 72.273262 0.017837 0.936709 -0.077363 0.340989
150.200000 43.923141 -26.648707 71.890045 0.017424 0.936499 -0.077982 0.341444
150.300000 44.240770 -26.741137 71.463004 0.016644 0.936082 -0.078426 0.342525
150.400000 44.559766 -26.817490 71.087966 0.014814 0.936332 -0.077881 0.342049
150.500000 44.866238 -26.899865 70.682079 0.012880 0.936353 -0.075733 0.342552
150.600000 45.160823 -26.981162 70.272936 0.012234 0.936028 -0.073999 0.343839
150.700000 45.446488 -27.031831 69.893498 -0.009860 -0.935310 0.076876 -0.345237
150.800000 45.721861 -27.121219 69.558297 0.012181 0.935162 -0.075707 0.345821
150.900000 45.997416 -27.186175 69.199407 -0.011733 -0.934772 0.076759 -0.346659
151.000000 46.273873 -27.246863 68.851345 0.012439 0.934440 -0.076344 0.347619
151.100000 46.522938 -27.302511 68.564693 -0.010187 -0.934461 0.077300 -0.347423
151.200000 46.735497 -27.357842 68.280315 0.009314 0.934122 -0.076933 0.348440
151.300000 46.965743 -27.410922 67.992524 -0.010831 -0.933984 0.076872 -0.348779
151.400000 47.184865 -27.484885 67.725868 0.013964 0.933877 -0.074408 0.349489
151.500000 47.398005 -27.535242 67.464226 -0.011609 -0.933690 0.077721 -0.349352
151.600000 47.602000 -27.583912 67.218625 0.011064 0.933748 -0.079493 0.348816
151.700000 47.790489 -27.638522 66.985822 -0.011038 -0.933645 0.079544 -0.349080
151.800000 47.979490 -27.690137 66.749066 0.010780 0.933659 -0.079496 0.349064
151.900000 48.155249 -27.736452 66.528703 -0.012300 -0.933728 0.079646 -0.348793
152.000000 48.326047 -27.786247 66.311520 0.009926 0.933766 -0.079969 0.348693
152.100000 48.494526 -27.829748 66.109068 -0.010087 -0.933953 0.080098 -0.348159
152.200000 48.653724 -27.868409 65.926495 0.009133 0.934225 -0.080377 0.347391
152.300000 48.811807 -27.913919 65.730871 -0.007920 -0.934352 0.081100 -0.346910
152.400000 48.972690 -27.947694 65.543226 0.006505 0.934768 -0.082752 0.345425
152.500000 49.111632 -27.981752 65.369862 -0.007385 -0.934825 0.083362 -0.345106
152.600000 49.055035 -27.975588 65.434919 -0.013820 -0.934357 0.080951 -0.346746
152.700000 49.372260 -28.056782 65.051485 0.007034 0.935157 -0.083597 0.344155
152.800000 49.496167 -28.091188 64.901554 -0.008409 -0.935167 0.083530 -0.344113
152.900000 49.600138 -28.122101 64.770151 -0.009917 -0.935255 0.082372 -0.344113
153.000000 49.701878 -28.144472 64.656633 0.010616 0.935536 -0.081944 0.343431
153.100000 49.806949 -28.178110 64.526848 -0.008040 -0.935781 0.082040 -0.342810
153.200000 49.921779 -28.210928 64.396723 -0.007346 -0.936083 0.082020 -0.342005
153.300000 50.018264 -28.235428 64.266727 0.007529 0.936192 -0.082061 0.341693
153.400000 50.116097 -28.254421 64.145147 -0.007904 -0.936297 0.081860 -0.341445
153.500000 50.206089 -28.278418 64.033025 -0.007320 -0.936557 0.081211 -0.340899
153.600000 50.308144 -28.305336 63.904178 -0.006958 -0.936680 0.080984 -0.340622
153.700000 50.405558 -28.334941 63.782633 0.009252 0.936342 -0.079342 0.341882
153.800000 50.507936 -28.360626 63.650090 -0.010284 -0.935562 0.079263 -0.344000
153.900000 50.565696 -28.376116 63.576123 -0.011566 -0.934167 0.078656 -0.347868
154.000000 50.668166 -28.411917 63.459236 -0.011561 -0.932190 0.077653 -0.353353
154.100000 50.764640 -28.434587 63.334517 0.010352 0.929180 -0.077766 0.361207
154.200000 50.846773 -28.451258 63.243902 -0.009802 -0.925454 0.077054 -0.370813
154.300000 50.928757 -28.473354 63.151609 -0.008133 -0.920585 0.077016 -0.382787
154.400000 51.039827 -28.490454 63.028965 -0.003622 -0.915202 0.078131 -0.395333
154.500000 51.053509 -28.499352 63.036812 -0.007375 -0.907495 0.076504 -0.412971
154.600000 51.509722 -28.583555 62.684393 0.003767 0.900431 -0.077446 0.428033
154.700000 51.661828 -28.616722 62.568070 -0.001352 -0.891596 0.077926 -0.446075
154.800000 51.823511 -28.655137 62.495010 0.005080 -0.882897 0.078388 -0.462950
154.900000 52.381013 -28.725557 62.214619 -0.008148 0.873082 -0.079458 0.480986
155.000000 52.639962 -28.760881 62.072688 -0.013824 0.861343 -0.080332 0.501441
155.100000 52.885378 -28.806114 62.012417 -0.019791 0.849156 -0.079918 0.521685
155.200000 53.166864 -28.843593 61.931716 -0.027251 0.835818 -0.080601 0.542374
155.300000 53.471892 -28.877817 61.857365 -0.034144 0.820972 -0.080427 0.564244
155.400000 53.769124 -28.898437 61.809677 -0.038814 0.805771 -0.079529 0.585578
155.500000 54.441038 -28.953020 61.622630 -0.045464 0.788012 -0.079063 0.608867
155.600000 54.918202 -28.980246 61.559828 -0.050251 0.769827 -0.077844 0.631492
155.700000 55.383803 -29.012343 61.556578 -0.055377 0.751432 -0.079209 0.652694
155.800000 55.820554 -29.017927 61.546261 -0.056114 0.731992 -0.075651 0.674771
155.900000 56.256823 -29.113611 61.601969 -0.059948 0.713206 -0.069973 0.694872
156.000000 56.722750 -29.178907 61.644711 -0.063070 0.692335 -0.064477 0.715917
156.100000 57.147545 -29.150960 61.668907 -0.066741 0.668478 -0.067106 0.737685
156.200000 57.599778 -29.162248 61.744905 -0.069532 0.645115 -0.063175 0.758288
156.300000 58.001402 -29.162001 61.846838 -0.072597 0.621271 -0.061548 0.777794
156.400000 57.767017 -29.344466 61.877353 -0.077554 0.601235 -0.059058 0.793104
156.500000 58.048407 -29.421699 62.016301 -0.078247 0.579084 -0.052672 0.809793
156.600000 58.582577 -29.384553 62.223426 -0.077687 0.556984 -0.050990 0.825308
156.700000 59.049099 -29.325687 62.468883 -0.079852 0.536676 -0.052359 0.838368
156.800000 59.400031 -29.254001 62.696820 -0.081709 0.519514 -0.052242 0.848940
156.900000 59.113319 -29.335542 62.541386 -0.084210 0.505317 -0.052023 0.857238
157.000000 59.332088 -29.309722 62.714778 -0.083123 0.493148 -0.049998 0.864520
157.100000 59.475392 -29.297091 62.857694 -0.082924 0.483506 -0.050081 0.869964
157.200000 59.570049 -29.328611 62.938592 -0.081790 0.475204 -0.049086 0.874690
157.300000 59.770205 -29.287624 63.102069 -0.079866 0.468772 -0.051933 0.878167
157.400000 59.839400 -29.284190 63.139109 -0.078873 0.463956 -0.049941 0.880925
157.500000 59.956961 -29.321629 63.266724 -0.080351 0.460899 -0.045258 0.882648
157.600000 60.107126 -29.319501 63.381729 -0.083092 0.458223 -0.044463 0.883827
157.700000 60.186169 -29.316384 63.479026 -0.085439 0.457186 -0.044606 0.884133
157.800000 60.325653 -29.334201 63.587723 -0.085854 0.456775 -0.042168 0.884425
157.900000 60.407553 -29.349409 63.656760 -0.086030 0.457156 -0.040960 0.884268
158.000000 60.478534 -29.338958 63.743445 -0.086038 0.458193 -0.041068 0.883725
158.100000 60.599032 -29.357460 63.826457 -0.085647 0.457900 -0.039212 0.883999
158.200000 60.745244 -29.350171 63.901067 -0.084885 0.457566 -0.037996 0.884299
158.300000 60.940217 -29.294990 64.121527 -0.087081 0.460071 -0.043851 0.882513
158.400000 61.072484 -29.286093 64.220789 -0.086897 0.460442 -0.041532 0.882450
158.500000 61.226622 -29.270795 64.354690 -0.087314 0.461226 -0.042372 0.881959
158.600000 61.320612 -29.260419 64.438065 -0.087551 0.461766 -0.041247 0.881706
158.700000 61.447787 -29.276284 64.538889 -0.086267 0.461102 -0.033936 0.882492
158.800000 61.543027 -29.259375 64.621886 -0.087074 0.460253 -0.035845 0.882780
158.900000 61.690622 -29.243313 64.735026 -0.087023 0.457724 -0.034584 0.884149
159.000000 61.780081 -29.248857 64.828952 -0.089396 0.456231 -0.035747 0.884638
159.100000 61.881367 -29.224249 64.910254 -0.090157 0.452718 -0.036850 0.886318
159.200000 61.990167 -29.212422 65.000953 -0.090876 0.448903 -0.034954 0.888260
159.300000 62.101154 -29.213764 65.094264 -0.095149 0.444676 -0.037854 0.889819
159.400000 62.209591 -29.190239 65.182069 -0.095859 0.440351 -0.040365 0.891781
159.500000 62.350168 -29.178868 65.288068 -0.098196 0.434717 -0.044351 0.894098
159.600000 62.478523 -29.149016 65.392240 -0.096107 0.429829 -0.045393 0.896633
159.700000 62.596742 -29.139206 65.482043 -0.096564 0.425331 -0.049169 0.898527
159.800000 62.708123 -29.126858 65.576452 -0.098786 0.422102 -0.052492 0.899620
159.900000 62.840116 -29.109728 65.663487 -0.100936 0.419120 -0.053102 0.900739
160.000000 62.960852 -29.092521 65.761076 -0.103828 0.418202 -0.056795 0.900612
160.100000 63.079025 -29.073968 65.859445 -0.105103 0.419176 -0.058031 0.899932
160.200000 63.220157 -29.051806 66.009625 -0.107720 0.422407 -0.062437 0.897814
160.300000 63.344891 -29.034569 66.109761 -0.108078 0.425191 -0.063509 0.896381
160.400000 63.455271 -29.017207 66.200705 -0.108501 0.428714 -0.066243 0.894452
160.500000 63.609398 -28.996239 66.312879 -0.108912 0.432973 -0.068676 0.892164
160.600000 63.658413 -28.998870 66.320676 -0.107695 0.436389 -0.065653 0.890874
160.700000 63.825448 -28.982409 66.456602 -0.110386 0.442044 -0.068222 0.887557
160.800000 63.904717 -28.965112 66.522540 -0.110218 0.447724 -0.067778 0.884760
160.900000 63.997469 -28.962393 66.584559 -0.110442 0.452503 -0.068791 0.882220
161.000000 64.133693 -28.938228 66.675533 -0.109222 0.457715 -0.070018 0.879583
161.100000 64.281410 -28.920607 66.781603 -0.107912 0.463562 -0.069164 0.876745
161.200000 64.424719 -28.897546 66.860777 -0.106762 0.468314 -0.068745 0.874390
161.300000 64.563940 -28.881774 66.951100 -0.107375 0.473238 -0.069289 0.871617
161.400000 64.701005 -28.869682 67.035679 -0.107989 0.477724 -0.070810 0.868967
161.500000 64.832420 -28.847885 67.129471 -0.106174 0.481868 -0.069357 0.867018
161.600000 64.987769 -28.836030 67.207263 -0.105396 0.483722 -0.069504 0.866068
161.700000 65.041156 -28.837472 67.237208 -0.105332 0.484734 -0.070467 0.865432
161.800000 65.167174 -28.825880 67.315798 -0.104090 0.485726 -0.070665 0.865010
161.900000 65.272831 -28.814280 67.369808 -0.103495 0.485370 -0.071215 0.865236
162.000000 65.406078 -28.800512 67.453354 -0.104555 0.485366 -0.072468 0.865007
162.100000 65.526518 -28.786180 67.523666 -0.103527 0.484582 -0.070651 0.865720
162.200000 65.649553 -28.775305 67.597595 -0.105432 0.483297 -0.070893 0.866188
162.300000 65.772852 -28.761544 67.674332 -0.106003 0.482452 -0.069120 0.866733
162.400000 65.902325 -28.738849 67.749716 -0.107055 0.481488 -0.069279 0.867127
162.500000 66.057678 -28.722865 67.852017 -0.109379 0.480948 -0.071030 0.866995
162.600000 66.185880 -28.706781 67.924810 -0.109305 0.480449 -0.071075 0.867277
162.700000 66.286921 -28.699339 68.001727 -0.112020 0.481100 -0.074794 0.866256
162.800000 66.429502 -28.679321 68.078613 -0.111677 0.482317 -0.076499 0.865475
162.900000 66.550045 -28.675825 68.150271 -0.114973 0.484340 -0.081129 0.863489
163.000000 66.679811 -28.656546 68.228535 -0.115191 0.488372 -0.084115 0.860899
163.100000 66.785027 -28.647374 68.287313 -0.114386 0.493532 -0.087018 0.857770
163.200000 66.921678 -28.631967 68.361983 -0.112961 0.499988 -0.090939 0.853804
163.300000 67.054941 -28.616462 68.435392 -0.112830 0.507771 -0.093981 0.848885
163.400000 67.189214 -28.603651 68.504110 -0.111972 0.516580 -0.092434 0.843838
163.500000 67.357533 -28.585521 68.577469 -0.112010 0.525593 -0.091220 0.838382
163.600000 67.418270 -28.580712 68.618544 -0.112281 0.535218 -0.092337 0.832111
163.700000 67.604438 -28.570577 68.681367 -0.110692 0.543734 -0.092371 0.826781
163.800000 67.750825 -28.559059 68.729453 -0.106957 0.552095 -0.091047 0.821865
163.900000 67.850887 -28.561691 68.772446 -0.106511 0.560991 -0.090108 0.815981
164.000000 67.967925 -28.553626 68.810667 -0.104989 0.569044 -0.088979 0.810709
164.100000 68.142127 -28.545472 68.872939 -0.101695 0.576166 -0.086578 0.806347
164.200000 68.258603 -28.544453 68.895419 -0.100990 0.581681 -0.088095 0.802301
164.300000 68.372255 -28.540869 68.935472 -0.101030 0.587605 -0.086530 0.798139
164.400000 68.497132 -28.539147 68.972909 -0.106130 0.592437 -0.085426 0.794014
164.500000 68.676046 -28.538078 69.016481 -0.111236 0.595498 -0.084324 0.791137
164.600000 68.797526 -28.529857 69.050919 -0.110934 0.597682 -0.081160 0.789863
164.700000 68.898277 -28.525862 69.062291 -0.106642 0.597302 -0.081576 0.790698
164.800000 69.049013 -28.523186 69.113668 -0.101591 0.597491 -0.084252 0.790940
164.900000 69.185151 -28.514846 69.158500 -0.097892 0.597430 -0.086873 0.791169
165.000000 69.324230 -28.505299 69.194142 -0.096948 0.596952 -0.087166 0.791613
165.100000 69.448368 -28.498593 69.231021 -0.098812 0.597469 -0.086734 0.791040
165.200000 69.564316 -28.499058 69.259218 -0.102096 0.598051 -0.086559 0.790202
165.300000 69.713024 -28.493025 69.308909 -0.104352 0.601030 -0.086174 0.787685
165.400000 69.851437 -28.478956 69.342106 -0.103702 0.603546 -0.084319 0.786046
165.500000 69.977967 -28.477537 69.376234 -0.103382 0.607178 -0.085498 0.783159
165.600000 70.117971 -28.474085 69.412930 -0.102305 0.611630 -0.088031 0.779547
165.700000 70.253844 -28.491519 69.464191 -0.106244 0.618246 -0.093426 0.773147
165.800000 70.382315 -28.487236 69.499104 -0.104452 0.624746 -0.094171 0.768059
165.900000 70.485307 -28.489677 69.526684 -0.103555 0.630461 -0.097981 0.763017
166.000000 70.567735 -28.491705 69.522735 -0.097639 0.633999 -0.099409 0.760677
166.100000 70.722709 -28.503853 69.572669 -0.101137 0.639088 -0.105966 0.755056
166.200000 70.826084 -28.500581 69.574313 -0.100392 0.641826 -0.103853 0.753124
166.300000 70.955371 -28.495942 69.591665 -0.100248 0.644118 -0.100182 0.751682
166.400000 71.075584 -28.501838 69.615640 -0.103159 0.645369 -0.101366 0.750055
166.500000 71.192388 -28.491060 69.626087 -0.100312 0.646002 -0.098846 0.750232
166.600000 71.329620 -28.491635 69.652170 -0.101804 0.646367 -0.100872 0.749447
166.700000 71.453587 -28.486142 69.667522 -0.102077 0.646619 -0.100917 0.749186
166.800000 71.587051 -28.486617 69.687157 -0.102073 0.646800 -0.100784 0.749048
166.900000 71.694043 -28.485865 69.703064 -0.103768 0.646953 -0.102285 0.748480
167.000000 71.805620 -28.485743 69.720389 -0.106163 0.647538 -0.104516 0.747329
167.100000 71.948669 -28.481981 69.743862 -0.106638 0.649694 -0.106081 0.745166
167.200000 72.077558 -28.477074 69.765465 -0.106895 0.652747 -0.108224 0.742147
167.300000 72.189411 -28.473744 69.766155 -0.108141 0.655094 -0.109119 0.739764
167.400000 72.309798 -28.475426 69.783494 -0.109144 0.659689 -0.109640 0.735444
167.500000 72.309876 -28.494101 69.777427 -0.111215 0.663787 -0.109157 0.731507
167.600000 72.598516 -28.470414 69.813860 -0.106753 0.669129 -0.109075 0.727306
167.700000 72.730478 -28.470450 69.825355 -0.105902 0.674435 -0.108859 0.722545
167.800000 72.861270 -28.467708 69.835989 -0.104370 0.679706 -0.109514 0.717714
167.900000 72.977318 -28.473010 69.837486 -0.103816 0.685061 -0.111097 0.712441
168.000000 73.104560 -28.485730 69.837696 -0.105736 0.689406 -0.116041 0.707159
168.100000 73.229302 -28.487770 69.837411 -0.103660 0.694813 -0.116213 0.702128
168.200000 73.366638 -28.496731 69.839369 -0.104196 0.700168 -0.117082 0.696563
168.300000 73.487651 -28.495383 69.839913 -0.103982 0.705497 -0.117697 0.691093
168.400000 73.584680 -28.475777 69.841644 -0.098169 0.711168 -0.115987 0.686404
168.500000 73.653116 -28.515854 69.834193 -0.104030 0.714334 -0.119795 0.681582
168.600000 73.777914 -28.521491 69.832108 -0.098902 0.718557 -0.115878 0.678576
168.700000 73.889617 -28.526417 69.835892 -0.097438 0.721885 -0.115183 0.675367
168.800000 73.977089 -28.523606 69.812232 -0.097198 0.722994 -0.116123 0.674053
168.900000 74.093869 -28.526183 69.813628 -0.098350 0.724616 -0.118306 0.671760
169.000000 74.180611 -28.507493 69.829738 -0.094350 0.726054 -0.115031 0.671351
169.100000 74.261523 -28.539057 69.800060 -0.095224 0.724695 -0.114288 0.672821
169.200000 74.372682 -28.542892 69.809152 -0.094625 0.724554 -0.113343 0.673217
169.300000 74.504082 -28.533458 69.819855 -0.092951 0.723942 -0.112157 0.674306
169.400000 74.563589 -28.531527 69.811558 -0.091304 0.721855 -0.109373 0.677219
169.500000 74.716075 -28.534028 69.830477 -0.094712 0.720374 -0.112139 0.677876
169.600000 74.798103 -28.536871 69.825365 -0.092580 0.718321 -0.109199 0.680822
169.700000 74.879593 -28.540767 69.817594 -0.093637 0.715907 -0.109412 0.683183
169.800000 74.987578 -28.543491 69.824080 -0.094943 0.714360 -0.109370 0.684627
169.900000 75.046006 -28.553985 69.815086 -0.095781 0.712584 -0.108437 0.686507
170.000000 75.114475 -28.545787 69.804165 -0.094196 0.710996 -0.109543 0.688194
170.100000 75.202119 -28.567100 69.816652 -0.096121 0.711469 -0.112099 0.687027
170.200000 75.314116 -28.547940 69.815599 -0.091470 0.712224 -0.113585 0.686636
170.300000 75.390566 -28.563624 69.796019 -0.088774 0.712191 -0.113931 0.686967
170.400000 75.463140 -28.559474 69.795998 -0.088408 0.714034 -0.114676 0.684974
170.500000 75.505509 -28.559179 69.781623 -0.088319 0.715748 -0.111744 0.683680
170.600000 75.527413 -28.565771 69.796988 -0.093405 0.718715 -0.110338 0.680110
170.700000 76.311010 -28.605835 69.762211 -0.092840 0.721674 -0.105751 0.677779
170.800000 76.582702 -28.601571 69.748364 -0.093181 0.723475 -0.108089 0.675439
170.900000 76.772416 -28.616642 69.748092 -0.093664 0.724947 -0.112316 0.673101
171.000000 76.983412 -28.625372 69.723644 -0.087357 0.726151 -0.110716 0.672916
171.100000 77.134065 -28.642682 69.699873 -0.087374 0.726294 -0.112002 0.672546
171.200000 77.374854 -28.651283 69.687728 -0.088415 0.726647 -0.114015 0.671691
171.300000 77.575163 -28.667483 69.669750 -0.086087 0.727555 -0.112380 0.671285
171.400000 77.777489 -28.680960 69.655299 -0.087151 0.727559 -0.114174 0.670841
171.500000 78.011952 -28.697970 69.646158 -0.088199 0.727459 -0.114243 0.670800
171.600000 78.082888 -28.689224 69.632779 -0.087818 0.727879 -0.110503 0.671021
171.700000 78.266503 -28.699071 69.615501 -0.089605 0.726774 -0.105694 0.672755
171.800000 78.393977 -28.707034 69.612850 -0.091004 0.725043 -0.104050 0.674689
171.900000 78.647536 -28.715793 69.590737 -0.091329 0.721791 -0.103567 0.678197
172.000000 78.853889 -28.723152 69.581684 -0.091412 0.718112 -0.104601 0.681922
172.100000 79.015676 -28.725858 69.577824 -0.094740 0.715174 -0.106979 0.684182
172.200000 79.247952 -28.737085 69.579580 -0.099326 0.712050 -0.110037 0.686303
172.300000 79.430451 -28.743199 69.573592 -0.100025 0.709561 -0.109924 0.688793
172.400000 79.623441 -28.740343 69.570031 -0.101435 0.707098 -0.115716 0.690169
172.500000 79.809705 -28.770123 69.564125 -0.102056 0.705091 -0.120458 0.691318
172.600000 80.026725 -28.772631 69.569144 -0.105925 0.703235 -0.126916 0.691471
172.700000 80.215381 -28.799974 69.577965 -0.107280 0.702736 -0.126216 0.691898
172.800000 80.412021 -28.789323 69.578276 -0.106546 0.702256 -0.123428 0.693001
172.900000 80.626499 -28.785944 69.574243 -0.108524 0.701536 -0.124846 0.693169
173.000000 80.809910 -28.792862 69.572884 -0.108984 0.701293 -0.124690 0.693371
173.100000 80.971475 -28.818998 69.569134 -0.108159 0.701071 -0.123358 0.693962
173.200000 81.184799 -28.832144 69.571319 -0.106330 0.701981 -0.122466 0.693483
173.300000 81.309858 -28.844617 69.581651 -0.106751 0.702967 -0.121250 0.692632
173.400000 81.531468 -28.844365 69.527164 -0.105231 0.701364 -0.119757 0.694747
173.500000 81.731135 -28.856597 69.520200 -0.105021 0.702026 -0.116561 0.694654
173.600000 81.922733 -28.869012 69.508380 -0.106503 0.701245 -0.117821 0.695004
173.700000 82.073727 -28.904305 69.502374 -0.112736 0.700892 -0.121476 0.693747
173.800000 82.278899 -28.912373 69.491219 -0.112311 0.700525 -0.121276 0.694221
173.900000 82.511271 -28.910640 69.478731 -0.109143 0.701459 -0.116762 0.694557
174.000000 82.615645 -28.902722 69.509901 -0.113868 0.703562 -0.118563 0.691359
174.100000 82.786190 -28.901992 69.521758 -0.119231 0.705172 -0.119363 0.688672
174.200000 82.982989 -28.897565 69.541620 -0.125382 0.706005 -0.122943 0.686091
174.300000 83.108196 -28.897370 69.546505 -0.122463 0.706487 -0.122575 0.686188
174.400000 82.826153 -27.413874 69.861623 -0.119792 0.700803 -0.111242 0.694370
174.500000 82.982419 -26.492420 70.031480 -0.123941 0.699992 -0.110816 0.694529
174.600000 83.088814 -26.780343 69.795421 -0.122756 0.700994 -0.110701 0.693746
174.700000 83.114595 -26.958887 69.695918 -0.121930 0.701328 -0.110152 0.693641
174.800000 83.087840 -27.573585 69.487025 -0.119467 0.702635 -0.112502 0.692369
174.900000 83.271495 -27.522616 69.287100 -0.120040 0.703764 -0.114072 0.690864
175.000000 83.431894 -27.755202 69.000771 -0.119272 0.705144 -0.114987 0.689438
175.100000 83.393634 -28.580042 68.709690 -0.115868 0.706756 -0.117197 0.687994
175.200000 83.635586 -27.594005 68.818588 -0.120041 0.705726 -0.113880 0.688892
175.300000 83.790969 -27.295838 68.748449 -0.121152 0.705520 -0.110976 0.689383
175.400000 84.633201 -27.556366 68.876455 -0.128281 0.707962 -0.117982 0.684407
175.500000 85.060348 -27.530289 68.890667 -0.129272 0.709090 -0.118464 0.682969
175.600000 85.523296 -27.510579 68.894248 -0.130524 0.710565 -0.119110 0.681083
175.700000 85.922882 -27.515513 68.922591 -0.132144 0.711683 -0.123140 0.678883
175.800000 86.174768 -27.586345 68.888348 -0.134714 0.710983 -0.120830 0.679526
175.900000 86.618750 -27.528780 68.924267 -0.132608 0.712998 -0.125239 0.677026
176.000000 86.909842 -27.560779 68.992103 -0.131718 0.714915 -0.125424 0.675142
176.100000 87.276483 -27.555292 68.944800 -0.127238 0.714905 -0.127465 0.675629
176.200000 87.929216 -27.561205 68.950548 -0.129310 0.717094 -0.128573 0.672699
176.300000 88.264362 -27.546712 68.942652 -0.132013 0.717781 -0.128459 0.671463
176.400000 88.820716 -27.586612 68.912230 -0.134661 0.718329 -0.126279 0.670763
176.500000 89.301671 -27.623213 68.871234 -0.132635 0.718213 -0.125318 0.671471
176.600000 89.594781 -27.620175 68.880220 -0.132681 0.718526 -0.127087 0.670795
176.700000 90.018954 -27.624473 68.847454 -0.131208 0.717957 -0.130397 0.671058
176.800000 90.329876 -27.620518 68.854327 -0.133476 0.718131 -0.132342 0.670044
176.900000 90.680260 -27.629705 68.835940 -0.134789 0.718569 -0.130392 0.669693
177.000000 91.033106 -27.645077 68.816569 -0.137347 0.719436 -0.127697 0.668761
177.100000 91.387265 -27.649605 68.791723 -0.136663 0.719984 -0.127181 0.668410
177.200000 91.646410 -27.643774 68.811735 -0.133177 0.721702 -0.129775 0.666760
177.300000 91.945122 -27.657999 68.798404 -0.129447 0.721984 -0.134508 0.666251
177.400000 92.268072 -27.665500 68.799159 -0.127350 0.724854 -0.133321 0.663773
177.500000 92.568664 -27.657375 68.772560 -0.127918 0.727715 -0.129283 0.661327
177.600000 92.865444 -27.682642 68.751867 -0.133682 0.730580 -0.125504 0.657747
177.700000 93.137226 -27.690965 68.747914 -0.136997 0.732937 -0.125154 0.654501
177.800000 93.326285 -27.681889 68.714325 -0.134352 0.733491 -0.127325 0.654009
177.900000 93.596797 -27.673702 68.711540 -0.128132 0.736080 -0.130310 0.651757
178.000000 93.825409 -27.673759 68.694936 -0.124197 0.737228 -0.132873 0.650704
178.100000 94.039962 -27.681436 68.679291 -0.123685 0.738062 -0.133740 0.649677
178.200000 94.245766 -27.701872 68.659241 -0.121994 0.737508 -0.128491 0.651682
178.300000 94.436420 -27.709686 68.639883 -0.119294 0.735944 -0.124137 0.654786
178.400000 94.603080 -27.706764 68.626756 -0.119608 0.731695 -0.122076 0.659860
178.500000 94.840310 -27.691829 68.618755 -0.118166 0.724863 -0.120964 0.667816
178.600000 95.019551 -27.702749 68.615274 -0.116314 0.715885 -0.115305 0.678737
178.700000 95.208370 -27.699366 68.615399 -0.115615 0.703944 -0.111054 0.691927
178.800000 95.374751 -27.690510 68.621551 -0.119010 0.690020 -0.108554 0.705638
178.900000 95.528650 -27.688097 68.641743 -0.123935 0.674722 -0.106569 0.719746
179.000000 95.668018 -27.686405 68.663983 -0.126604 0.658374 -0.103005 0.734782
179.100000 95.881620 -27.679658 68.701787 -0.128015 0.642327 -0.101766 0.748780
179.200000 96.053676 -27.667849 68.736892 -0.127496 0.625779 -0.098893 0.763129
179.300000 96.183585 -27.648113 68.792430 -0.128338 0.609533 -0.099715 0.775922
179.400000 96.386117 -27.626365 68.846734 -0.130148 0.592548 -0.096784 0.789038
179.500000 96.551031 -27.603880 68.914340 -0.133052 0.575510 -0.093068 0.801513
179.600000 96.713157 -27.586656 68.983704 -0.137580 0.558887 -0.089901 0.812794
179.700000 96.879526 -27.557058 69.062232 -0.142440 0.543614 -0.086781 0.822596
179.800000 97.018529 -27.535433 69.124828 -0.148184 0.529629 -0.084789 0.830870
179.900000 97.227617 -27.480688 69.251430 -0.151121 0.517100 -0.084307 0.838250
180.000000 97.403280 -27.440416 69.361673 -0.154291 0.506892 -0.084151 0.843904
180.100000 97.570295 -27.395989 69.450575 -0.157394 0.498938 -0.083903 0.848085
180.200000 97.730749 -27.366179 69.558677 -0.162233 0.492679 -0.088482 0.850364
180.300000 97.835500 -27.339420 69.596765 -0.161536 0.488441 -0.088965 0.852887
180.400000 98.024430 -27.296654 69.719425 -0.162725 0.486078 -0.092732 0.853610
180.500000 98.168972 -27.257573 69.801452 -0.161772 0.485499 -0.093343 0.854054
180.600000 98.358464 -27.216899 69.915800 -0.163102 0.486090 -0.094855 0.853298
180.700000 98.532262 -27.177288 70.019417 -0.163161 0.488108 -0.094047 0.852223
180.800000 98.712179 -27.138807 70.121528 -0.166148 0.490154 -0.095112 0.850351
180.900000 98.871238 -27.101095 70.197775 -0.162979 0.492757 -0.093074 0.849686
181.000000 99.032976 -27.076295 70.284625 -0.161096 0.494380 -0.097045 0.848657
181.100000 99.225498 -27.028896 70.392808 -0.155414 0.497130 -0.099052 0.847878
181.200000 99.362663 -27.020425 70.449102 -0.155067 0.498635 -0.103210 0.846561
181.300000 99.542785 -26.980519 70.542227 -0.154500 0.501681 -0.101588 0.845059
181.400000 99.720666 -26.951328 70.636812 -0.158205 0.504943 -0.101519 0.842435
181.500000 99.699066 -26.976450 70.638915 -0.162448 0.508089 -0.101961 0.839679
181.600000 100.080264 -26.889329 70.784819 -0.158888 0.509042 -0.098306 0.840218
181.700000 100.250478 -26.855228 70.870090 -0.158509 0.510465 -0.101889 0.838999
181.800000 100.403148 -26.809389 70.935883 -0.154396 0.511987 -0.099406 0.839136
181.900000 100.605408 -26.787017 71.043657 -0.152516 0.514050 -0.097919 0.838393
182.000000 100.775199 -26.762113 71.126043 -0.152268 0.515146 -0.095068 0.838094
182.100000 100.987424 -26.708149 71.253335 -0.156007 0.515339 -0.101407 0.836543
182.200000 101.476442 -26.602528 71.498920 -0.156788 0.514445 -0.100877 0.837011
182.300000 101.755304 -26.540378 71.645933 -0.155297 0.514207 -0.098403 0.837729
182.400000 102.028743 -26.485455 71.783872 -0.154633 0.514120 -0.097667 0.837992
182.500000 102.227409 -26.464854 71.872495 -0.156666 0.513731 -0.099170 0.837676
182.600000 102.517359 -26.389813 72.029836 -0.156301 0.514011 -0.096835 0.837846
182.700000 102.813968 -26.319188 72.189839 -0.157993 0.513422 -0.097902 0.837766
182.800000 102.967519 -26.300845 72.253328 -0.159656 0.512665 -0.097509 0.837960
182.900000 103.204749 -26.255728 72.368393 -0.157305 0.512538 -0.096099 0.838645
183.000000 103.408580 -26.208580 72.486647 -0.155817 0.512898 -0.097867 0.838498
183.100000 103.588601 -26.175213 72.582728 -0.154560 0.512901 -0.099560 0.838529
183.200000 103.828648 -26.138225 72.689078 -0.155136 0.512478 -0.102646 0.838309
183.300000 103.905004 -26.129264 72.743768 -0.157797 0.513403 -0.102965 0.837207
183.400000 104.094857 -26.101197 72.842488 -0.157110 0.514393 -0.099547 0.837142
183.500000 104.265628 -26.086274 72.925489 -0.156575 0.514587 -0.099832 0.837089
183.600000 104.370608 -26.093526 72.991927 -0.156993 0.514969 -0.103263 0.836359
183.700000 104.508276 -26.067468 73.061801 -0.154492 0.516008 -0.103799 0.836118
183.800000 104.681588 -26.029400 73.154394 -0.153718 0.517436 -0.104804 0.835252
183.900000 104.813257 -26.017676 73.223886 -0.153376 0.518781 -0.103989 0.834583
184.000000 104.981587 -25.995805 73.313060 -0.153235 0.519506 -0.102226 0.834375
184.100000 105.221441 -25.967197 73.400795 -0.151938 0.520344 -0.100113 0.834347
184.200000 105.322709 -25.949362 73.490716 -0.154809 0.521567 -0.099368 0.833143
184.300000 105.487699 -25.915692 73.572861 -0.156473 0.521995 -0.099463 0.832553
184.400000 105.657869 -25.901783 73.648978 -0.152850 0.522334 -0.091478 0.833928
184.500000 105.926038 -25.848524 73.777214 -0.154845 0.522577 -0.096450 0.832846
184.600000 106.112810 -25.843703 73.871387 -0.156058 0.522941 -0.096288 0.832411
184.700000 106.246408 -25.841286 73.930849 -0.154265 0.522669 -0.092506 0.833344
184.800000 106.496173 -26.001881 74.061132 -0.161935 0.521295 -0.091707 0.832837
184.900000 106.679259 -25.969197 74.144502 -0.164066 0.519800 -0.093906 0.833110
185.000000 106.872640 -25.924536 74.320381 -0.167348 0.520329 -0.095412 0.831955
185.100000 107.151163 -25.862895 74.215001 -0.165452 0.513229 -0.095023 0.836775
185.200000 107.379824 -25.874126 74.310758 -0.164201 0.511221 -0.096079 0.838129
185.300000 107.573844 -25.861289 74.279308 -0.160287 0.506019 -0.099381 0.841651
185.400000 107.772481 -25.797751 74.488126 -0.160885 0.508498 -0.100953 0.839854
185.500000 107.963870 -25.773033 74.596735 -0.167241 0.508650 -0.099523 0.838690
185.600000 108.200600 -25.712889 74.690361 -0.170882 0.509260 -0.097252 0.837852
185.700000 108.383119 -25.719683 74.835734 -0.172656 0.511095 -0.096092 0.836503
185.800000 108.595386 -25.664277 74.955036 -0.170767 0.511815 -0.101355 0.835830
185.900000 108.779701 -25.624936 75.048294 -0.170429 0.511269 -0.105571 0.835711
186.000000 108.947492 -25.616725 75.132548 -0.171880 0.511646 -0.106165 0.835108
186.100000 109.153341 -25.557342 75.246540 -0.172198 0.513301 -0.103005 0.834422
186.200000 109.320134 -25.543939 75.333587 -0.175963 0.514135 -0.101764 0.833275
186.300000 109.539435 -25.464677 75.445785 -0.174330 0.515424 -0.100247 0.833005
186.400000 109.747478 -25.435956 75.568810 -0.173285 0.516236 -0.100820 0.832652
186.500000 109.944614 -25.402299 75.653379 -0.170261 0.515681 -0.100467 0.833661
186.600000 110.135891 -25.346548 75.731373 -0.165255 0.515198 -0.097552 0.835311
186.700000 110.327493 -25.310892 75.814622 -0.165902 0.514660 -0.095462 0.835757
186.800000 110.516635 -25.283345 75.891660 -0.166963 0.514441 -0.092029 0.836065
186.900000 110.704686 -25.258804 76.003753 -0.169823 0.515136 -0.093142 0.834937
187.000000 110.891442 -25.210397 76.081502 -0.170402 0.513957 -0.095941 0.835228
187.100000 111.084648 -25.169067 76.179363 -0.171151 0.513875 -0.097978 0.834890
187.200000 111.270038 -25.145333 76.280553 -0.173603 0.514502 -0.098840 0.833895
187.300000 111.456708 -25.100255 76.378940 -0.173405 0.515331 -0.100993 0.833166
187.400000 111.651000 -25.076141 76.457995 -0.174706 0.514960 -0.102430 0.832948
187.500000 111.830260 -25.037617 76.549083 -0.175175 0.516599 -0.101739 0.831919
187.600000 112.013689 -25.009209 76.632318 -0.175629 0.517972 -0.098595 0.831348
187.700000 112.214358 -24.956143 76.716567 -0.174844 0.518015 -0.103670 0.830869
187.800000 112.388759 -24.939667 76.769271 -0.170042 0.517550 -0.100508 0.832542
187.900000 112.578029 -24.894205 76.855800 -0.168068 0.518080 -0.100095 0.832662
188.000000 112.776812 -24.867917 76.949236 -0.173373 0.518615 -0.101597 0.831059
188.100000 112.994566 -24.784348 77.179818 -0.176953 0.525928 -0.100833 0.825785
188.200000 113.173367 -24.740718 77.298850 -0.178285 0.528955 -0.101449 0.823486
188.300000 113.343292 -24.693895 77.373641 -0.178807 0.529657 -0.106568 0.822274
188.400000 113.608559 -24.684186 77.496373 -0.180261 0.528006 -0.109202 0.822673
188.500000 113.771177 -24.639428 77.615559 -0.177169 0.531379 -0.109434 0.821141
188.600000 113.908371 -24.612566 77.731062 -0.173111 0.536445 -0.104437 0.819361
188.700000 114.313344 -24.529985 77.906752 -0.174763 0.533833 -0.106536 0.820445
188.800000 114.493915 -24.492248 78.063782 -0.175816 0.540088 -0.099631 0.816987
188.900000 114.702770 -24.456488 78.206587 -0.176507 0.542590 -0.096691 0.815532
189.000000 114.893610 -24.409766 78.324907 -0.174182 0.544899 -0.100114 0.814078
189.100000 115.106778 -24.372065 78.450065 -0.176046 0.545943 -0.105292 0.812323
189.200000 115.183258 -24.307619 78.432413 -0.175872 0.544510 -0.115146 0.811985
189.300000 115.568143 -24.278768 78.717632 -0.183343 0.551605 -0.102234 0.807258
189.400000 115.768890 -24.229186 78.795826 -0.181321 0.551871 -0.103095 0.807423
189.500000 115.957056 -24.197772 78.942624 -0.178682 0.558016 -0.098856 0.804312
189.600000 116.224599 -24.118097 79.103686 -0.176982 0.563162 -0.102933 0.800582
189.700000 116.426601 -24.070037 79.251633 -0.179754 0.570940 -0.102403 0.794499
189.800000 116.644075 -24.057403 79.347884 -0.187122 0.573603 -0.098074 0.791420
189.900000 117.161574 -23.956270 79.413346 -0.183981 0.561532 -0.099189 0.800621
190.000000 117.468944 -23.897970 79.519881 -0.182787 0.560992 -0.096753 0.801571
190.100000 117.366589 -24.669571 78.890512 -0.183029 0.564102 -0.102504 0.798613
190.200000 117.279545 -24.985148 78.920641 -0.183379 0.564724 -0.106310 0.797594
190.300000 117.687381 -24.461518 78.476311 -0.184124 0.565522 -0.102472 0.797360
190.400000 117.768180 -24.242305 78.423104 -0.184004 0.565248 -0.100083 0.797885
190.500000 118.633827 -24.313422 78.763204 -0.189270 0.564131 -0.099320 0.797539
190.600000 119.051515 -24.247973 78.865240 -0.192091 0.563297 -0.099187 0.797470
190.700000 118.959769 -23.861355 78.409048 -0.189951 0.564729 -0.096241 0.797332
190.800000 118.927997 -22.868032 78.752487 -0.193166 0.563199 -0.095557 0.797723
190.900000 119.858867 -22.717075 79.085193 -0.194021 0.563329 -0.098756 0.797035
191.000000 120.677865 -22.656845 79.270615 -0.194036 0.562864 -0.098664 0.797371
191.100000 121.612041 -22.444810 79.469298 -0.191351 0.563883 -0.096712 0.797539
191.200000 122.403002 -22.304504 79.697499 -0.192404 0.565407 -0.097732 0.796080
191.300000 123.185475 -22.167808 79.927981 -0.192201 0.567849 -0.098256 0.794325
191.400000 123.954725 -22.031321 80.150503 -0.191345 0.570836 -0.099581 0.792223
191.500000 124.698423 -21.891380 80.346757 -0.190750 0.574558 -0.100767 0.789521
191.600000 125.360261 -21.799335 80.564858 -0.188669 0.579532 -0.099861 0.786495
191.700000 126.023709 -21.678515 80.776668 -0.190315 0.584866 -0.100593 0.782044
191.800000 126.718634 -21.561230 80.947720 -0.189164 0.590395 -0.098092 0.778479
191.900000 127.444737 -21.430174 81.087112 -0.189735 0.595635 -0.097382 0.774427
192.000000 128.128513 -21.334107 81.223526 -0.190244 0.600866 -0.095444 0.770492
192.100000 128.762996 -21.237005 81.363608 -0.189796 0.605809 -0.094361 0.766857
192.200000 129.325694 -21.139520 81.524641 -0.187875 0.611227 -0.094372 0.763019
192.300000 129.881356 -21.037697 81.672210 -0.185413 0.616622 -0.094928 0.759202
192.400000 130.408204 -20.965412 81.769545 -0.182650 0.621129 -0.095496 0.756121
192.500000 130.896445 -20.906988 81.856994 -0.180729 0.625328 -0.096285 0.753015
192.600000 131.316869 -20.880665 81.914864 -0.179081 0.628302 -0.094280 0.751185
192.700000 131.736389 -20.844457 81.999425 -0.179700 0.631220 -0.093195 0.748721
192.800000 132.173122 -20.810470 82.060018 -0.178985 0.633121 -0.092276 0.747400
192.900000 132.547360 -20.774785 82.121670 -0.177647 0.634379 -0.091426 0.746757
193.000000 132.932216 -20.674943 82.165236 -0.175638 0.634451 -0.090908 0.747234
193.100000 133.278409 -20.624558 82.201815 -0.175241 0.633257 -0.089770 0.748477
193.200000 133.607559 -20.569170 82.295186 -0.175333 0.631819 -0.088798 0.749785
193.300000 133.891254 -20.553307 82.349972 -0.176259 0.628561 -0.088521 0.752335
193.400000 134.120945 -20.507942 82.369995 -0.175447 0.623669 -0.088342 0.756605
193.500000 134.356751 -20.492105 82.418378 -0.176380 0.617627 -0.088753 0.761282
193.600000 134.569059 -20.463508 82.485128 -0.176254 0.611576 -0.088283 0.766235
193.700000 134.749577 -20.448285 82.501281 -0.176558 0.602905 -0.086545 0.773203
193.800000 134.938409 -20.395380 82.549900 -0.177241 0.594127 -0.083899 0.780102
193.900000 135.117062 -20.388313 82.592977 -0.179075 0.583625 -0.080734 0.787906
194.000000 135.314134 -20.320085 82.684612 -0.181188 0.571603 -0.078923 0.796374
194.100000 135.480092 -20.285936 82.756402 -0.183476 0.558224 -0.075570 0.805612
194.200000 135.691379 -20.215879 82.849481 -0.186561 0.543603 -0.071659 0.815203
194.300000 135.865473 -20.159011 82.951671 -0.189974 0.528754 -0.067993 0.824443
194.400000 136.041696 -20.119019 83.056098 -0.194324 0.511772 -0.064842 0.834340
194.500000 136.227374 -20.041061 83.152609 -0.197128 0.492684 -0.062785 0.845258
194.600000 136.367603 -20.011195 83.263329 -0.201571 0.471348 -0.061039 0.856431
194.700000 136.531784 -19.929170 83.375462 -0.202393 0.449156 -0.057002 0.868359
194.800000 136.686178 -19.885878 83.515583 -0.204669 0.425908 -0.052326 0.879759
194.900000 136.862915 -19.819113 83.651660 -0.205566 0.400506 -0.046096 0.891747
195.000000 137.034888 -19.744334 83.807217 -0.204708 0.373973 -0.038201 0.903758
195.100000 137.122278 -19.636688 83.993980 -0.201335 0.348758 -0.029706 0.914849
195.200000 137.271087 -19.554639 84.170468 -0.200507 0.320646 -0.018803 0.925543
195.300000 137.388796 -19.442488 84.370015 -0.201515 0.291025 -0.013843 0.935149
195.400000 137.438148 -19.332838 84.588022 -0.201269 0.261990 -0.011384 0.943781
195.500000 137.504860 -19.235132 84.815840 -0.201630 0.230955 -0.009089 0.951800
195.600000 137.482524 -19.204044 84.960837 -0.203825 0.200572 -0.005125 0.958228
195.700000 137.602086 -19.103788 85.152563 -0.203426 0.166463 0.001734 0.964834
195.800000 137.651961 -19.010406 85.345439 -0.203214 0.134047 0.009863 0.969865
195.900000 137.654314 -18.921098 85.555816 -0.205719 0.103982 0.014087 0.972969
196.000000 137.659220 -18.778294 85.891795 -0.207605 0.075187 0.018857 0.975137
196.100000 137.662205 -18.657611 86.165804 -0.207168 0.046675 0.021035 0.976965
196.200000 137.631831 -18.567767 86.392156 -0.206207 0.021410 0.024597 0.977965
196.300000 137.605152 -18.447647 86.666347 -0.204717 -0.002130 0.027217 0.978440
196.400000 137.547225 -18.301303 86.962328 -0.201717 -0.022674 0.027170 0.978804
196.500000 137.494696 -18.162673 87.274306 -0.199160 -0.040422 0.027197 0.978755
196.600000 137.448166 -18.032822 87.609141 -0.198782 -0.055534 0.029967 0.978010
196.700000 137.381591 -17.895269 87.945751 -0.198249 -0.067820 0.035092 0.977173
196.800000 137.317924 -17.745737 88.294491 -0.197302 -0.079246 0.038440 0.976378
196.900000 137.225848 -17.595103 88.662624 -0.196114 -0.090986 0.040394 0.975515
197.000000 137.147825 -17.466217 88.980913 -0.196424 -0.103896 0.043474 0.974029
197.100000 137.043646 -17.315236 89.344295 -0.196886 -0.117021 0.046259 0.972318
197.200000 136.929535 -17.159275 89.707047 -0.194763 -0.128379 0.049193 0.971167
197.300000 136.803014 -17.010023 90.091457 -0.190678 -0.138683 0.049857 0.970527
197.400000 136.661491 -16.855310 90.468408 -0.186298 -0.147633 0.050627 0.970018
197.500000 136.519514 -16.688437 90.865739 -0.182233 -0.155311 0.050349 0.969605
197.600000 136.372218 -16.507336 91.252321 -0.183951 -0.162858 0.050744 0.968021
197.700000 136.226167 -16.344363 91.665533 -0.189297 -0.169704 0.053231 0.965678
197.800000 136.067238 -16.169631 92.087622 -0.192399 -0.174742 0.056026 0.964007
197.900000 135.895596 -15.998565 92.500160 -0.191309 -0.178773 0.057718 0.963384
198.000000 135.736490 -15.815702 92.894241 -0.188253 -0.181864 0.058113 0.963384
198.100000 135.547597 -15.650637 93.338140 -0.186016 -0.184264 0.055500 0.963517
198.200000 135.374164 -15.473408 93.758963 -0.185769 -0.186137 0.054920 0.963238
198.300000 135.202773 -15.317222 94.167615 -0.186164 -0.187042 0.053471 0.963067
198.400000 134.992168 -15.113140 94.641986 -0.185028 -0.186114 0.055432 0.963355
198.500000 134.821555 -14.945972 95.092075 -0.184616 -0.185260 0.058446 0.963421
198.600000 134.566124 -14.747305 95.612944 -0.184022 -0.183790 0.056654 0.963923
198.700000 134.288329 -14.532503 96.152608 -0.185777 -0.181660 0.056320 0.964010
198.800000 133.993517 -14.296226 96.686214 -0.189154 -0.178599 0.057939 0.963829
198.900000 133.723611 -14.079845 97.194215 -0.190841 -0.176379 0.058210 0.963889
199.000000 133.577302 -13.929785 97.566005 -0.190593 -0.175107 0.058546 0.964149
199.100000 133.363180 -13.785814 97.967137 -0.189693 -0.172748 0.062218 0.964522
199.200000 133.218711 -13.658790 98.308795 -0.187215 -0.170846 0.062997 0.965294
199.300000 133.109378 -13.509831 98.671874 -0.184226 -0.170406 0.062835 0.965958
199.400000 132.990309 -13.360049 99.007470 -0.183871 -0.170241 0.062185 0.966097
199.500000 132.832014 -13.236658 99.351915 -0.188211 -0.169523 0.063582 0.965296
199.600000 132.692961 -13.104978 99.729224 -0.192983 -0.169296 0.065444 0.964268
199.700000 132.551773 -12.973554 100.076729 -0.194811 -0.169503 0.064812 0.963907
199.800000 132.417811 -12.843575 100.417837 -0.193628 -0.169957 0.062542 0.964216
199.900000 132.270471 -12.685644 100.829996 -0.190306 -0.169771 0.066805 0.964623
200.000000 132.138389 -12.534965 101.198168 -0.186732 -0.170422 0.067370 0.965168
200.100000 131.960607 -12.384253 101.580520 -0.187173 -0.170161 0.064217 0.965343
200.200000 131.815238 -12.217547 102.002125 -0.189968 -0.171504 0.063589 0.964601
200.300000 131.660749 -12.086197 102.343478 -0.192081 -0.171680 0.063459 0.964160
200.400000 131.497306 -11.926088 102.742213 -0.191469 -0.172238 0.062113 0.964269
200.500000 131.467600 -11.811176 103.030719 -0.191424 -0.175716 0.061163 0.963712
200.600000 131.345078 -11.669411 103.365952 -0.193282 -0.177886 0.057548 0.963165
200.700000 131.203867 -11.525657 103.704332 -0.195525 -0.178486 0.055978 0.962694
200.800000 131.077062 -11.406963 104.043028 -0.194646 -0.179531 0.054972 0.962736
200.900000 130.947184 -11.292693 104.369675 -0.193077 -0.179804 0.056157 0.962932
201.000000 130.830059 -11.173126 104.706296 -0.193501 -0.180882 0.056017 0.962653
201.100000 130.687164 -11.036184 105.037277 -0.190823 -0.180326 0.054380 0.963386
201.200000 130.566006 -10.910882 105.375601 -0.186818 -0.180164 0.054443 0.964197
201.300000 130.440858 -10.766506 105.695610 -0.186205 -0.179128 0.058300 0.964283
201.400000 130.314645 -10.617641 106.044188 -0.187911 -0.179260 0.058120 0.963939
201.500000 130.253212 -10.555047 106.227632 -0.190507 -0.179929 0.055046 0.963485
201.600000 130.149326 -10.435797 106.535204 -0.189832 -0.180003 0.054705 0.963624
201.700000 130.040544 -10.326427 106.807114 -0.186807 -0.179522 0.052839 0.964408
201.800000 129.917492 -10.209250 107.111239 -0.186853 -0.177870 0.051011 0.964804
201.900000 129.818983 -10.076234 107.414483 -0.187808 -0.177991 0.047306 0.964785
202.000000 129.723557 -9.970191 107.653289 -0.190735 -0.176884 0.045395 0.964506
202.100000 129.655201 -9.939167 107.809843 -0.193057 -0.176142 0.044681 0.964213
202.200000 129.549916 -9.818165 108.182692 -0.193775 -0.175945 0.054741 0.963586
202.300000 129.464767 -9.733739 108.403524 -0.190926 -0.175462 0.060568 0.963894
202.400000 129.391632 -9.669349 108.581035 -0.190122 -0.176990 0.058849 0.963880
202.500000 129.204233 -9.492835 109.062380 -0.193796 -0.178333 0.059534 0.962858
202.600000 129.096896 -9.383538 109.342789 -0.195516 -0.180668 0.059062 0.962104
202.700000 128.980451 -9.269170 109.592248 -0.193533 -0.181206 0.057383 0.962505
202.800000 128.883260 -9.186795 109.818954 -0.187627 -0.182252 0.058085 0.963435
202.900000 128.778883 -9.072881 110.079659 -0.182435 -0.183426 0.059100 0.964147
203.000000 128.676208 -8.978211 110.349377 -0.183119 -0.185061 0.058744 0.963727
203.100000 128.589633 -8.876960 110.577928 -0.186695 -0.185835 0.063654 0.962579
203.200000 128.481905 -8.769977 110.858602 -0.188078 -0.187472 0.060932 0.962168
203.300000 128.404049 -8.686178 111.071977 -0.186701 -0.188940 0.059212 0.962257
203.400000 128.316642 -8.594443 111.322132 -0.185618 -0.188820 0.063213 0.962235
203.500000 128.249085 -8.535831 111.450995 -0.183222 -0.188721 0.058031 0.963040
203.600000 128.181927 -8.474946 111.656585 -0.182736 -0.189722 0.051601 0.963302
203.700000 128.108862 -8.385329 111.854115 -0.183696 -0.189426 0.052334 0.963138
203.800000 128.033427 -8.313546 112.045866 -0.185686 -0.189423 0.050879 0.962835
203.900000 127.994450 -8.302592 112.102961 -0.188038 -0.185549 0.062525 0.962447
204.000000 127.938529 -8.247378 112.240625 -0.182876 -0.186466 0.056878 0.963614
204.100000 127.866858 -8.190345 112.388145 -0.180246 -0.184364 0.060394 0.964300
204.200000 127.799455 -8.145862 112.525372 -0.184731 -0.182953 0.060590 0.963707
204.300000 127.809261 -8.142702 112.545701 -0.190464 -0.185120 0.051678 0.962696
204.400000 127.719082 -8.051280 112.790260 -0.193975 -0.183853 0.060895 0.961698
204.500000 127.658773 -7.998955 112.923675 -0.188647 -0.182357 0.060979 0.963037
204.600000 127.598134 -7.939160 113.064514 -0.180698 -0.180613 0.062669 0.964780
204.700000 127.527586 -7.870140 113.228931 -0.176320 -0.179868 0.059100 0.965953
204.800000 127.492753 -7.824270 113.394426 -0.178617 -0.183953 0.044408 0.965549
204.900000 127.251365 -7.616846 113.945346 -0.186907 -0.177592 0.061850 0.964210
205.000000 127.159278 -7.505042 114.216972 -0.190288 -0.177530 0.059912 0.963683
205.100000 127.032746 -7.456617 114.567546 -0.195237 -0.174214 0.068749 0.962707
205.200000 126.938219 -7.329648 114.864413 -0.192340 -0.173371 0.067691 0.963517
205.300000 126.855577 -7.289530 115.004108 -0.189961 -0.169468 0.071429 0.964413
205.400000 126.768879 -7.199942 115.249541 -0.189285 -0.168095 0.069553 0.964924
205.500000 126.673852 -7.118879 115.478948 -0.190597 -0.164183 0.070861 0.965244
205.600000 126.610870 -7.050040 115.663265 -0.191908 -0.162498 0.066012 0.965613
205.700000 126.495886 -6.942331 115.949531 -0.192872 -0.158902 0.066691 0.965973
205.800000 126.405996 -6.845896 116.178933 -0.195612 -0.155242 0.069662 0.965807
205.900000 126.306100 -6.736184 116.459313 -0.196863 -0.153089 0.068420 0.965985
206.000000 126.219737 -6.627386 116.721642 -0.196832 -0.150002 0.071514 0.966252
206.100000 126.124712 -6.540146 116.998113 -0.197042 -0.147793 0.070428 0.966629
206.200000 126.029206 -6.416552 117.267058 -0.196425 -0.147127 0.069659 0.966912
206.300000 125.932175 -6.320218 117.543474 -0.194811 -0.146079 0.065331 0.967699
206.400000 125.818193 -6.216320 117.804948 -0.192944 -0.143962 0.065670 0.968367
206.500000 125.722621 -6.117134 118.059978 -0.192335 -0.143033 0.063647 0.968761
206.600000 125.600005 -6.017365 118.317344 -0.193871 -0.141698 0.064703 0.968581
206.700000 125.474188 -5.925550 118.572827 -0.195303 -0.140323 0.066763 0.968354
206.800000 125.365456 -5.814935 118.875095 -0.195441 -0.140441 0.070211 0.968065
206.900000 125.258689 -5.728131 119.111763 -0.196881 -0.140273 0.073339 0.967565
207.000000 125.165533 -5.631239 119.368224 -0.198180 -0.141547 0.074827 0.967001
207.100000 125.067683 -5.544400 119.622942 -0.198998 -0.143405 0.073927 0.966628
207.200000 124.981716 -5.478949 119.842160 -0.198379 -0.144558 0.076274 0.966401
207.300000 124.868542 -5.374660 120.087261 -0.194546 -0.144946 0.076741 0.967085
207.400000 124.801007 -5.299969 120.311325 -0.193138 -0.146063 0.079060 0.967012
207.500000 124.707822 -5.213339 120.535687 -0.194867 -0.146285 0.080862 0.966483
207.600000 124.627883 -5.131066 120.770618 -0.198915 -0.147113 0.082902 0.965359
207.700000 124.533732 -5.037437 121.001194 -0.203507 -0.146550 0.085871 0.964227
207.800000 124.445346 -4.969580 121.229423 -0.207780 -0.145532 0.090598 0.963037
207.900000 124.361956 -4.894179 121.439939 -0.208308 -0.144519 0.092423 0.962902
208.000000 124.295318 -4.803372 121.658615 -0.205073 -0.144523 0.092530 0.963585
208.100000 124.177560 -4.748225 121.872979 -0.203228 -0.141177 0.092351 0.964489
208.200000 124.096232 -4.675294 122.063403 -0.202871 -0.138959 0.091943 0.964925
208.300000 123.996525 -4.639566 122.314966 -0.208800 -0.136720 0.089675 0.964193
208.400000 123.916627 -4.595050 122.506024 -0.213267 -0.133396 0.087021 0.963924
208.500000 123.836404 -4.508549 122.681460 -0.213318 -0.129289 0.086922 0.964481
208.600000 123.763664 -4.460861 122.881284 -0.215194 -0.125207 0.085772 0.964706
208.700000 123.617200 -4.443881 123.086856 -0.219106 -0.114869 0.086140 0.965079
208.800000 123.520403 -4.400897 123.252642 -0.219607 -0.106616 0.084831 0.966028
208.900000 123.430572 -4.353110 123.438118 -0.221390 -0.098741 0.082657 0.966646
209.000000 123.403202 -4.306936 123.609412 -0.224301 -0.095600 0.079827 0.966528
209.100000 123.342155 -4.253465 123.759771 -0.227353 -0.089171 0.077222 0.966642
209.200000 123.294979 -4.177455 123.899487 -0.225753 -0.083909 0.076165 0.967571
209.300000 123.297524 -4.115643 124.037180 -0.222272 -0.082361 0.074274 0.968656
209.400000 123.228623 -4.074289 124.190801 -0.220657 -0.074900 0.070490 0.969913
209.500000 123.171246 -4.015914 124.325797 -0.220003 -0.068777 0.067566 0.970723
209.600000 123.147267 -3.965223 124.446610 -0.222973 -0.065923 0.065225 0.970404
209.700000 123.098639 -3.923273 124.571824 -0.229960 -0.061580 0.064275 0.969121
209.800000 123.203850 -3.876898 124.690495 -0.234476 -0.070675 0.064984 0.967369
209.900000 123.196170 -3.829885 124.797034 -0.234953 -0.069688 0.068476 0.967084
210.000000 123.162988 -3.793471 124.908350 -0.235707 -0.067803 0.070068 0.966921
210.100000 123.187536 -3.750242 125.023778 -0.234721 -0.072973 0.069924 0.966795
210.200000 123.181788 -3.704334 125.141854 -0.231859 -0.077056 0.070644 0.967116
210.300000 123.164918 -3.648720 125.235994 -0.229254 -0.079389 0.077444 0.967028
210.400000 123.147638 -3.593389 125.336829 -0.229426 -0.084079 0.081731 0.966237
210.500000 123.123001 -3.545172 125.434691 -0.231181 -0.090283 0.084513 0.965019
210.600000 123.159504 -3.504685 125.552283 -0.234821 -0.106414 0.087421 0.962233
210.700000 123.100228 -3.455325 125.662385 -0.236134 -0.115787 0.086264 0.960933
210.800000 122.995302 -3.417395 125.733752 -0.233770 -0.119058 0.087264 0.961021
210.900000 122.961731 -3.377825 125.846433 -0.232606 -0.133445 0.094337 0.958742
211.000000 122.914085 -3.333357 125.931900 -0.228064 -0.148762 0.099440 0.957062
211.100000 122.889583 -3.282667 126.040204 -0.224033 -0.169873 0.103801 0.954032
211.200000 122.559644 -3.098281 126.575398 -0.223751 -0.184492 0.106387 0.951094
211.300000 122.430360 -3.012620 126.787220 -0.221752 -0.206112 0.111966 0.946471
211.400000 122.291187 -2.943183 126.965161 -0.221457 -0.227750 0.116297 0.941043
211.500000 122.221201 -2.821280 127.290983 -0.221640 -0.258931 0.122467 0.932112
211.600000 122.107799 -2.740370 127.517672 -0.220659 -0.287046 0.128790 0.923216
211.700000 121.902306 -2.667621 127.679191 -0.217026 -0.310974 0.133941 0.915562
211.800000 121.713748 -2.585435 127.845655 -0.212826 -0.337986 0.137801 0.906356
211.900000 121.536880 -2.521934 127.992250 -0.209457 -0.365280 0.142546 0.895756
212.000000 121.319321 -2.473238 128.163477 -0.208021 -0.392222 0.149428 0.883493
212.100000 121.118966 -2.397758 128.295568 -0.203018 -0.419589 0.153673 0.871271
212.200000 120.903931 -2.341095 128.413404 -0.199283 -0.446679 0.157301 0.857916
212.300000 120.677116 -2.324163 128.530311 -0.196522 -0.473591 0.161266 0.843258
212.400000 120.435392 -2.298343 128.624814 -0.190755 -0.500231 0.163560 0.828631
212.500000 120.220789 -2.279001 128.706486 -0.186075 -0.525975 0.167112 0.812896
212.600000 119.979751 -2.266739 128.777980 -0.183883 -0.549602 0.171887 0.796605
212.700000 119.720619 -2.253081 128.844397 -0.178418 -0.572355 0.174863 0.781025
212.800000 119.437874 -2.254822 128.908341 -0.173281 -0.593332 0.180062 0.765185
212.900000 119.157625 -2.246082 128.960755 -0.165368 -0.612264 0.184407 0.750853
213.000000 118.917064 -2.255881 128.975301 -0.157555 -0.628303 0.189902 0.737800
213.100000 118.644557 -2.264823 129.003276 -0.148896 -0.642565 0.192845 0.726464
213.200000 118.351097 -2.278222 129.032531 -0.143942 -0.654050 0.192481 0.717252
213.300000 118.085831 -2.296455 129.041603 -0.141258 -0.662691 0.189691 0.710566
213.400000 117.796109 -2.310913 129.068212 -0.141242 -0.668883 0.187915 0.705219
213.500000 117.491775 -2.333077 129.091430 -0.140801 -0.673035 0.185941 0.701873
213.600000 117.238756 -2.331829 129.119775 -0.138722 -0.675573 0.183687 0.700440
213.700000 116.947158 -2.344462 129.148299 -0.136755 -0.676219 0.183255 0.700316
213.800000 116.674165 -2.367420 129.156032 -0.135697 -0.675833 0.182438 0.701108
213.900000 116.408899 -2.384375 129.172129 -0.135208 -0.675406 0.182051 0.701714
214.000000 116.103073 -2.395433 129.189525 -0.133863 -0.674637 0.181327 0.702898
214.100000 115.812539 -2.413447 129.212081 -0.132552 -0.673802 0.180140 0.704252
214.200000 115.544294 -2.423234 129.231506 -0.130628 -0.672778 0.179833 0.705667
214.300000 115.270525 -2.445158 129.246920 -0.127574 -0.671566 0.178911 0.707612
214.400000 114.972063 -2.469196 129.254947 -0.126262 -0.669707 0.178659 0.709670
214.500000 114.671485 -2.490680 129.273918 -0.126915 -0.668247 0.178310 0.711016
214.600000 114.379488 -2.505431 129.293917 -0.127527 -0.666992 0.177085 0.712390
214.700000 114.075564 -2.526492 129.315223 -0.128541 -0.665769 0.176025 0.713613
214.800000 113.772272 -2.544155 129.336865 -0.128634 -0.664725 0.175653 0.714661
214.900000 113.495481 -2.561037 129.351113 -0.129301 -0.663641 0.176841 0.715255
215.000000 113.123904 -2.575155 129.398984 -0.129399 -0.663236 0.177982 0.715330
215.100000 112.791090 -2.592726 129.427954 -0.128736 -0.662830 0.177702 0.715895
215.200000 112.536875 -2.643873 129.418056 -0.131417 -0.662192 0.176996 0.716173
215.300000 112.251016 -2.683252 129.422069 -0.135020 -0.661658 0.175818 0.716286
215.400000 111.879662 -2.682069 129.476681 -0.134366 -0.661580 0.172260 0.717345
215.500000 111.564601 -2.684644 129.507103 -0.133229 -0.660142 0.174100 0.718437
215.600000 111.286737 -2.724376 129.517607 -0.131218 -0.657542 0.175626 0.720816
215.700000 110.976403 -2.741885 129.548978 -0.129179 -0.655640 0.176576 0.722683
215.800000 110.686630 -2.747161 129.580154 -0.129153 -0.654089 0.175212 0.724422
215.900000 110.363944 -2.760130 129.629221 -0.131817 -0.652328 0.172981 0.726064
216.000000 110.108971 -2.780185 129.647809 -0.134326 -0.649241 0.169810 0.729114
216.100000 109.816334 -2.787139 129.692242 -0.135454 -0.645803 0.168730 0.732203
216.200000 109.511914 -2.788991 129.724211 -0.134637 -0.641505 0.168215 0.736239
216.300000 109.225622 -2.804293 129.766514 -0.136244 -0.637145 0.169950 0.739325
216.400000 108.905532 -2.794264 129.853072 -0.137765 -0.633729 0.170174 0.741922
216.500000 108.644447 -2.798940 129.891917 -0.139173 -0.629843 0.169149 0.745196
216.600000 108.364787 -2.805155 129.975927 -0.141764 -0.626603 0.167922 0.747713
216.700000 108.102949 -2.799604 130.040350 -0.145535 -0.623199 0.169197 0.749543
216.800000 107.835040 -2.796458 130.110081 -0.147573 -0.620901 0.168218 0.751270
216.900000 107.589674 -2.796636 130.154578 -0.149676 -0.618256 0.169992 0.752635
217.000000 107.318474 -2.799416 130.283846 -0.152381 -0.618360 0.172925 0.751337
217.100000 107.055720 -2.788558 130.358676 -0.153586 -0.618403 0.175203 0.750529
217.200000 106.818742 -2.775140 130.422031 -0.155610 -0.619444 0.177377 0.748740
217.300000 106.571902 -2.785102 130.493131 -0.157382 -0.622092 0.176179 0.746454
217.400000 106.325696 -2.782315 130.551986 -0.158366 -0.624538 0.177963 0.743775
217.500000 106.070012 -2.780570 130.617519 -0.160522 -0.627200 0.180506 0.740453
217.600000 105.825049 -2.815512 130.678402 -0.159416 -0.630810 0.178187 0.738183
217.700000 105.590927 -2.798449 130.737461 -0.157546 -0.634983 0.178591 0.734902
217.800000 105.389781 -2.839900 130.792888 -0.159324 -0.637958 0.183556 0.730707
217.900000 105.131370 -2.869247 130.884458 -0.157267 -0.642610 0.181801 0.727508
218.000000 104.922132 -2.870851 130.955388 -0.158385 -0.646626 0.185013 0.722883
218.100000 104.708367 -2.880877 131.008240 -0.162044 -0.651032 0.185422 0.717995
218.200000 104.504791 -2.869708 131.077325 -0.165654 -0.656424 0.186082 0.712067
218.300000 104.281237 -2.869682 131.138371 -0.167662 -0.660689 0.187478 0.707271
218.400000 104.052956 -2.864439 131.212109 -0.168530 -0.665472 0.189945 0.701902
218.500000 103.859380 -2.907974 131.239088 -0.170757 -0.668125 0.190155 0.698780
218.600000 103.641712 -2.917903 131.293781 -0.171484 -0.671924 0.193075 0.694142
218.700000 103.448222 -2.919434 131.339793 -0.170992 -0.676000 0.195350 0.689656
218.800000 103.204110 -2.937047 131.404928 -0.172636 -0.679845 0.196693 0.685068
218.900000 102.989128 -2.925991 131.450136 -0.173846 -0.683612 0.198945 0.680348
219.000000 102.796177 -2.951848 131.519563 -0.177435 -0.689433 0.196437 0.674248
219.100000 102.596988 -2.900970 131.521437 -0.171476 -0.693069 0.195939 0.672205
219.200000 102.401628 -2.906604 131.560309 -0.173164 -0.696576 0.196385 0.668004
219.300000 102.207331 -2.895442 131.593401 -0.171195 -0.699949 0.196301 0.665003
219.400000 102.092547 -2.877762 131.642263 -0.168045 -0.706253 0.198940 0.658324
219.500000 101.909546 -2.846635 131.668806 -0.162981 -0.709303 0.203546 0.654901
219.600000 101.763832 -2.849997 131.732333 -0.162175 -0.715199 0.203728 0.648602
219.700000 101.579545 -2.815696 131.748626 -0.160305 -0.717991 0.210855 0.643686
219.800000 101.425704 -2.814932 131.804183 -0.157828 -0.723825 0.209674 0.638126
219.900000 101.233449 -2.759538 131.800148 -0.147967 -0.725550 0.217049 0.636061
220.000000 101.075602 -2.775168 131.813772 -0.145929 -0.727422 0.216341 0.634632
220.100000 101.025839 -2.790905 131.809868 -0.146868 -0.727004 0.212357 0.636239
220.200000 101.158717 -2.804733 131.762679 -0.148423 -0.720229 0.207127 0.645243
220.300000 101.087052 -2.826627 131.765706 -0.154836 -0.719777 0.206713 0.644373
220.400000 100.761884 -2.791872 131.791338 -0.142677 -0.728892 0.208267 0.636384
220.500000 100.948483 -2.858984 131.800593 -0.167384 -0.723194 0.208888 0.636662
220.600000 100.940047 -2.849006 131.766841 -0.159488 -0.721320 0.206566 0.641554
220.700000 100.891264 -2.875813 131.761574 -0.165148 -0.719605 0.208843 0.641311
220.800000 100.917680 -2.847585 131.714410 -0.153446 -0.715852 0.209883 0.648043
220.900000 100.831775 -2.850361 131.723612 -0.149335 -0.718142 0.207869 0.647118
221.000000 100.749365 -2.883632 131.747038 -0.158440 -0.721118 0.205884 0.642260
221.100000 100.692141 -2.866672 131.744059 -0.158503 -0.722584 0.208409 0.639777
221.200000 99.760102 -3.000623 131.659442 -0.163488 -0.722417 0.205795 0.639557
221.300000 99.302714 -3.052953 131.607965 -0.162945 -0.723177 0.204762 0.639169
221.400000 98.830826 -3.133399 131.545963 -0.160622 -0.722885 0.206689 0.639467
221.500000 98.426994 -3.169453 131.521925 -0.157866 -0.722529 0.211248 0.639065
221.600000 97.952469 -3.241870 131.447265 -0.159288 -0.721753 0.214005 0.638672
221.700000 97.507413 -3.303365 131.395617 -0.160501 -0.722936 0.211058 0.638010
221.800000 97.108144 -3.382228 131.335616 -0.163234 -0.724522 0.206545 0.636994
221.900000 96.724389 -3.437785 131.276571 -0.164424 -0.725176 0.206336 0.636011
222.000000 96.330033 -3.473145 131.227344 -0.162369 -0.725127 0.208082 0.636025
222.100000 95.966555 -3.512940 131.177248 -0.159423 -0.724980 0.209314 0.636535
222.200000 95.578654 -3.546703 131.123813 -0.157474 -0.725197 0.209260 0.636790
222.300000 95.217042 -3.618370 131.078836 -0.158195 -0.725744 0.207698 0.636500
222.400000 94.872098 -3.607845 131.023105 -0.158457 -0.725967 0.208708 0.635849
222.500000 94.540795 -3.670211 130.998288 -0.157500 -0.727121 0.205281 0.635885
222.600000 94.215148 -3.712728 130.940206 -0.157975 -0.727559 0.203266 0.635913
222.700000 93.895408 -3.744103 130.907625 -0.159886 -0.727935 0.203383 0.634966
222.800000 93.594857 -3.784183 130.870775 -0.160339 -0.727493 0.204888 0.634875
222.900000 93.307339 -3.818016 130.829820 -0.158636 -0.726328 0.206631 0.636071
223.000000 93.039297 -3.837717 130.791675 -0.156608 -0.725412 0.207637 0.637290
223.100000 92.766580 -3.860236 130.753622 -0.156363 -0.724839 0.207528 0.638036
223.200000 92.525390 -3.893322 130.739412 -0.158087 -0.723644 0.206939 0.639159
223.300000 92.287898 -3.927446 130.720890 -0.159571 -0.722215 0.205204 0.640963
223.400000 92.064036 -3.946261 130.710750 -0.159760 -0.720704 0.204536 0.642827
223.500000 91.847628 -3.973462 130.686274 -0.160670 -0.718312 0.205452 0.644982
223.600000 91.646185 -3.992858 130.669136 -0.161341 -0.715636 0.205695 0.647706
223.700000 91.460782 -4.009354 130.661382 -0.163224 -0.713023 0.204786 0.650398
223.800000 91.274235 -4.015631 130.654677 -0.164636 -0.711157 0.201850 0.652999
223.900000 91.107373 -4.027646 130.653646 -0.166797 -0.708859 0.198691 0.655911
224.000000 90.949160 -4.049665 130.647883 -0.168712 -0.705488 0.196868 0.659595
224.100000 90.825588 -4.063847 130.642928 -0.168840 -0.702248 0.195259 0.663487
224.200000 90.696817 -4.074808 130.634618 -0.169820 -0.698095 0.194876 0.667718
224.300000 90.591027 -4.073129 130.629275 -0.170339 -0.694572 0.194699 0.671302
224.400000 90.480197 -4.092544 130.625007 -0.171723 -0.690414 0.195583 0.674973
224.500000 90.354664 -4.081018 130.636659 -0.170510 -0.686971 0.196026 0.678654
224.600000 90.243966 -4.105555 130.618862 -0.169889 -0.682751 0.194914 0.683372
224.700000 90.132807 -4.088402 130.644169 -0.168950 -0.680142 0.194846 0.686220
224.800000 90.024379 -4.093905 130.646064 -0.168596 -0.676516 0.194320 0.690030
224.900000 89.907393 -4.090417 130.665345 -0.168914 -0.673246 0.195493 0.692814
225.000000 89.791535 -4.095330 130.660238 -0.169311 -0.669349 0.195754 0.696410
225.100000 89.709108 -4.106458 130.655541 -0.169596 -0.665984 0.195173 0.699722
225.200000 89.585890 -4.105459 130.656313 -0.168179 -0.662879 0.192843 0.703647
225.300000 89.474448 -4.112752 130.663605 -0.167529 -0.660480 0.189935 0.706842
225.400000 89.364262 -4.114289 130.672357 -0.167379 -0.658001 0.187885 0.709731
225.500000 89.245054 -4.115039 130.679435 -0.166922 -0.654526 0.189450 0.712630
225.600000 89.121677 -4.114571 130.695954 -0.165790 -0.650525 0.193392 0.715493
225.700000 88.989171 -4.115466 130.696567 -0.164381 -0.646666 0.195922 0.718621
225.800000 88.831618 -4.119902 130.708628 -0.163551 -0.644098 0.195828 0.721138
225.900000 88.655427 -4.126606 130.742160 -0.164163 -0.642922 0.194224 0.722481
226.000000 88.493125 -4.139677 130.733662 -0.164753 -0.642012 0.193210 0.723428
226.100000 88.296527 -4.149487 130.751906 -0.163412 -0.642629 0.191945 0.723521
226.200000 88.094369 -4.154288 130.745112 -0.160567 -0.643285 0.191374 0.723726
226.300000 87.878106 -4.171301 130.737212 -0.161562 -0.644518 0.191519 0.722368
226.400000 87.618915 -4.182990 130.772628 -0.163701 -0.646464 0.192460 0.719893
226.500000 87.376104 -4.194385 130.765779 -0.165106 -0.648623 0.192467 0.717624
226.600000 87.116019 -4.198982 130.774716 -0.166352 -0.652093 0.191357 0.714482
226.700000 86.851902 -4.207305 130.780541 -0.167666 -0.656386 0.189119 0.710830
226.800000 86.598064 -4.235892 130.779603 -0.169042 -0.660542 0.187920 0.706962
226.900000 86.317090 -4.246214 130.781550 -0.169894 -0.664978 0.188466 0.702439
227.000000 86.075050 -4.271819 130.764643 -0.171161 -0.668398 0.189586 0.698573
227.100000 85.776505 -4.294407 130.745522 -0.172256 -0.671221 0.194621 0.694199
227.200000 85.466285 -4.317054 130.731635 -0.171007 -0.673930 0.199581 0.690465
227.300000 85.119887 -4.344493 130.715965 -0.169171 -0.677615 0.201835 0.686646
227.400000 84.783420 -4.373655 130.687348 -0.168395 -0.680750 0.205443 0.682653
227.500000 84.418878 -4.420280 130.661824 -0.168747 -0.683667 0.210131 0.678210
227.600000 84.040519 -4.461137 130.639747 -0.170957 -0.686590 0.213454 0.673650
227.700000 83.640902 -4.499999 130.618557 -0.171481 -0.689756 0.215844 0.669509
227.800000 83.272157 -4.557273 130.554247 -0.172027 -0.692132 0.217012 0.666532
227.900000 82.920199 -4.557059 130.595419 -0.172504 -0.696232 0.216729 0.662218
228.000000 82.555941 -4.593059 130.575452 -0.176053 -0.698574 0.216414 0.658912
228.100000 82.168973 -4.619133 130.573498 -0.179930 -0.700544 0.216631 0.655694
228.200000 81.784619 -4.653343 130.555768 -0.180538 -0.701716 0.216445 0.654333
228.300000 81.403474 -4.681089 130.547515 -0.179250 -0.702274 0.217303 0.653804
228.400000 81.048863 -4.704733 130.520039 -0.177917 -0.702021 0.219751 0.653622
228.500000 80.628161 -4.747820 130.530906 -0.178016 -0.702940 0.219552 0.652674
228.600000 80.250356 -4.777533 130.516830 -0.177234 -0.703811 0.217342 0.652687
228.700000 79.850582 -4.810939 130.491749 -0.176645 -0.704583 0.216045 0.652444
228.800000 79.470481 -4.851326 130.490298 -0.174470 -0.705247 0.215561 0.652473
228.900000 79.164188 -4.888732 130.451719 -0.171779 -0.704718 0.215843 0.653664
229.000000 78.788448 -4.924910 130.430290 -0.169164 -0.704470 0.217116 0.654191
229.100000 78.441988 -4.958921 130.413215 -0.168852 -0.704133 0.217920 0.654368
229.200000 78.100086 -4.999283 130.403666 -0.169949 -0.704380 0.216760 0.654203
229.300000 77.757720 -5.039385 130.394003 -0.172821 -0.704983 0.215468 0.653227
229.400000 77.413311 -5.070539 130.395901 -0.175796 -0.705646 0.213953 0.652214
229.500000 77.107833 -5.111193 130.350169 -0.177346 -0.705201 0.212203 0.652848
229.600000 76.785821 -5.145680 130.331007 -0.175601 -0.705254 0.210659 0.653762
229.700000 76.570547 -5.165625 130.320678 -0.171884 -0.705256 0.207995 0.655597
229.800000 76.290403 -5.178960 130.315580 -0.170851 -0.705005 0.209715 0.655590
229.900000 76.005695 -5.209741 130.300885 -0.171483 -0.704730 0.210391 0.655503
230.000000 75.724105 -5.233975 130.291345 -0.171874 -0.705004 0.210365 0.655115
230.100000 75.450286 -5.252844 130.279342 -0.173334 -0.705294 0.210503 0.654373
230.200000 75.184931 -5.268563 130.272673 -0.173431 -0.705764 0.211167 0.653626
230.300000 74.879768 -5.292355 130.256173 -0.172493 -0.706023 0.209762 0.654047
230.400000 74.606722 -5.314794 130.246893 -0.173517 -0.706354 0.209399 0.653535
230.500000 74.339073 -5.335986 130.218532 -0.175072 -0.705381 0.210712 0.653749
230.600000 74.076873 -5.361276 130.211342 -0.173656 -0.705257 0.212279 0.653753
230.700000 73.862883 -5.393122 130.196379 -0.171375 -0.704128 0.215021 0.654675
230.800000 73.568844 -5.411916 130.179662 -0.170782 -0.704252 0.218324 0.653603
230.900000 73.312515 -5.434917 130.163798 -0.173593 -0.704549 0.218582 0.652455
231.000000 73.082799 -5.454995 130.151532 -0.173181 -0.705676 0.214244 0.652785
231.100000 72.812928 -5.479333 130.137904 -0.172516 -0.706092 0.213537 0.652744
231.200000 72.575957 -5.495119 130.123055 -0.172224 -0.705795 0.216010 0.652328
231.300000 72.334201 -5.523716 130.113656 -0.172853 -0.705820 0.216021 0.652131
231.400000 72.210528 -5.533527 130.105146 -0.174994 -0.706040 0.217644 0.650780
231.500000 71.943144 -5.543947 130.098187 -0.173555 -0.707492 0.215270 0.650379
231.600000 71.746248 -5.575870 130.083983 -0.176071 -0.707548 0.217469 0.648908
231.700000 71.575660 -5.552514 130.075359 -0.172005 -0.709232 0.218255 0.647896
231.800000 71.414646 -5.585221 130.061718 -0.172291 -0.710780 0.217211 0.646473
231.900000 71.165471 -5.603715 130.053665 -0.169957 -0.713561 0.216514 0.644257
232.000000 71.103196 -5.622117 130.044450 -0.169042 -0.716608 0.214136 0.641906
232.100000 70.583989 -5.655279 129.997716 -0.166020 -0.719876 0.215456 0.638588
232.200000 70.320307 -5.675607 129.983711 -0.164623 -0.722915 0.219049 0.634280
232.300000 70.212892 -5.707595 129.960779 -0.162537 -0.725682 0.222680 0.630381
232.400000 69.913930 -5.724254 129.922178 -0.159071 -0.729832 0.228078 0.624517
232.500000 69.724079 -5.758413 129.898997 -0.155737 -0.736468 0.231119 0.616397
232.600000 69.521264 -5.780466 129.861125 -0.152478 -0.744629 0.232915 0.606653
232.700000 69.210323 -5.773630 129.981531 -0.149178 -0.758620 0.231659 0.590404
232.800000 69.120234 -5.804961 129.868650 -0.143612 -0.767416 0.230928 0.580621
232.900000 68.749947 -5.785279 129.954398 -0.138682 -0.781551 0.232200 0.562165
233.000000 68.648384 -5.823496 129.894932 -0.132867 -0.792083 0.231448 0.548983
233.100000 68.443449 -5.832001 129.864021 -0.125233 -0.803515 0.231340 0.534007
233.200000 68.268331 -5.846611 129.839923 -0.120351 -0.814086 0.233757 0.517819
233.300000 68.174654 -5.864797 129.719881 -0.113022 -0.822238 0.234139 0.506289
233.400000 68.083791 -5.944268 129.630476 -0.108318 -0.830614 0.234338 0.493389
233.500000 68.020370 -6.025055 129.592813 -0.103276 -0.838954 0.234698 0.480007
233.600000 67.798282 -6.059212 129.484240 -0.095344 -0.847043 0.235822 0.466707
233.700000 67.611625 -6.119848 129.396510 -0.089543 -0.854409 0.234266 0.455069
233.800000 67.455794 -6.195831 129.327547 -0.090868 -0.859955 0.234494 0.444109
233.900000 67.239681 -6.357997 129.075632 -0.087313 -0.864147 0.230816 0.438578
234.000000 67.015653 -6.470134 128.911839 -0.087712 -0.867848 0.228616 0.432297
234.100000 66.811721 -6.579408 128.758598 -0.084326 -0.870710 0.227232 0.427923
234.200000 66.644203 -6.665295 128.619708 -0.081347 -0.872895 0.225998 0.424690
234.300000 66.402876 -6.774725 128.429882 -0.081826 -0.873755 0.226745 0.422425
234.400000 66.162430 -6.883868 128.261362 -0.083929 -0.874087 0.228431 0.420413
234.500000 65.959546 -7.006129 128.100418 -0.087503 -0.874054 0.230018 0.418885
234.600000 65.725725 -7.123644 127.930088 -0.087990 -0.873898 0.231492 0.418296
234.700000 65.518542 -7.235607 127.760844 -0.088925 -0.873077 0.234414 0.418186
234.800000 65.289894 -7.340760 127.597038 -0.091081 -0.872241 0.238204 0.417323
234.900000 65.058539 -7.468313 127.414460 -0.093022 -0.871568 0.240004 0.417269
235.000000 64.838933 -7.612204 127.239352 -0.096413 -0.871368 0.239110 0.417431
235.100000 64.667499 -7.716775 127.035229 -0.096387 -0.870929 0.236656 0.419746
235.200000 64.456660 -7.874501 126.844314 -0.100666 -0.870192 0.235217 0.421076
235.300000 64.117045 -8.002673 126.624563 -0.098611 -0.869374 0.237067 0.422213
235.400000 63.826825 -8.105468 126.435327 -0.096174 -0.867698 0.240913 0.424043
235.500000 63.590866 -8.216361 126.253593 -0.098580 -0.865693 0.244839 0.425337
235.600000 63.294562 -8.334876 126.070943 -0.100654 -0.864760 0.245396 0.426427
235.700000 63.052154 -8.456818 125.874293 -0.106976 -0.863120 0.246779 0.427410
235.800000 62.766054 -8.575293 125.699383 -0.108735 -0.862759 0.245473 0.428446
235.900000 62.512431 -8.696210 125.511333 -0.112740 -0.861622 0.245593 0.429629
236.000000 62.203579 -8.817677 125.331334 -0.114358 -0.861456 0.243830 0.430539
236.100000 61.950779 -8.937742 125.159644 -0.118226 -0.860827 0.244130 0.430581
236.200000 61.649514 -9.067389 124.978197 -0.122048 -0.859478 0.247403 0.430341
236.300000 61.310274 -9.170522 124.775635 -0.121738 -0.858227 0.251909 0.430312
236.400000 61.024668 -9.288575 124.597760 -0.120417 -0.857267 0.255577 0.430434
236.500000 60.675626 -9.423267 124.392165 -0.120578 -0.856675 0.258978 0.429534
236.600000 60.334639 -9.543189 124.202495 -0.120277 -0.856749 0.260794 0.428371
236.700000 60.013539 -9.709488 124.011368 -0.120528 -0.858209 0.255575 0.428522
236.800000 59.661121 -9.845536 123.812556 -0.120988 -0.860661 0.249609 0.426989
236.900000 59.390119 -9.966037 123.616474 -0.122432 -0.862003 0.245335 0.426348
237.000000 59.069894 -10.094843 123.403118 -0.122357 -0.862467 0.246136 0.424967
237.100000 58.886326 -10.203903 123.272039 -0.123647 -0.861120 0.250610 0.424710
237.200000 58.622957 -10.307788 123.086537 -0.121565 -0.860085 0.255844 0.424286
237.300000 58.374101 -10.424236 122.908045 -0.120095 -0.859902 0.257449 0.424106
237.400000 58.132887 -10.548340 122.733573 -0.122639 -0.860164 0.257012 0.423111
237.500000 57.900913 -10.673967 122.550224 -0.124011 -0.860628 0.255114 0.422916
237.600000 57.635067 -10.784944 122.363490 -0.123289 -0.861874 0.251778 0.422587
237.700000 57.352114 -10.921704 122.142012 -0.121641 -0.862784 0.246769 0.424160
237.800000 57.114604 -11.020716 122.005933 -0.123946 -0.863185 0.247293 0.422368
237.900000 56.564478 -11.264945 121.630333 -0.117864 -0.862682 0.248580 0.424377
238.000000 55.776575 -11.603702 121.116084 -0.117068 -0.861863 0.252120 0.424172
238.100000 54.993363 -11.951649 120.589281 -0.116396 -0.861690 0.252985 0.424194
238.200000 54.150210 -12.314506 120.045770 -0.118183 -0.862013 0.251628 0.423851
238.300000 53.334387 -12.678844 119.498498 -0.119300 -0.862944 0.248119 0.423713
238.400000 52.538890 -13.045504 118.953229 -0.120669 -0.862941 0.247843 0.423492
238.500000 51.772730 -13.406091 118.439375 -0.119617 -0.862695 0.248322 0.424010
238.600000 50.968868 -13.764553 117.914576 -0.118207 -0.861920 0.250009 0.424989
238.700000 50.190411 -14.138285 117.396763 -0.118205 -0.861229 0.251123 0.425735
238.800000 49.404960 -14.456927 116.861680 -0.117720 -0.859509 0.256056 0.426405
238.900000 48.603366 -14.806428 116.368171 -0.118195 -0.859303 0.256847 0.426213
239.000000 47.992889 -15.087808 115.909862 -0.120735 -0.858981 0.255521 0.426946
239.100000 47.440208 -15.389162 115.522763 -0.123074 -0.859153 0.251723 0.428187
239.200000 47.075049 -15.545296 115.308541 -0.123623 -0.859003 0.251683 0.428353
239.300000 46.998279 -15.513837 115.262652 -0.126183 -0.858193 0.255237 0.427126
239.400000 46.668887 -15.697150 115.038975 -0.125387 -0.858071 0.254457 0.428069
239.500000 46.373981 -15.785956 114.910630 -0.125727 -0.858568 0.256032 0.426030
239.600000 46.097724 -15.896580 114.745830 -0.126697 -0.858512 0.257860 0.424750
239.700000 45.846343 -16.004403 114.610733 -0.128481 -0.859505 0.256118 0.423258
239.800000 45.567214 -16.120550 114.454907 -0.130098 -0.860893 0.253714 0.421386
239.900000 45.353552 -16.216581 114.331512 -0.130193 -0.861801 0.253118 0.419856
240.000000 45.119706 -16.310535 114.200170 -0.128667 -0.862751 0.253257 0.418289
240.100000 44.877520 -16.411738 114.062314 -0.128224 -0.863952 0.252314 0.416514
240.200000 44.640128 -16.509474 113.931654 -0.127917 -0.865651 0.250058 0.414436
240.300000 44.393250 -16.615295 113.795398 -0.127284 -0.867077 0.248895 0.412344
240.400000 44.149806 -16.712579 113.663733 -0.126102 -0.868210 0.249467 0.409971
240.500000 43.847731 -16.827692 113.525919 -0.126437 -0.869798 0.250794 0.405669
240.600000 43.617513 -16.927365 113.387124 -0.124933 -0.870720 0.250473 0.404353
240.700000 43.335660 -17.015056 113.274845 -0.121175 -0.873101 0.248989 0.401268
240.800000 43.118325 -17.101040 113.165002 -0.120387 -0.874209 0.248905 0.399139
240.900000 42.862789 -17.155532 113.037967 -0.119903 -0.875505 0.250233 0.395599
241.000000 42.632621 -17.216044 112.913900 -0.117528 -0.876938 0.249466 0.393615
241.100000 42.407622 -17.269920 112.812139 -0.116227 -0.878179 0.249951 0.390920
241.200000 42.182592 -17.325006 112.704140 -0.115328 -0.879094 0.250596 0.388709
241.300000 41.981968 -17.373525 112.610190 -0.115399 -0.879787 0.250947 0.386889
241.400000 41.771951 -17.477088 112.527997 -0.115732 -0.880871 0.246955 0.386893
241.500000 41.572172 -17.525453 112.417442 -0.115275 -0.880383 0.247819 0.387587
241.600000 41.381075 -17.580591 112.354146 -0.114706 -0.880359 0.246924 0.388380
241.700000 41.194287 -17.635305 112.221288 -0.115254 -0.877257 0.249419 0.393608
241.800000 41.014269 -17.698447 112.134938 -0.116844 -0.874724 0.249438 0.398731
241.900000 40.832489 -17.752391 112.054756 -0.120298 -0.871547 0.250500 0.403961
242.000000 40.660606 -17.795599 111.972123 -0.122444 -0.867809 0.250151 0.411508
242.100000 40.479663 -17.846818 111.885261 -0.124803 -0.863369 0.249068 0.420694
242.200000 40.307434 -17.889206 111.800430 -0.126787 -0.858336 0.247599 0.431138
242.300000 40.121770 -17.948975 111.742595 -0.129756 -0.853462 0.243974 0.441863
242.400000 39.944051 -17.987522 111.662374 -0.133565 -0.845908 0.244113 0.454982
242.500000 39.753146 -18.062252 111.608978 -0.135823 -0.838723 0.239685 0.469731
242.600000 39.577461 -18.067244 111.492006 -0.136886 -0.827239 0.243676 0.487400
242.700000 39.399309 -18.121703 111.436235 -0.139076 -0.817337 0.240168 0.504913
242.800000 39.201398 -18.156137 111.379413 -0.141269 -0.806111 0.237979 0.523062
242.900000 38.966371 -18.203778 111.293902 -0.142906 -0.791701 0.234113 0.545875
243.000000 38.753943 -18.239943 111.241018 -0.144471 -0.776800 0.229811 0.568239
243.100000 38.533097 -18.279464 111.204056 -0.152445 -0.760307 0.224892 0.590014
243.200000 38.302077 -18.303962 111.165592 -0.159406 -0.742039 0.219684 0.612949
243.300000 38.077919 -18.323737 111.157023 -0.167055 -0.723568 0.212430 0.635150
243.400000 37.822536 -18.353360 111.153497 -0.175990 -0.703134 0.205113 0.657692
243.500000 37.624502 -18.340230 111.163612 -0.183999 -0.682511 0.203687 0.677374
243.600000 37.390958 -18.345173 111.183561 -0.188926 -0.661684 0.198917 0.697792
243.700000 37.164431 -18.343022 111.217862 -0.191260 -0.641070 0.194181 0.717456
243.800000 36.963027 -18.334767 111.253486 -0.190335 -0.620225 0.189111 0.737110
243.900000 36.745179 -18.309197 111.303796 -0.192941 -0.598487 0.187344 0.754645
244.000000 36.453503 -18.271787 111.386743 -0.199709 -0.575709 0.186467 0.770653
244.100000 36.205512 -18.240719 111.485562 -0.206794 -0.553528 0.182487 0.785838
244.200000 35.998753 -18.199653 111.574217 -0.213009 -0.532204 0.176878 0.800063
244.300000 35.752951 -18.140491 111.688342 -0.216939 -0.511309 0.171614 0.813664
244.400000 35.531890 -18.095577 111.815238 -0.222026 -0.491198 0.165121 0.825932
244.500000 35.284502 -18.033765 111.945633 -0.226860 -0.470721 0.161252 0.837230
244.600000 35.081226 -17.969348 112.074639 -0.228948 -0.451603 0.154019 0.848478
244.700000 34.875892 -17.900737 112.212039 -0.230567 -0.432868 0.149401 0.858570
244.800000 34.630778 -17.825382 112.383647 -0.232024 -0.414468 0.151429 0.866863
244.900000 34.453375 -17.733995 112.526701 -0.231548 -0.399578 0.152432 0.873777
245.000000 34.269110 -17.671118 112.677692 -0.232157 -0.387473 0.148363 0.879748
245.100000 34.061181 -17.569237 112.858096 -0.236205 -0.377976 0.145679 0.883243
245.200000 33.847386 -17.481650 113.038611 -0.242620 -0.370254 0.142396 0.885308
245.300000 33.620991 -17.385599 113.223094 -0.247681 -0.363957 0.137526 0.887286
245.400000 33.400179 -17.295723 113.410120 -0.250735 -0.358129 0.136250 0.888995
245.500000 33.175996 -17.177768 113.591177 -0.252626 -0.352896 0.140788 0.889845
245.600000 32.950502 -17.072873 113.778652 -0.252697 -0.349221 0.144215 0.890725
245.700000 32.773734 -16.977374 113.959200 -0.251489 -0.347656 0.145617 0.891451
245.800000 32.554930 -16.879488 114.141500 -0.249984 -0.346688 0.146455 0.892113
245.900000 32.354751 -16.767150 114.339763 -0.250732 -0.346849 0.147503 0.891668
246.000000 32.168169 -16.669383 114.501437 -0.253203 -0.346170 0.149472 0.890906
246.100000 31.920652 -16.544894 114.726058 -0.254494 -0.346197 0.151959 0.890106
246.200000 31.743045 -16.461594 114.891917 -0.253024 -0.345885 0.155224 0.890083
246.300000 31.513931 -16.350774 115.102447 -0.249298 -0.345600 0.157380 0.890866
246.400000 31.330369 -16.260652 115.271614 -0.247840 -0.344536 0.162923 0.890689
246.500000 31.125767 -16.163111 115.444496 -0.249441 -0.343029 0.171056 0.889297
246.600000 30.938671 -16.072386 115.614242 -0.251675 -0.342253 0.177334 0.887736
246.700000 30.712455 -15.992943 115.790435 -0.254510 -0.342302 0.178380 0.886699
246.800000 30.513808 -15.896213 115.956003 -0.258154 -0.343641 0.179235 0.884953
246.900000 30.334036 -15.811036 116.107748 -0.262276 -0.345141 0.179716 0.883058
247.000000 30.151838 -15.728541 116.260942 -0.262962 -0.347080 0.176789 0.882684
247.100000 29.958414 -15.642143 116.418218 -0.263692 -0.348306 0.174487 0.882442
247.200000 29.768342 -15.555945 116.573238 -0.262812 -0.349668 0.172033 0.882648
247.300000 29.564329 -15.475250 116.734875 -0.260729 -0.348962 0.173532 0.883251
247.400000 29.373751 -15.386469 116.885616 -0.256865 -0.348091 0.176693 0.884100
247.500000 29.197611 -15.307673 117.032668 -0.253548 -0.347897 0.175905 0.885290
247.600000 29.036758 -15.236996 117.177914 -0.253298 -0.347929 0.175076 0.885513
247.700000 28.874648 -15.159921 117.318463 -0.255950 -0.348200 0.173967 0.884862
247.800000 28.620547 -15.056442 117.497570 -0.259508 -0.346312 0.176210 0.884123
247.900000 28.432315 -14.973958 117.643499 -0.261459 -0.345984 0.174443 0.884027
248.000000 28.240379 -14.892312 117.810301 -0.263059 -0.346062 0.171538 0.884090
248.100000 28.050050 -14.822243 117.975530 -0.262791 -0.345853 0.167883 0.884953
248.200000 27.869137 -14.735684 118.128577 -0.260058 -0.344670 0.170338 0.885753
248.300000 27.696625 -14.647841 118.281795 -0.255559 -0.343633 0.173594 0.886832
248.400000 27.476994 -14.565108 118.443166 -0.255551 -0.342076 0.176506 0.886861
248.500000 27.317705 -14.482913 118.586126 -0.259102 -0.344178 0.174809 0.885353
248.600000 27.114238 -14.414322 118.779589 -0.263732 -0.345906 0.171467 0.883965
248.700000 26.962252 -14.336594 118.928219 -0.263312 -0.347376 0.169496 0.883894
248.800000 26.793693 -14.245343 119.073811 -0.261149 -0.347162 0.173022 0.883936
248.900000 26.574607 -14.174586 119.249316 -0.259570 -0.345946 0.173816 0.884722
249.000000 26.401740 -14.107145 119.399521 -0.258966 -0.346490 0.173512 0.884746
249.100000 26.274430 -14.018643 119.537995 -0.258848 -0.347777 0.172862 0.884403
249.200000 26.009039 -13.936187 119.723219 -0.262024 -0.346258 0.175673 0.883509
249.300000 25.844511 -13.848838 119.870985 -0.262019 -0.347462 0.174707 0.883229
249.400000 25.657003 -13.772077 120.022934 -0.264337 -0.346992 0.174700 0.882724
249.500000 25.529639 -13.701448 120.148258 -0.265245 -0.347831 0.174339 0.882193
249.600000 25.355706 -13.626519 120.294932 -0.265155 -0.347354 0.174761 0.882325
249.700000 25.193448 -13.552425 120.433984 -0.264002 -0.346129 0.177147 0.882676
249.800000 25.021704 -13.475905 120.577895 -0.260834 -0.346356 0.176539 0.883650
249.900000 24.864691 -13.399006 120.715454 -0.260742 -0.346709 0.177764 0.883293
250.000000 24.721510 -13.329194 120.847769 -0.260759 -0.346741 0.179789 0.882866
250.100000 24.549295 -13.257210 121.012005 -0.257505 -0.347936 0.178005 0.883711
250.200000 24.420947 -13.192309 121.140756 -0.255720 -0.349595 0.175653 0.884045
250.300000 24.265776 -13.129511 121.282148 -0.258333 -0.350930 0.172105 0.883455
250.400000 24.137653 -13.043241 121.403440 -0.262555 -0.352074 0.173360 0.881508
250.500000 23.988323 -12.975751 121.543926 -0.262613 -0.352478 0.172318 0.881533
250.600000 23.855565 -12.913053 121.664642 -0.258998 -0.352130 0.171460 0.882908
250.700000 23.690899 -12.834386 121.809013 -0.256579 -0.352010 0.171107 0.883730
250.800000 23.523424 -12.765731 121.947559 -0.255592 -0.351327 0.169650 0.884568
250.900000 23.386931 -12.696524 122.080762 -0.256921 -0.351822 0.168611 0.884185
251.000000 23.170677 -12.619124 122.234548 -0.257538 -0.350431 0.168776 0.884526
251.100000 23.043092 -12.553594 122.362475 -0.257895 -0.351590 0.165574 0.884568
251.200000 22.888871 -12.482304 122.493980 -0.256687 -0.351168 0.166678 0.884879
251.300000 22.724061 -12.410224 122.636819 -0.255490 -0.350763 0.167703 0.885192
251.400000 22.590362 -12.340044 122.761760 -0.253845 -0.351215 0.168261 0.885381
251.500000 22.445113 -12.268659 122.897651 -0.254435 -0.352147 0.166289 0.885214
251.600000 22.216714 -12.202900 123.059143 -0.257129 -0.350532 0.166259 0.885082
251.700000 22.050670 -12.134018 123.193547 -0.259023 -0.350564 0.165154 0.884724
251.800000 21.863004 -12.064726 123.351212 -0.259083 -0.350500 0.164854 0.884788
251.900000 21.730378 -11.996149 123.459130 -0.259412 -0.350023 0.167894 0.884308
252.000000 21.579594 -11.931934 123.591348 -0.259604 -0.349620 0.171341 0.883750
252.100000 21.439700 -11.862237 123.701639 -0.259261 -0.349699 0.173638 0.883371
252.200000 21.286461 -11.807283 123.850636 -0.256082 -0.351967 0.169814 0.884141
252.300000 21.142742 -11.736189 123.972568 -0.257336 -0.352598 0.171731 0.883154
252.400000 20.985669 -11.669874 124.099356 -0.260524 -0.354959 0.169100 0.881780
252.500000 20.860210 -11.610803 124.215957 -0.262730 -0.357486 0.167102 0.880485
252.600000 20.696113 -11.555351 124.341349 -0.262783 -0.358419 0.166693 0.880167
252.700000 20.619986 -11.506400 124.422427 -0.260477 -0.359827 0.168092 0.880012
252.800000 20.462140 -11.443916 124.550752 -0.257514 -0.359548 0.172414 0.880162
252.900000 20.346132 -11.393842 124.648033 -0.254989 -0.359848 0.175561 0.880153
253.000000 20.194564 -11.325082 124.772995 -0.255485 -0.361048 0.178269 0.878972
253.100000 20.072063 -11.278733 124.878437 -0.256460 -0.363312 0.177371 0.877936
253.200000 19.941375 -11.227172 124.983910 -0.253881 -0.365379 0.178048 0.877691
253.300000 19.809713 -11.176403 125.090290 -0.251358 -0.366798 0.179734 0.877482
253.400000 19.674549 -11.117723 125.200606 -0.250796 -0.369432 0.179842 0.876515
253.500000 19.539230 -11.067546 125.310236 -0.253867 -0.372394 0.178308 0.874689
253.600000 19.401752 -11.019629 125.414056 -0.253870 -0.375143 0.176787 0.873822
253.700000 19.288256 -10.967951 125.505483 -0.254573 -0.377503 0.177899 0.872374
253.800000 19.154463 -10.920264 125.608715 -0.253298 -0.379370 0.177420 0.872033
253.900000 19.025028 -10.878222 125.695459 -0.252174 -0.380984 0.173533 0.872437
254.000000 18.882058 -10.824061 125.801956 -0.248870 -0.382884 0.167442 0.873743
254.100000 18.747977 -10.779666 125.899925 -0.247495 -0.384443 0.162301 0.874419
254.200000 18.666105 -10.740321 125.984891 -0.243527 -0.385600 0.157729 0.875859
254.300000 18.490079 -10.688729 126.094566 -0.242653 -0.383362 0.157230 0.877173
254.400000 18.340443 -10.644612 126.203311 -0.241684 -0.381625 0.155801 0.878452
254.500000 18.243204 -10.599688 126.292015 -0.242184 -0.381108 0.150240 0.879506
254.600000 18.156483 -10.557714 126.365258 -0.245276 -0.378485 0.152878 0.879328
254.700000 17.979519 -10.511003 126.484572 -0.246527 -0.375631 0.147220 0.881165
254.800000 17.872811 -10.461282 126.567274 -0.249149 -0.372970 0.146409 0.881693
254.900000 17.695231 -10.403484 126.682433 -0.248830 -0.369759 0.140702 0.884062
255.000000 17.633370 -10.386053 126.750704 -0.248049 -0.367453 0.139004 0.885510
255.100000 17.520050 -10.317117 126.843528 -0.243033 -0.365106 0.139346 0.887815
255.200000 17.409544 -10.270347 126.938309 -0.241496 -0.362455 0.138570 0.889440
255.300000 17.295041 -10.218493 127.032945 -0.243805 -0.359272 0.140070 0.889867
255.400000 17.165936 -10.165393 127.138568 -0.247583 -0.356514 0.141698 0.889675
255.500000 17.055460 -10.114331 127.224553 -0.250412 -0.352746 0.147938 0.889370
255.600000 16.943499 -10.064043 127.324044 -0.248727 -0.351197 0.148256 0.890402
255.700000 16.839605 -10.017499 127.415870 -0.248500 -0.349774 0.146119 0.891378
255.800000 16.724128 -9.958246 127.514781 -0.250178 -0.347810 0.147404 0.891466
255.900000 16.615222 -9.913781 127.617956 -0.248156 -0.347187 0.142834 0.893016
256.000000 16.508889 -9.865378 127.715646 -0.246153 -0.346409 0.140866 0.894185
256.100000 16.385598 -9.812944 127.819108 -0.248460 -0.345615 0.140914 0.893846
256.200000 16.287518 -9.761962 127.924921 -0.251785 -0.346459 0.138273 0.893001
256.300000 16.138432 -9.719204 128.043057 -0.253228 -0.345591 0.136022 0.893275
256.400000 16.034564 -9.667298 128.138962 -0.250519 -0.345172 0.136519 0.894125
256.500000 15.935824 -9.613585 128.234788 -0.246848 -0.344785 0.138150 0.895044
256.600000 15.804564 -9.570323 128.340585 -0.246772 -0.343764 0.137929 0.895492
256.700000 15.671554 -9.514854 128.443138 -0.250964 -0.342296 0.141052 0.894402
256.800000 15.562863 -9.461513 128.540509 -0.253377 -0.341449 0.143285 0.893690
256.900000 15.461781 -9.407544 128.637907 -0.252466 -0.341453 0.144201 0.893799
257.000000 15.330057 -9.362484 128.736122 -0.253278 -0.340348 0.144800 0.893894
257.100000 15.222080 -9.304785 128.852592 -0.255316 -0.340521 0.144567 0.893286
257.200000 15.127961 -9.250365 128.943843 -0.256783 -0.340415 0.144858 0.892858
257.300000 15.028187 -9.202854 129.038354 -0.255621 -0.339561 0.146209 0.893297
257.400000 14.926906 -9.151356 129.131752 -0.255094 -0.338541 0.148893 0.893391
257.500000 14.808580 -9.114059 129.225790 -0.256277 -0.336021 0.152249 0.893438
257.600000 14.713926 -9.066465 129.312324 -0.256294 -0.335315 0.152314 0.893688
257.700000 14.617456 -9.028841 129.399140 -0.256937 -0.333245 0.153816 0.894020
257.800000 14.516412 -8.979199 129.481763 -0.256188 -0.332174 0.150635 0.895174
257.900000 14.428323 -8.931792 129.576369 -0.257041 -0.330862 0.148878 0.895710
258.000000 14.335930 -8.880486 129.659740 -0.255985 -0.329033 0.146238 0.897119
258.100000 14.249415 -8.841008 129.744111 -0.254374 -0.326179 0.145764 0.898696
258.200000 14.169969 -8.803812 129.812638 -0.253352 -0.323070 0.144862 0.900252
258.300000 14.072555 -8.766359 129.912582 -0.255986 -0.320324 0.144716 0.900511
258.400000 13.997838 -8.720108 129.987599 -0.259968 -0.318058 0.144372 0.900229
258.500000 13.912702 -8.688600 130.062150 -0.265333 -0.314995 0.145193 0.899608
258.600000 13.857957 -8.648258 130.127321 -0.267190 -0.313164 0.147043 0.899397
258.700000 13.771101 -8.614908 130.217239 -0.265471 -0.311675 0.145322 0.900703
258.800000 13.702083 -8.585816 130.278330 -0.264263 -0.310334 0.147261 0.901206
258.900000 13.633848 -8.546773 130.338438 -0.262948 -0.309206 0.149456 0.901617
259.000000 13.569215 -8.516662 130.401151 -0.262725 -0.307675 0.152904 0.901627
259.100000 13.513664 -8.484723 130.465773 -0.260399 -0.307262 0.153961 0.902263
259.200000 13.428925 -8.450465 130.528605 -0.258012 -0.306157 0.155519 0.903057
259.300000 13.378309 -8.422030 130.591798 -0.256703 -0.307916 0.153886 0.903112
259.400000 13.309847 -8.389356 130.649468 -0.259420 -0.308177 0.156676 0.901765
259.500000 13.243014 -8.357182 130.714166 -0.263485 -0.309926 0.158433 0.899678
259.600000 13.183345 -8.325296 130.774915 -0.265986 -0.312571 0.160405 0.897675
259.700000 13.115916 -8.300604 130.832735 -0.265330 -0.315464 0.162621 0.896458
259.800000 13.050701 -8.268870 130.891985 -0.263147 -0.320389 0.164617 0.894989
259.900000 12.994811 -8.241482 130.949106 -0.261399 -0.326160 0.166817 0.893007
260.000000 12.948791 -8.217084 131.000923 -0.259110 -0.332642 0.167814 0.891095
260.100000 12.890424 -8.189296 131.051705 -0.258154 -0.339534 0.169627 0.888426
260.200000 12.814997 -8.159916 131.107706 -0.256947 -0.346068 0.170709 0.886044
260.300000 12.785106 -8.139643 131.145704 -0.255182 -0.354291 0.168278 0.883766
260.400000 12.687905 -8.109442 131.210329 -0.253153 -0.360183 0.168126 0.881995
260.500000 12.645459 -8.085781 131.256070 -0.251688 -0.365938 0.172260 0.879244
260.600000 12.523376 -8.054065 131.334525 -0.249833 -0.369236 0.173210 0.878206
260.700000 12.441348 -8.028969 131.395954 -0.246704 -0.372180 0.170839 0.878313
260.800000 12.408124 -8.005628 131.427309 -0.243403 -0.375005 0.168361 0.878510
260.900000 12.293116 -7.972927 131.508726 -0.244474 -0.374329 0.169679 0.878248
261.000000 12.300209 -7.955543 131.510327 -0.247956 -0.373600 0.173183 0.876897
261.100000 12.262549 -7.939621 131.549270 -0.249319 -0.374359 0.164344 0.877887
261.200000 12.161260 -7.903022 131.629178 -0.251463 -0.372559 0.160865 0.878686
261.300000 12.044646 -7.859677 131.697333 -0.257554 -0.363901 0.180153 0.876805
261.400000 11.948075 -7.830543 131.773964 -0.254673 -0.358503 0.178794 0.880142
261.500000 11.856092 -7.791038 131.837251 -0.257017 -0.352031 0.186926 0.880383
261.600000 11.869179 -7.774575 131.859960 -0.254038 -0.351903 0.172217 0.884291
261.700000 11.806321 -7.731659 131.907159 -0.260365 -0.345442 0.177752 0.883903
261.800000 11.698840 -7.701145 132.005427 -0.259719 -0.341706 0.167428 0.887553
261.900000 11.660131 -7.656755 132.081264 -0.254024 -0.339429 0.156742 0.892016
262.000000 11.603702 -7.616924 132.131831 -0.252103 -0.333068 0.159939 0.894388
262.100000 11.550470 -7.584327 132.195720 -0.250112 -0.328856 0.159673 0.896550
262.200000 11.491068 -7.547830 132.260197 -0.250462 -0.325742 0.157309 0.898006
262.300000 11.304999 -7.485158 132.425074 -0.254287 -0.322872 0.156475 0.898113
262.400000 11.211469 -7.435569 132.513990 -0.258107 -0.320178 0.157031 0.897891
262.500000 11.134001 -7.386909 132.593680 -0.260648 -0.317595 0.158132 0.897881
262.600000 11.042323 -7.345455 132.689067 -0.261235 -0.315805 0.157763 0.898407
262.700000 10.944138 -7.289432 132.792514 -0.260076 -0.315332 0.157329 0.898985
262.800000 10.843047 -7.247066 132.887082 -0.262330 -0.314445 0.159575 0.898244
262.900000 10.743428 -7.197869 132.985557 -0.264527 -0.315267 0.160766 0.897099
263.000000 10.650669 -7.144634 133.085711 -0.263934 -0.316893 0.158860 0.897040
263.100000 10.552671 -7.094067 133.177014 -0.262772 -0.317715 0.158326 0.897185
263.200000 10.468074 -7.041072 133.262809 -0.263171 -0.319189 0.160218 0.896208
263.300000 10.355570 -6.995565 133.368527 -0.265461 -0.320396 0.159757 0.895184
263.400000 10.270222 -6.940744 133.456263 -0.265934 -0.321753 0.163081 0.893957
263.500000 10.161660 -6.889090 133.557563 -0.263602 -0.322474 0.165130 0.894011
263.600000 10.070160 -6.838786 133.651040 -0.261086 -0.323338 0.168341 0.893839
263.700000 9.991248 -6.791632 133.734957 -0.261548 -0.325305 0.168192 0.893018
263.800000 9.882877 -6.742649 133.830840 -0.264417 -0.326833 0.167029 0.891832
263.900000 9.784343 -6.693375 133.923946 -0.267040 -0.328485 0.164763 0.890865
264.000000 9.681739 -6.644385 134.019229 -0.266270 -0.329276 0.163468 0.891042
264.100000 9.590300 -6.599326 134.112862 -0.264177 -0.330470 0.162352 0.891427
264.200000 9.516108 -6.552788 134.185178 -0.263678 -0.331276 0.162769 0.891199
264.300000 9.427478 -6.495195 134.272225 -0.262949 -0.332635 0.163432 0.890787
264.400000 9.342936 -6.445024 134.362563 -0.261327 -0.333738 0.164556 0.890645
264.500000 9.237037 -6.402779 134.450602 -0.258379 -0.333041 0.163241 0.892007
264.600000 9.166807 -6.352414 134.530667 -0.257849 -0.333918 0.164186 0.891659
264.700000 9.045527 -6.328560 134.628120 -0.261680 -0.332251 0.163618 0.891270
264.800000 8.959722 -6.271869 134.700046 -0.264278 -0.332290 0.162573 0.890680
264.900000 8.881155 -6.228992 134.780020 -0.266998 -0.332967 0.161673 0.889779
265.000000 8.771305 -6.172805 134.866685 -0.269009 -0.331193 0.168327 0.888601
265.100000 8.671667 -6.126297 134.972618 -0.265436 -0.331435 0.164488 0.890302
265.200000 8.576001 -6.079855 135.069290 -0.262141 -0.331675 0.161743 0.891691
265.300000 8.476833 -6.034528 135.160349 -0.260693 -0.330999 0.162996 0.892139
265.400000 8.365491 -5.984304 135.259132 -0.259328 -0.330181 0.163497 0.892748
265.500000 8.273659 -5.944835 135.341327 -0.259029 -0.328974 0.165528 0.892906
265.600000 8.176455 -5.898594 135.425604 -0.260833 -0.327566 0.166734 0.892674
265.700000 8.101826 -5.853280 135.502183 -0.265132 -0.327843 0.169073 0.890864
265.800000 8.016994 -5.809315 135.587140 -0.267824 -0.327579 0.169800 0.890017
265.900000 7.894561 -5.754137 135.684824 -0.266226 -0.326913 0.169227 0.890850
266.000000 7.804749 -5.708646 135.765316 -0.265869 -0.325438 0.173646 0.890646
266.100000 7.715029 -5.669825 135.848295 -0.262787 -0.326647 0.169845 0.891851
266.200000 7.628222 -5.628347 135.924731 -0.263786 -0.327121 0.172265 0.890917
266.300000 7.523734 -5.591386 136.013498 -0.263404 -0.329402 0.170275 0.890572
266.400000 7.460504 -5.553529 136.077268 -0.263226 -0.331996 0.171063 0.889510
266.500000 7.348967 -5.520210 136.160937 -0.263843 -0.332771 0.172497 0.888760
266.600000 7.288155 -5.478825 136.222993 -0.265377 -0.336378 0.175949 0.886265
266.700000 7.199994 -5.441727 136.308656 -0.265625 -0.341012 0.172800 0.885039
266.800000 7.145675 -5.411758 136.355835 -0.268441 -0.342678 0.177280 0.882657
266.900000 7.072857 -5.377588 136.418105 -0.266364 -0.346035 0.176498 0.882133
267.000000 7.003931 -5.348317 136.480914 -0.264490 -0.349138 0.176190 0.881535
267.100000 6.934836 -5.314044 136.544150 -0.261769 -0.352303 0.176890 0.880948
267.200000 6.861120 -5.285286 136.606238 -0.260087 -0.355107 0.177849 0.880127
267.300000 6.800494 -5.260668 136.659931 -0.258345 -0.358755 0.178565 0.879015
267.400000 6.742963 -5.233455 136.706564 -0.256437 -0.362794 0.179822 0.877659
267.500000 6.676255 -5.207923 136.758719 -0.257023 -0.366628 0.182500 0.875338
267.600000 6.608244 -5.184704 136.818269 -0.256589 -0.371740 0.180032 0.873819
267.700000 6.570686 -5.162488 136.853119 -0.255756 -0.376207 0.178540 0.872456
267.800000 6.532238 -5.139260 136.887783 -0.254940 -0.380531 0.179464 0.870629
267.900000 6.463718 -5.120990 136.937895 -0.255137 -0.384094 0.174290 0.870057
268.000000 6.381211 -5.101129 137.004687 -0.251532 -0.386942 0.162869 0.872056
268.100000 6.331569 -5.070771 137.032842 -0.254227 -0.382915 0.166947 0.872281
268.200000 6.275613 -5.049590 137.077411 -0.254980 -0.378705 0.162856 0.874669
268.300000 6.219605 -5.027835 137.125999 -0.255100 -0.372178 0.158750 0.878183
268.400000 6.187637 -5.004180 137.161808 -0.256265 -0.362055 0.157550 0.882282
268.500000 6.122573 -4.980338 137.205829 -0.256533 -0.348496 0.150293 0.888906
268.600000 6.100713 -4.956627 137.245654 -0.259173 -0.334008 0.142566 0.894954
268.700000 6.001276 -4.937392 137.332343 -0.260507 -0.314056 0.125384 0.904314
268.800000 6.033881 -4.917522 137.335405 -0.266314 -0.290566 0.125820 0.910394
268.900000 6.002898 -4.885139 137.379667 -0.271166 -0.264016 0.122657 0.917453
269.000000 5.970508 -4.855875 137.427801 -0.272813 -0.236167 0.111170 0.925980
269.100000 5.920058 -4.795128 137.515643 -0.277985 -0.206172 0.108426 0.931913
269.200000 5.616002 -4.440908 138.108850 -0.280775 -0.170474 0.098073 0.939407
269.300000 5.569750 -4.321051 138.287393 -0.284502 -0.135238 0.090924 0.944723
269.400000 5.548530 -3.883530 138.936363 -0.286607 -0.103975 0.084488 0.948635
269.500000 5.561771 -3.592879 139.327224 -0.288233 -0.071316 0.073522 0.952066
269.600000 5.572651 -3.371302 139.789194 -0.296675 -0.036797 0.066498 0.951950
269.700000 5.625367 -3.119486 140.197791 -0.302289 -0.003721 0.058348 0.951422
269.800000 5.692272 -2.851452 140.578147 -0.306986 0.030259 0.050679 0.949882
269.900000 5.790460 -2.597873 140.948657 -0.311262 0.063762 0.041874 0.947258
270.000000 5.903848 -2.372899 141.290953 -0.313592 0.097045 0.033231 0.944001
270.100000 6.047853 -2.128344 141.639579 -0.314074 0.129982 0.023891 0.940155
270.200000 6.245834 -1.793436 142.057246 -0.314909 0.163404 0.014000 0.934845
270.300000 6.420031 -1.512433 142.398639 -0.316850 0.194767 0.002963 0.928258
270.400000 6.566458 -1.385926 142.505773 -0.317389 0.223150 -0.006863 0.921640
270.500000 6.718286 -1.261153 142.670056 -0.317313 0.250712 -0.019982 0.914361
270.600000 6.910578 -1.096626 142.826728 -0.312796 0.279351 -0.023969 0.907495
270.700000 7.134385 -0.950433 143.010728 -0.310173 0.305098 -0.028753 0.899934
270.800000 7.251106 -0.853021 143.150693 -0.307888 0.327485 -0.035297 0.892588
270.900000 7.432528 -0.723238 143.296196 -0.306540 0.345252 -0.046180 0.885834
271.000000 7.581824 -0.611549 143.437049 -0.304512 0.361517 -0.055227 0.879504
271.100000 7.702085 -0.548558 143.503247 -0.302930 0.375530 -0.061229 0.873763
271.200000 7.856267 -0.455770 143.612018 -0.301911 0.387933 -0.062822 0.868569
271.300000 8.038785 -0.300490 143.815793 -0.300864 0.398267 -0.065433 0.864050
271.400000 8.212722 -0.172416 143.958554 -0.298624 0.405633 -0.065917 0.861360
271.500000 8.377736 -0.077299 144.076857 -0.298245 0.408588 -0.065974 0.860089
271.600000 8.538030 0.079570 144.285701 -0.299155 0.410765 -0.066866 0.858666
271.700000 8.681685 0.176313 144.398898 -0.300724 0.409878 -0.067876 0.858463
271.800000 8.863195 0.318663 144.575881 -0.302355 0.409179 -0.069129 0.858123
271.900000 9.043019 0.408683 144.637351 -0.301574 0.407399 -0.067409 0.859380
272.000000 9.210749 0.507367 144.749567 -0.301380 0.406348 -0.066445 0.860021
272.100000 9.404828 0.635282 144.877474 -0.301183 0.405072 -0.066620 0.860678
272.200000 9.614316 0.770362 145.016114 -0.301507 0.403878 -0.065120 0.861240
272.300000 9.815565 0.906451 145.150180 -0.300611 0.402570 -0.064923 0.862181
272.400000 9.974628 1.001427 145.250259 -0.299242 0.401090 -0.064997 0.863340
272.500000 10.192410 1.126479 145.404133 -0.297004 0.399296 -0.066357 0.864840
272.600000 10.389227 1.258640 145.542087 -0.295522 0.397832 -0.067496 0.865934
272.700000 10.585742 1.381694 145.682975 -0.297077 0.396582 -0.067730 0.865956
272.800000 10.767432 1.509212 145.821181 -0.299718 0.395724 -0.067498 0.865457
272.900000 10.994146 1.662197 145.976381 -0.301970 0.395307 -0.065644 0.865007
273.000000 11.201628 1.801015 146.147244 -0.302587 0.394609 -0.066080 0.865077
273.100000 11.408964 1.939229 146.288493 -0.302659 0.393732 -0.065437 0.865500
273.200000 11.615059 2.079664 146.435246 -0.302957 0.393243 -0.063969 0.865728
273.300000 11.800187 2.183756 146.549534 -0.303996 0.392818 -0.061869 0.865709
273.400000 12.009438 2.317191 146.697129 -0.304765 0.392581 -0.061424 0.865578
273.500000 12.214284 2.458795 146.840557 -0.302354 0.392663 -0.060808 0.866429
273.600000 12.450430 2.628616 147.021195 -0.298487 0.392147 -0.063704 0.867795
273.700000 12.637978 2.726150 147.139102 -0.294638 0.391301 -0.065986 0.869320
273.800000 12.838271 2.869042 147.282146 -0.293037 0.391910 -0.066964 0.869513
273.900000 13.029483 2.992284 147.393368 -0.295585 0.392058 -0.068360 0.868474
274.000000 13.251915 3.121082 147.564628 -0.299787 0.393074 -0.068043 0.866597
274.100000 13.460106 3.244125 147.705595 -0.302604 0.394503 -0.068006 0.864970
274.200000 13.696582 3.384400 147.853902 -0.302715 0.395565 -0.067753 0.864466
274.300000 13.749362 3.414150 147.970289 -0.301124 0.399328 -0.060722 0.863814
274.400000 14.127667 3.644241 148.133197 -0.300428 0.397507 -0.066603 0.864462
274.500000 14.273879 3.738745 148.286198 -0.300418 0.398806 -0.065197 0.863975
274.600000 14.510334 3.884210 148.411201 -0.300458 0.397557 -0.065767 0.864493
274.700000 14.691289 3.991470 148.530674 -0.301662 0.396499 -0.067743 0.864407
274.800000 14.879736 4.128322 148.636828 -0.301560 0.395611 -0.069085 0.864743
274.900000 15.054980 4.246245 148.803054 -0.302889 0.396080 -0.068834 0.864084
275.000000 15.244569 4.365551 148.941040 -0.303108 0.395572 -0.069846 0.864159
275.100000 15.436492 4.492515 149.079388 -0.302033 0.395077 -0.071011 0.864666
275.200000 15.620101 4.612258 149.213107 -0.300033 0.394886 -0.070934 0.865456
275.300000 15.831925 4.739750 149.362266 -0.300308 0.394550 -0.070401 0.865557
275.400000 16.032655 4.865571 149.514444 -0.300227 0.394781 -0.069535 0.865550
275.500000 16.203450 4.984716 149.636065 -0.301865 0.394588 -0.069979 0.865032
275.600000 16.394344 5.100874 149.776735 -0.302990 0.395567 -0.067679 0.864375
275.700000 16.563583 5.204088 149.881109 -0.304815 0.396033 -0.064995 0.863725
275.800000 16.725365 5.308651 150.001453 -0.306347 0.396583 -0.066407 0.862823
275.900000 16.913593 5.436476 150.134233 -0.306020 0.396703 -0.068104 0.862752
276.000000 17.101021 5.549748 150.266453 -0.304563 0.397497 -0.068657 0.862858
276.100000 17.274622 5.657394 150.390819 -0.302820 0.398727 -0.068125 0.862946
276.200000 17.462161 5.775796 150.508974 -0.301842 0.399152 -0.068396 0.863071
276.300000 17.648744 5.894596 150.658048 -0.302743 0.400614 -0.067232 0.862169
276.400000 17.843111 6.024753 150.790387 -0.302401 0.401197 -0.065014 0.862188
276.500000 17.998280 6.099702 150.917053 -0.305089 0.400250 -0.070212 0.861273
276.600000 18.182795 6.230450 151.029256 -0.300944 0.400738 -0.066307 0.862812
276.700000 18.363667 6.346465 151.160618 -0.298880 0.399671 -0.069006 0.863813
276.800000 18.522894 6.445037 151.279676 -0.296995 0.398379 -0.072840 0.864744
276.900000 18.712082 6.556073 151.411936 -0.296689 0.397887 -0.073789 0.864995
277.000000 18.895639 6.665370 151.536128 -0.298619 0.398374 -0.070200 0.864405
277.100000 19.089889 6.781930 151.669698 -0.303385 0.398491 -0.067937 0.862872
277.200000 19.277060 6.900083 151.802850 -0.306804 0.398977 -0.066375 0.861558
277.300000 19.452473 7.006005 151.917783 -0.305514 0.398706 -0.065359 0.862220
277.400000 19.650302 7.134631 152.048078 -0.303087 0.398618 -0.064279 0.863198
277.500000 19.815827 7.233878 152.167691 -0.300471 0.398446 -0.063853 0.864223
277.600000 20.020299 7.369566 152.313481 -0.299193 0.397339 -0.066541 0.864972
277.700000 20.205772 7.488427 152.445853 -0.297556 0.396314 -0.068127 0.865884
277.800000 20.349772 7.568630 152.555135 -0.296487 0.396256 -0.067301 0.866341
277.900000 20.421189 7.619459 152.673945 -0.298355 0.396945 -0.069102 0.865242
278.000000 20.593072 7.705641 152.799491 -0.299913 0.395828 -0.065697 0.865480
278.100000 20.700661 7.771067 152.886892 -0.304233 0.393800 -0.066663 0.864823
278.200000 20.810784 7.910466 153.062338 -0.307965 0.393449 -0.069623 0.863428
278.300000 20.916527 7.981319 153.151129 -0.310325 0.390255 -0.069522 0.864041
278.400000 21.076834 8.089793 153.308459 -0.311642 0.388450 -0.064759 0.864750
278.500000 21.349032 8.210046 153.507362 -0.311727 0.384745 -0.055775 0.866999
278.600000 21.387564 8.225429 153.585817 -0.314499 0.380173 -0.058125 0.867860
278.700000 21.598106 8.368738 153.783637 -0.312944 0.376216 -0.055476 0.870316
278.800000 21.929742 8.591941 153.990748 -0.310236 0.370266 -0.051768 0.874058
278.900000 22.043605 8.671590 154.094555 -0.312143 0.365788 -0.051444 0.875282
279.000000 22.239222 8.813876 154.189663 -0.313530 0.360136 -0.047473 0.877352
279.100000 22.402810 8.956497 154.426418 -0.317996 0.357284 -0.049299 0.876810
279.200000 22.553488 9.043160 154.555678 -0.317498 0.353512 -0.044352 0.878782
279.300000 22.630908 9.150857 154.698539 -0.316188 0.351155 -0.048971 0.879953
279.400000 22.841855 9.287485 154.859516 -0.315848 0.346673 -0.047913 0.881908
279.500000 22.982441 9.413795 154.978975 -0.316810 0.343216 -0.047106 0.882958
279.600000 23.123605 9.523562 155.096346 -0.320270 0.339817 -0.044134 0.883178
279.700000 23.270460 9.576130 155.262402 -0.326287 0.336698 -0.036731 0.882509
279.800000 23.461230 9.744208 155.422555 -0.324807 0.331959 -0.034976 0.884918
279.900000 23.624369 9.871741 155.554581 -0.321278 0.326546 -0.033821 0.888259
280.000000 23.749166 9.973342 155.667043 -0.319117 0.321563 -0.032850 0.890889
280.100000 23.908942 10.114451 155.824067 -0.320371 0.317666 -0.027604 0.892014
280.200000 24.060517 10.222207 155.983906 -0.324184 0.313316 -0.021475 0.892343
280.300000 24.206816 10.368878 156.140450 -0.325289 0.308376 -0.016451 0.893768
280.400000 24.316672 10.483378 156.247668 -0.322444 0.303256 -0.011617 0.896622
280.500000 24.441762 10.623566 156.386432 -0.317528 0.298263 -0.008609 0.900078
280.600000 24.548831 10.730664 156.538760 -0.313918 0.295044 -0.005141 0.902429
280.700000 24.641646 10.831175 156.644577 -0.312221 0.291077 -0.002744 0.904315
280.800000 24.647550 10.868481 156.689535 -0.314787 0.286429 -0.009760 0.904861
280.900000 24.857856 11.047413 156.867010 -0.315589 0.281115 -0.001818 0.906297
281.000000 24.899156 11.123269 156.971514 -0.318172 0.279845 0.002120 0.905786
281.100000 25.009021 11.267078 157.107767 -0.322297 0.274715 -0.004499 0.905890
281.200000 25.048405 11.287239 157.167453 -0.323320 0.271998 0.000979 0.906355
281.300000 25.109612 11.273203 157.220628 -0.323899 0.266997 -0.001746 0.907634
281.400000 25.265488 11.561615 157.477039 -0.317070 0.265175 0.000352 0.910576
281.500000 25.345489 11.650520 157.580911 -0.316298 0.261967 0.003369 0.911766
281.600000 25.442432 11.777713 157.721935 -0.318432 0.258119 0.002922 0.912122
281.700000 25.525923 11.885638 157.847380 -0.320376 0.254238 0.003517 0.912529
281.800000 25.604712 11.990142 157.975347 -0.318621 0.251207 0.004547 0.913978
281.900000 25.664297 12.079258 158.084704 -0.315341 0.248433 0.005305 0.915867
282.000000 25.772334 12.237422 158.242170 -0.311239 0.244332 0.004461 0.918375
282.100000 25.851801 12.336074 158.372961 -0.311791 0.240356 0.006325 0.919225
282.200000 25.916020 12.474239 158.513399 -0.312370 0.236084 0.003909 0.920149
282.300000 26.003659 12.553884 158.654408 -0.314139 0.231421 0.008196 0.920703
282.400000 26.056719 12.630596 158.763453 -0.314998 0.226665 0.008078 0.921593
282.500000 26.110339 12.748520 158.886724 -0.313655 0.222990 0.007615 0.922951
282.600000 26.182360 12.793109 158.965265 -0.315922 0.217169 0.010728 0.923534
282.700000 26.214014 12.844520 159.099635 -0.319396 0.213623 0.009233 0.923183
282.800000 26.284738 12.953428 159.208089 -0.318242 0.208740 0.011891 0.924666
282.900000 26.319624 13.015323 159.306885 -0.317296 0.204986 0.012331 0.925825
283.000000 26.378220 13.067507 159.424179 -0.317655 0.199591 0.010538 0.926902
283.100000 26.427344 13.167095 159.553805 -0.315685 0.196096 0.012358 0.928298
283.200000 26.472218 13.265475 159.648848 -0.316218 0.191995 0.014441 0.928943
283.300000 26.535783 13.334228 159.744408 -0.321755 0.185868 0.016530 0.928253
283.400000 26.578193 13.438927 159.860599 -0.325340 0.182825 0.019635 0.927547
283.500000 26.629212 13.518605 159.966738 -0.327573 0.178116 0.023599 0.927585
283.600000 26.671257 13.605596 160.067529 -0.325895 0.174187 0.027434 0.928816
283.700000 26.717335 13.673406 160.172320 -0.325475 0.168859 0.026755 0.929966
283.800000 26.758407 13.755657 160.269688 -0.323724 0.164254 0.027441 0.931381
283.900000 26.810397 13.833236 160.377970 -0.323845 0.158922 0.028014 0.932246
284.000000 26.855438 13.905427 160.476890 -0.325377 0.153645 0.027600 0.932610
284.100000 26.908521 13.961661 160.565423 -0.327786 0.147905 0.028825 0.932657
284.200000 26.946942 14.031350 160.653325 -0.328543 0.144009 0.028264 0.933018
284.300000 26.978642 14.094872 160.741402 -0.330165 0.141717 0.027973 0.932805
284.400000 27.023974 14.186971 160.835916 -0.327214 0.139877 0.030363 0.934047
284.500000 27.051435 14.247277 160.925479 -0.326940 0.139919 0.028877 0.934184
284.600000 27.098929 14.307113 161.009385 -0.326539 0.138175 0.026923 0.934642
284.700000 27.140065 14.366712 161.089749 -0.326954 0.138273 0.025338 0.934526
284.800000 27.152831 14.414629 161.166216 -0.328375 0.143536 0.023996 0.933269
284.900000 27.197179 14.459183 161.222644 -0.332011 0.145180 0.022478 0.931765
285.000000 27.222885 14.509927 161.296785 -0.337237 0.151246 0.020602 0.928962
285.100000 27.253113 14.555667 161.358171 -0.341015 0.157504 0.019827 0.926557
285.200000 27.283836 14.596362 161.431869 -0.345299 0.164667 0.018759 0.923743
285.300000 27.318556 14.644440 161.474685 -0.344267 0.171402 0.018801 0.922902
285.400000 27.342308 14.683105 161.539041 -0.344700 0.180685 0.017507 0.920993
285.500000 27.361934 14.692376 161.583254 -0.346171 0.189282 0.013230 0.918783
285.600000 27.388095 14.751400 161.659321 -0.341805 0.202581 0.011709 0.917602
285.700000 27.414049 14.796456 161.709622 -0.340326 0.213813 0.003225 0.915670
285.800000 27.452846 14.863822 161.743323 -0.335988 0.225489 -0.002757 0.914472
285.900000 27.496569 14.900134 161.754595 -0.335373 0.236388 -0.007901 0.911912
286.000000 27.528044 14.961591 161.850450 -0.336697 0.257829 -0.013452 0.905526
286.100000 27.537870 14.948162 161.944880 -0.348363 0.280017 -0.021853 0.894291
286.200000 27.612454 15.026523 161.887612 -0.335497 0.289727 -0.022333 0.896103
286.300000 27.648066 15.092413 161.940990 -0.331263 0.311873 -0.026690 0.890105
286.400000 27.701916 15.109470 161.977779 -0.332678 0.328094 -0.033426 0.883494
286.500000 27.739772 15.156486 162.013313 -0.329947 0.347495 -0.045946 0.876511
286.600000 27.790912 15.207095 162.054713 -0.325894 0.367855 -0.055502 0.869135
286.700000 27.844310 15.202344 162.074515 -0.327839 0.385606 -0.061629 0.860251
286.800000 27.910902 15.256468 162.072507 -0.319898 0.403589 -0.070671 0.854276
286.900000 27.969927 15.297691 162.118012 -0.316585 0.427970 -0.078397 0.842894
287.000000 28.029778 15.328597 162.149660 -0.315870 0.450585 -0.087731 0.830363
287.100000 28.114558 15.359424 162.179274 -0.317302 0.470702 -0.096173 0.817624
287.200000 28.190487 15.318237 162.255908 -0.334572 0.490636 -0.109865 0.797036
287.300000 28.268884 15.368661 162.283078 -0.331429 0.513708 -0.119576 0.782279
287.400000 28.362502 15.375293 162.331086 -0.336486 0.535527 -0.131459 0.763352
287.500000 29.127100 15.607056 162.454248 -0.332126 0.554902 -0.138966 0.749976
287.600000 29.511658 15.722276 162.484186 -0.328992 0.576549 -0.149679 0.732770
287.700000 29.742096 15.730578 162.550260 -0.329049 0.597956 -0.162625 0.712551
287.800000 30.105924 15.804950 162.583820 -0.326337 0.619105 -0.174462 0.692659
287.900000 30.491443 15.859283 162.566534 -0.321346 0.639506 -0.182812 0.674054
288.000000 30.925852 15.934875 162.522357 -0.315976 0.657246 -0.191550 0.656884
288.100000 31.145325 15.894371 162.446203 -0.309174 0.671967 -0.194956 0.644099
288.200000 31.525263 15.907831 162.372837 -0.305011 0.684154 -0.199715 0.631676
288.300000 31.758872 15.935370 162.417382 -0.299960 0.695777 -0.201473 0.620747
288.400000 32.113630 15.949631 162.299713 -0.297304 0.703044 -0.205476 0.612469
288.500000 32.499097 15.956690 162.212724 -0.295042 0.709317 -0.208027 0.605430
288.600000 32.866962 15.938962 162.121702 -0.291511 0.714708 -0.209278 0.600347
288.700000 33.284748 15.951416 162.000210 -0.292376 0.718135 -0.213161 0.594442
288.800000 33.682676 15.960121 161.884573 -0.291079 0.721592 -0.215737 0.589945
288.900000 34.175214 15.963977 161.768078 -0.288521 0.725600 -0.216143 0.586125
289.000000 34.644124 15.967214 161.651333 -0.286631 0.728889 -0.216040 0.583001
289.100000 34.956435 15.971777 161.542528 -0.287346 0.730423 -0.215937 0.580763
289.200000 35.352835 15.964744 161.423563 -0.285860 0.731790 -0.214214 0.580413
289.300000 35.456715 15.975836 161.435050 -0.285876 0.732507 -0.216231 0.578751
289.400000 35.835650 15.986142 161.332866 -0.284770 0.732365 -0.218797 0.578511
289.500000 36.142228 15.985004 161.254583 -0.285217 0.732113 -0.221024 0.577763
289.600000 36.474935 15.976294 161.170459 -0.284604 0.733154 -0.219249 0.577421
289.700000 36.586395 16.001959 161.181807 -0.286709 0.734724 -0.219366 0.574331
289.800000 37.032971 15.969504 161.013197 -0.284832 0.735399 -0.216339 0.575549
289.900000 37.268960 15.996892 160.974355 -0.284225 0.736358 -0.217139 0.574321
290.000000 37.473924 15.980936 160.910019 -0.284235 0.736415 -0.216850 0.574352
290.100000 37.906023 15.996364 160.800480 -0.281874 0.737127 -0.215824 0.574988
290.200000 38.188424 15.990834 160.736806 -0.281656 0.737004 -0.216237 0.575098
290.300000 38.660633 15.998782 160.609075 -0.283066 0.735638 -0.218011 0.575483
290.400000 39.021309 16.008065 160.510033 -0.283115 0.734444 -0.218675 0.576732
290.500000 39.248669 15.975598 160.453555 -0.280450 0.735239 -0.213982 0.578777
290.600000 39.499719 15.975275 160.389427 -0.281393 0.734603 -0.213579 0.579276
290.700000 39.834583 15.956217 160.281754 -0.281535 0.733627 -0.211481 0.581210
290.800000 40.133272 15.954920 160.188693 -0.281464 0.732508 -0.211387 0.582688
290.900000 40.338039 15.953530 160.141184 -0.281385 0.732019 -0.211034 0.583468
291.000000 40.478656 15.962344 160.111271 -0.281772 0.731621 -0.211022 0.583784
291.100000 40.721990 15.973156 160.053933 -0.282734 0.730713 -0.211657 0.584227
291.200000 41.001638 15.953127 159.966351 -0.281291 0.729564 -0.210948 0.586611
291.300000 41.228549 15.961480 159.907705 -0.280003 0.728768 -0.211652 0.587962
291.400000 41.384204 15.967485 159.874639 -0.281512 0.727763 -0.213366 0.587866
291.500000 41.594530 15.968712 159.826629 -0.282488 0.727598 -0.212948 0.587754
291.600000 41.806922 15.969116 159.775739 -0.283776 0.727634 -0.212126 0.587387
291.700000 41.972355 15.971974 159.731821 -0.284344 0.727066 -0.212380 0.587723
291.800000 42.174319 15.979705 159.690337 -0.284340 0.727075 -0.213402 0.587344
291.900000 42.385615 15.982632 159.635795 -0.284609 0.726353 -0.214847 0.587579
292.000000 42.566767 15.983933 159.591782 -0.285149 0.725784 -0.215803 0.587670
292.100000 42.762925 15.986697 159.557287 -0.284773 0.726383 -0.216209 0.586963
292.200000 42.923108 16.006836 159.534450 -0.284472 0.727451 -0.216870 0.585542
292.300000 43.111930 15.998162 159.473602 -0.284817 0.726790 -0.217493 0.585963
292.400000 43.246278 15.991825 159.442631 -0.283657 0.727323 -0.215501 0.586600
292.500000 43.394481 15.999030 159.410350 -0.283898 0.727202 -0.218133 0.585659
292.600000 43.487259 15.998091 159.390249 -0.285262 0.726439 -0.219673 0.585368
292.700000 43.706885 16.007625 159.335809 -0.284689 0.726756 -0.219223 0.585422
292.800000 43.803693 16.003421 159.316013 -0.286200 0.727048 -0.217102 0.585113
292.900000 44.012509 16.008064 159.261039 -0.287732 0.726225 -0.216965 0.585435
293.000000 44.144360 16.012254 159.230748 -0.288993 0.725209 -0.217970 0.585700
293.100000 44.301378 16.010056 159.189254 -0.285689 0.725346 -0.214042 0.588592
293.200000 44.363514 16.009892 159.180336 -0.286110 0.724010 -0.215235 0.589596
293.300000 44.619212 16.011847 159.116053 -0.287660 0.721585 -0.217915 0.590829
293.400000 44.771999 16.008436 159.085966 -0.288465 0.720774 -0.217313 0.591648
293.500000 44.947384 16.001164 159.048408 -0.288837 0.720223 -0.215697 0.592729
293.600000 45.136164 16.029323 159.016488 -0.285300 0.720784 -0.216324 0.593530
293.700000 45.313070 16.030497 158.981038 -0.283681 0.720347 -0.216263 0.594858
293.800000 45.492471 16.038326 158.945638 -0.284097 0.719964 -0.216195 0.595147
293.900000 45.649100 16.041588 158.912155 -0.284396 0.720121 -0.215766 0.594971
294.000000 45.820777 16.046128 158.876994 -0.282388 0.720530 -0.215437 0.595551
294.100000 45.981589 16.047282 158.846043 -0.286623 0.718976 -0.219878 0.593780
294.200000 46.179482 16.057402 158.811264 -0.287246 0.719547 -0.220119 0.592696
294.300000 46.352212 16.063617 158.778960 -0.288975 0.719848 -0.220245 0.591442
294.400000 46.593777 16.068855 158.717928 -0.285820 0.721045 -0.217004 0.592715
294.500000 46.581531 16.072855 158.729586 -0.288191 0.721089 -0.217448 0.591349
294.600000 46.939638 16.086581 158.659839 -0.290294 0.720486 -0.220037 0.590096
294.700000 47.136702 16.092438 158.624018 -0.288229 0.721253 -0.219069 0.590531
294.800000 47.319185 16.097518 158.585735 -0.287274 0.721238 -0.219071 0.591014
294.900000 47.496213 16.095949 158.539832 -0.285684 0.720848 -0.217121 0.592977
295.000000 47.687389 16.097105 158.497913 -0.286630 0.719770 -0.217823 0.593572
295.100000 47.830592 16.103760 158.471657 -0.285498 0.719383 -0.217280 0.594784
295.200000 47.836707 16.101003 158.466050 -0.284628 0.718858 -0.216583 0.596089
295.300000 47.659339 16.084266 158.501911 -0.284450 0.718282 -0.214087 0.597767
295.400000 48.442184 16.122219 158.346092 -0.285035 0.717443 -0.218351 0.596953
295.500000 48.586068 16.122495 158.315930 -0.282971 0.716968 -0.217844 0.598689
295.600000 48.708343 16.126263 158.289398 -0.283602 0.716034 -0.219171 0.599023
295.700000 48.911923 16.116359 158.269662 -0.285613 0.715673 -0.219303 0.598451
295.800000 49.161988 16.125821 158.201076 -0.285464 0.715289 -0.218677 0.599209
295.900000 49.341033 16.125600 158.153392 -0.285829 0.715047 -0.217789 0.599647
296.000000 49.510193 16.127176 158.129512 -0.287897 0.714842 -0.218125 0.598779
296.100000 49.551691 16.123610 158.132384 -0.290319 0.714619 -0.218163 0.597863
296.200000 49.824274 16.133969 158.041580 -0.286541 0.715357 -0.215921 0.599614
296.300000 49.931045 16.133548 158.022991 -0.286884 0.716046 -0.214908 0.598991
296.400000 50.141049 16.134629 157.980656 -0.285099 0.717174 -0.213446 0.599017
296.500000 50.287071 16.127669 157.937647 -0.284275 0.717587 -0.213256 0.598981
296.600000 50.298985 16.133937 157.938475 -0.283322 0.718856 -0.213189 0.597934
296.700000 50.366169 16.121227 157.907589 -0.280528 0.720540 -0.211781 0.597725
296.800000 50.449689 16.115657 157.876401 -0.279598 0.721679 -0.213081 0.596323
296.900000 50.514457 16.116058 157.869307 -0.279774 0.723669 -0.214991 0.593134
297.000000 50.602406 16.115772 157.863197 -0.280149 0.726711 -0.216914 0.588521
297.100000 50.710895 16.117992 157.848938 -0.277792 0.731115 -0.217115 0.584092
297.200000 50.750387 16.103560 157.823067 -0.273424 0.735719 -0.217415 0.580248
297.300000 50.733175 16.101796 157.804569 -0.270336 0.740372 -0.220442 0.574607
297.400000 50.981364 16.106135 157.769938 -0.267457 0.747438 -0.225247 0.564859
297.500000 51.033328 16.099102 157.762538 -0.264291 0.755428 -0.229979 0.553705
297.600000 51.079618 16.090005 157.751595 -0.260126 0.764882 -0.234310 0.540730
297.700000 51.119390 16.083804 157.726145 -0.256272 0.774914 -0.240742 0.525239
297.800000 51.214025 16.028382 157.690042 -0.251219 0.786375 -0.246097 0.507877
297.900000 51.232930 16.056777 157.677028 -0.241171 0.800639 -0.252039 0.487124
298.000000 51.282721 16.046037 157.653146 0.234021 -0.814810 0.257836 -0.463508
298.100000 51.383615 16.016958 157.619303 0.228161 -0.829309 0.263833 -0.436555
298.200000 51.419976 16.011953 157.588475 0.221509 -0.843667 0.272644 -0.405986
298.300000 52.026075 15.758503 157.146035 -0.209171 0.858395 -0.275756 0.378635
298.400000 52.193371 15.653558 157.008215 0.197575 -0.872581 0.281823 -0.346616
298.500000 52.667514 15.324593 156.513360 -0.186493 0.884350 -0.289589 0.315093
298.600000 52.942982 15.095672 156.162718 -0.174428 0.895502 -0.296248 0.282645
298.700000 53.191259 14.846784 155.797262 -0.162228 0.905437 -0.302307 0.249953
298.800000 53.418862 14.594227 155.428753 -0.149367 0.914340 -0.307825 0.216599
298.900000 53.617094 14.332236 155.058421 0.136276 -0.922020 0.312673 -0.183149
299.000000 53.706228 14.151972 154.877535 -0.124072 0.928724 -0.315573 0.149973
299.100000 53.848552 13.946291 154.583207 0.111848 -0.933838 0.319167 -0.116490
299.200000 53.936714 13.673959 154.242203 -0.099937 0.937811 -0.320992 0.086531
299.300000 53.996885 13.456303 153.924085 0.089314 -0.940286 0.323343 -0.057749
299.400000 54.069000 13.130435 153.621666 -0.080080 0.942519 -0.323069 0.029522
299.500000 54.076437 12.880236 153.326516 0.072103 -0.943308 0.323965 -0.004174
299.600000 54.076183 12.579977 152.955426 0.064621 -0.943178 0.325369 0.019336
299.700000 54.042652 12.312971 152.629677 0.057719 -0.942806 0.325874 0.039891
299.800000 54.018553 12.030989 152.277286 0.051930 -0.942024 0.326286 0.058577
299.900000 53.975528 11.725415 151.947837 0.048587 -0.941297 0.325076 0.076976
300.000000 53.903851 11.434478 151.580568 0.043247 -0.939739 0.325537 0.095108
300.100000 53.819608 11.162457 151.278641 0.040417 -0.937901 0.325182 0.113867
300.200000 53.708410 10.848359 150.870257 0.034745 -0.935228 0.326873 0.131512
300.300000 53.581804 10.515983 150.491492 0.029721 -0.932551 0.327404 0.149238
300.400000 53.419122 10.210606 150.148197 0.025476 -0.929719 0.327913 0.165671
300.500000 53.340299 10.000688 149.930222 0.020015 -0.927012 0.328146 0.180468
300.600000 53.198481 9.751427 149.669833 0.014770 -0.924135 0.328436 0.194645
300.700000 53.018398 9.499795 149.342693 0.007366 -0.920860 0.330201 0.207196
300.800000 52.842785 9.248588 149.084301 0.002373 -0.917827 0.330350 0.220129
300.900000 52.624103 8.949165 148.771415 -0.003932 -0.914513 0.331395 0.232007
301.000000 52.429141 8.708722 148.522217 -0.010110 -0.911386 0.332249 0.242659
301.100000 52.206304 8.462608 148.279146 -0.018924 -0.908377 0.333555 0.251462
301.200000 52.025313 8.239354 148.064004 -0.024825 -0.906160 0.332130 0.260666
301.300000 51.668200 7.898020 147.704355 -0.030427 -0.904088 0.330970 0.268621
301.400000 51.368620 7.554333 147.356475 -0.034054 -0.901859 0.329693 0.277115
301.500000 51.095829 7.255966 147.045571 -0.037038 -0.899154 0.330404 0.284575
301.600000 50.808221 6.937830 146.730992 -0.039854 -0.896049 0.331849 0.292206
301.700000 50.559352 6.662063 146.449772 -0.041737 -0.893229 0.331875 0.300430
301.800000 50.221298 6.345035 146.085050 -0.042903 -0.890492 0.330489 0.309774
301.900000 49.912135 6.030150 145.766390 -0.048531 -0.888021 0.330125 0.316354
302.000000 49.630915 5.715436 145.458392 -0.053497 -0.885456 0.330582 0.322214
302.100000 49.314925 5.392111 145.143733 -0.058301 -0.882537 0.333295 0.326565
302.200000 48.992302 5.117123 144.834345 -0.060971 -0.879434 0.337518 0.330091
302.300000 48.676088 4.783991 144.534439 -0.064687 -0.876795 0.340132 0.333702
302.400000 48.360484 4.474957 144.240206 -0.066448 -0.875225 0.340554 0.337029
302.500000 48.035745 4.146746 143.925214 -0.069305 -0.874473 0.340114 0.338846
302.600000 47.744129 3.814943 143.605285 -0.073363 -0.873518 0.339671 0.340894
302.700000 47.440565 3.527041 143.304109 -0.076227 -0.872081 0.340694 0.342916
302.800000 47.154777 3.243580 142.999580 -0.077274 -0.870765 0.340801 0.345906
302.900000 46.849755 2.974560 142.714764 -0.078930 -0.869783 0.342234 0.346589
303.000000 46.508978 2.604534 142.394904 -0.082105 -0.868867 0.341428 0.348937
303.100000 46.114559 2.284599 142.082253 -0.081975 -0.868010 0.341998 0.350536
303.200000 45.716061 1.952581 141.762297 -0.081502 -0.867322 0.342233 0.352118
303.300000 45.329243 1.632523 141.428685 -0.080291 -0.866607 0.341591 0.354770
303.400000 44.934686 1.305460 141.111353 -0.080033 -0.866385 0.340935 0.355997
303.500000 44.568952 0.976155 140.779241 -0.080814 -0.865056 0.341493 0.358512
303.600000 44.202758 0.654279 140.444678 -0.081044 -0.863865 0.341631 0.361190
303.700000 43.839287 0.322283 140.124934 -0.080802 -0.863052 0.340515 0.364227
303.800000 43.414770 -0.010593 139.798973 -0.081137 -0.862291 0.341439 0.365090
303.900000 43.054344 -0.350661 139.491674 -0.084409 -0.861301 0.342717 0.365486
304.000000 42.689738 -0.690508 139.157326 -0.085199 -0.860455 0.342375 0.367610
304.100000 42.310273 -1.055034 138.796119 -0.087670 -0.859548 0.342111 0.369394
304.200000 41.925648 -1.442536 138.470763 -0.087721 -0.858899 0.340440 0.372422
304.300000 41.469398 -1.812299 138.123331 -0.089656 -0.857473 0.342248 0.373588
304.400000 41.078867 -2.170643 137.818439 -0.090291 -0.856583 0.341997 0.375701
304.500000 40.671207 -2.542400 137.481398 -0.089970 -0.856046 0.340467 0.378380
304.600000 40.262641 -2.902826 137.125141 -0.090131 -0.854981 0.340045 0.381121
304.700000 39.858010 -3.285049 136.799043 -0.091401 -0.854000 0.339899 0.383144
304.800000 39.446503 -3.666917 136.459518 -0.093181 -0.853407 0.338938 0.384882
304.900000 39.053715 -4.005609 136.138544 -0.093393 -0.853006 0.337638 0.386858
305.000000 38.645405 -4.376014 135.801845 -0.094811 -0.852033 0.337395 0.388864
305.100000 38.235864 -4.739179 135.457900 -0.096402 -0.850896 0.337247 0.391085
305.200000 37.867662 -5.066011 135.176495 -0.098297 -0.850281 0.336571 0.392531
305.300000 37.549724 -5.337738 134.951895 -0.101136 -0.850038 0.336144 0.392701
305.400000 37.192123 -5.633165 134.742046 -0.101872 -0.850172 0.334396 0.393711
305.500000 36.861884 -5.847232 134.510532 -0.102951 -0.849533 0.335114 0.394200
305.600000 36.510376 -6.110150 134.284343 -0.103007 -0.849124 0.334940 0.395212
305.700000 36.164140 -6.368632 134.051353 -0.102823 -0.848401 0.335580 0.396269
305.800000 35.839091 -6.626296 133.807445 -0.104037 -0.847398 0.337020 0.396875
305.900000 35.511358 -6.893610 133.591324 -0.105393 -0.847362 0.336748 0.396825
306.000000 35.147976 -7.167551 133.346349 -0.108238 -0.846982 0.337332 0.396375
306.100000 34.838456 -7.425733 133.113579 -0.110078 -0.846721 0.337093 0.396628
306.200000 34.504535 -7.687783 132.896740 -0.111114 -0.846724 0.336621 0.396734
306.300000 34.194261 -7.936470 132.659951 -0.112464 -0.846170 0.337310 0.396951
306.400000 33.941650 -8.096301 132.518265 -0.112764 -0.846393 0.338078 0.395735
306.500000 33.679542 -8.301507 132.345827 -0.112724 -0.846497 0.337501 0.396016
306.600000 33.283911 -8.577487 132.106542 -0.114483 -0.846144 0.338739 0.395208
306.700000 32.961803 -8.796684 131.894585 -0.113951 -0.846102 0.338580 0.395588
306.800000 32.535081 -9.031227 131.667561 -0.113879 -0.846081 0.339095 0.395214
306.900000 32.156422 -9.249121 131.463585 -0.113168 -0.846209 0.339209 0.395045
307.000000 31.796724 -9.498832 131.261390 -0.113787 -0.846091 0.339094 0.395219
307.100000 31.466461 -9.718853 131.064463 -0.113646 -0.845903 0.339150 0.395613
307.200000 31.108913 -9.912002 130.865725 -0.112516 -0.845432 0.339784 0.396399
307.300000 30.742911 -10.152477 130.677660 -0.112462 -0.844788 0.340909 0.396820
307.400000 30.433637 -10.357447 130.479084 -0.111045 -0.843691 0.341583 0.398969
307.500000 30.110341 -10.565561 130.294662 -0.112447 -0.842742 0.342732 0.399596
307.600000 29.762155 -10.775458 130.091982 -0.112061 -0.842497 0.341949 0.400889
307.700000 29.422791 -10.983947 129.916889 -0.113458 -0.842301 0.341621 0.401187
307.800000 29.128515 -11.197026 129.741315 -0.115828 -0.841997 0.340689 0.401941
307.900000 28.817226 -11.386619 129.564778 -0.116070 -0.841399 0.340698 0.403115
308.000000 28.547547 -11.586606 129.391821 -0.117420 -0.840479 0.340520 0.404789
308.100000 28.277287 -11.781603 129.223349 -0.118511 -0.839406 0.340515 0.406696
308.200000 27.998137 -11.955078 129.047893 -0.118951 -0.838321 0.341185 0.408242
308.300000 27.719946 -12.137782 128.896964 -0.120628 -0.837943 0.341059 0.408630
308.400000 27.457904 -12.325077 128.727064 -0.122212 -0.836966 0.342439 0.409008
308.500000 27.222034 -12.497744 128.582790 -0.124088 -0.836677 0.344072 0.407662
308.600000 26.948746 -12.658508 128.427674 -0.123934 -0.837000 0.345085 0.406187
308.700000 26.704913 -12.829282 128.287639 -0.124989 -0.837815 0.345229 0.404055
308.800000 26.454598 -12.998807 128.136049 -0.126486 -0.839233 0.345370 0.400511
308.900000 26.218806 -13.158454 127.986650 -0.126373 -0.840923 0.345823 0.396590
309.000000 25.998048 -13.317438 127.849869 -0.124938 -0.842997 0.346809 0.391753
309.100000 25.781635 -13.470598 127.716796 -0.123547 -0.845124 0.348495 0.386074
309.200000 25.578739 -13.610654 127.592625 -0.121851 -0.847966 0.349569 0.379351
309.300000 25.387251 -13.759958 127.454559 -0.119391 -0.851081 0.349835 0.372856
309.400000 25.208517 -13.889023 127.340597 -0.116796 -0.854914 0.350023 0.364643
309.500000 25.046208 -14.006696 127.229513 -0.114369 -0.859480 0.351070 0.353504
309.600000 24.891517 -14.149865 127.090248 -0.111463 -0.864609 0.352949 0.339786
309.700000 24.761474 -14.281898 126.980907 -0.105170 -0.871163 0.353921 0.323658
309.800000 24.650028 -14.371379 126.887255 -0.097336 -0.878303 0.356078 0.303840
309.900000 24.548054 -14.520157 126.757051 -0.087788 -0.885967 0.357352 0.282233
310.000000 24.451860 -14.655444 126.608507 -0.076465 -0.893530 0.359325 0.258154
310.100000 24.379593 -14.793163 126.472555 -0.066016 -0.901030 0.361191 0.230928
310.200000 24.314592 -14.936387 126.333529 -0.053778 -0.908463 0.362038 0.201819
310.300000 24.223259 -15.064072 126.183728 -0.040749 -0.915329 0.364522 0.166240
310.400000 24.189399 -15.204451 126.047950 -0.027502 -0.921714 0.363169 0.133397
310.500000 24.176872 -15.341004 125.893478 -0.013843 -0.926148 0.363311 0.100319
310.600000 24.156262 -15.499198 125.748126 0.003086 -0.930083 0.361517 0.065135
310.700000 24.168984 -15.634099 125.596528 0.016610 -0.932056 0.360580 0.031269
310.800000 24.198083 -15.766048 125.435728 0.030697 -0.933033 0.358475 -0.001689
310.900000 24.235365 -15.913007 125.275443 -0.044635 0.933761 -0.353420 0.034521
311.000000 24.299931 -16.047212 125.131471 0.059093 -0.933437 0.347677 -0.065751
311.100000 24.373436 -16.182887 124.962786 0.074957 -0.930870 0.344434 -0.096056
311.200000 24.442693 -16.312239 124.833081 -0.085373 0.928260 -0.339487 0.125672
311.300000 24.550928 -16.455781 124.658395 0.098889 -0.923658 0.338082 -0.150923
311.400000 24.676673 -16.610533 124.457052 -0.108553 0.918804 -0.336832 0.174811
311.500000 24.801427 -16.750394 124.283881 0.116962 -0.913623 0.336330 -0.196203
311.600000 24.930736 -16.883045 124.124169 -0.124335 0.908796 -0.336042 0.213792
311.700000 25.069432 -17.011984 123.961948 0.135225 -0.904296 0.335535 -0.226670
311.800000 25.220940 -17.135279 123.810002 -0.142776 0.901184 -0.333556 0.237113
311.900000 25.373976 -17.272083 123.643929 0.146778 -0.898903 0.330220 -0.247759
312.000000 25.539454 -17.417661 123.477156 -0.147976 0.897295 -0.326350 0.257799
312.100000 25.716602 -17.568842 123.279865 0.151118 -0.895127 0.324556 -0.265658
312.200000 25.857138 -17.647161 123.163120 -0.154265 0.892748 -0.325047 0.271196
312.300000 26.021501 -17.785518 123.004549 0.158984 -0.890171 0.325750 -0.276055
312.400000 26.210020 -17.933155 122.806750 -0.158724 0.888619 -0.325854 0.281040
312.500000 26.411479 -18.104189 122.576337 0.158238 -0.887550 0.325144 -0.285477
312.600000 26.571027 -18.227520 122.422428 -0.157330 0.886984 -0.324037 0.288975
312.700000 26.758708 -18.375925 122.232246 0.157712 -0.886406 0.324082 -0.290485
312.800000 26.957434 -18.542882 122.015766 -0.158286 0.885696 -0.324698 0.291649
312.900000 27.143047 -18.678679 121.827523 0.157666 -0.884746 0.325130 -0.294373
313.000000 27.354445 -18.830809 121.612075 -0.155823 0.884034 -0.324968 0.297656
313.100000 27.560683 -18.996674 121.417169 0.154380 -0.883262 0.324382 -0.301315
313.200000 27.772547 -19.137539 121.222404 -0.156185 0.882231 -0.324095 0.303704
313.300000 27.987348 -19.328833 120.977971 0.157374 -0.880923 0.323640 -0.307353
313.400000 28.215622 -19.478750 120.793188 -0.158017 0.880136 -0.323092 0.309843
313.500000 28.453941 -19.645896 120.560873 0.159087 -0.878765 0.324159 -0.312064
313.600000 28.696328 -19.826136 120.356604 -0.159394 0.878036 -0.324401 0.313705
313.700000 28.935744 -20.002243 120.135724 0.158248 -0.877578 0.324102 -0.315868
313.800000 29.200899 -20.181320 119.903007 -0.156721 0.877781 -0.322366 0.317837
313.900000 29.461646 -20.360467 119.657368 0.157994 -0.877543 0.321240 -0.318999
314.000000 29.734491 -20.552938 119.451878 -0.155876 0.878569 -0.317943 0.320518
314.100000 29.994777 -20.742203 119.219389 0.155589 -0.878368 0.316724 -0.322410
314.200000 30.286518 -20.919791 118.957615 -0.158576 0.877536 -0.317477 0.322479
314.300000 30.567541 -21.109254 118.721247 0.162159 -0.877273 0.316763 -0.322115
314.400000 30.846701 -21.304285 118.469684 -0.165207 0.877204 -0.315796 0.321704
314.500000 31.123808 -21.492775 118.213550 0.167504 -0.876628 0.316732 -0.321164
314.600000 31.386479 -21.673826 117.995429 -0.164326 0.876132 -0.318308 0.322599
314.700000 31.660917 -21.856695 117.757033 0.164002 -0.875299 0.320573 -0.322780
314.800000 31.858817 -21.983415 117.602334 -0.160951 0.876015 -0.319241 0.323694
314.900000 32.120088 -22.156094 117.392609 0.159734 -0.876775 0.317605 -0.323848
315.000000 32.371796 -22.331890 117.157945 -0.160928 0.876157 -0.319078 0.323481
315.100000 32.647635 -22.517055 116.910708 0.162642 -0.875700 0.320062 -0.322889
315.200000 32.876298 -22.655870 116.762160 -0.162784 0.876193 -0.319413 0.322120
315.300000 33.129067 -22.822211 116.558011 0.161875 -0.876077 0.319601 -0.322709
315.400000 33.303391 -22.950196 116.411547 -0.159483 0.875871 -0.319739 0.324319
315.500000 33.541464 -23.109947 116.209480 0.159508 -0.875231 0.320717 -0.325066
315.600000 33.802126 -23.278128 116.009255 -0.156320 0.875508 -0.319821 0.326747
315.700000 34.041786 -23.433323 115.836186 0.158033 -0.874945 0.320572 -0.326697
315.800000 34.310219 -23.613487 115.593432 -0.160339 0.874963 -0.319529 0.326547
315.900000 34.563563 -23.785942 115.387066 0.161577 -0.875381 0.318344 -0.325973
316.000000 34.813011 -23.960068 115.169708 -0.158062 0.875265 -0.318598 0.327753
316.100000 35.058145 -24.123425 114.973148 0.158745 -0.874604 0.320655 -0.327183
316.200000 35.312410 -24.280797 114.778457 -0.154988 0.875161 -0.320138 0.327998
316.300000 35.463284 -24.390395 114.690803 0.151629 -0.877398 0.315091 -0.328479
316.400000 35.700204 -24.529648 114.536260 -0.149585 0.879329 -0.311549 0.327631
316.500000 35.923281 -24.676951 114.359427 0.149154 -0.879710 0.311326 -0.327016
316.600000 35.920820 -24.702773 114.339684 0.151328 -0.878639 0.313707 -0.326623
316.700000 36.115466 -24.862206 114.138910 -0.152344 0.877380 -0.316092 0.327234
316.800000 36.186096 -24.921315 114.068143 0.150939 -0.877606 0.315837 -0.327523
316.900000 36.274602 -24.948144 114.030521 0.155464 -0.878354 0.315319 -0.323880
317.000000 36.447226 -25.091453 113.876449 0.154336 -0.879370 0.312544 -0.324352
317.100000 36.606016 -25.216605 113.793604 -0.153056 0.879754 -0.311861 0.324577
317.200000 36.715495 -25.279944 113.715546 0.151582 -0.879348 0.313628 -0.324666
317.300000 36.848643 -25.369443 113.626247 0.144427 -0.880773 0.311091 -0.326501
317.400000 36.944365 -25.456430 113.512097 -0.147946 0.880675 -0.310383 0.325861
317.500000 37.014005 -25.508345 113.434339 0.148174 -0.881264 0.308443 -0.326008
317.600000 37.158208 -25.601347 113.342143 0.143352 -0.882518 0.305969 -0.327102
317.700000 37.272799 -25.669560 113.254057 0.140793 -0.882778 0.306186 -0.327308
317.800000 37.258839 -25.681639 113.274870 0.142236 -0.883078 0.305150 -0.326842
317.900000 37.257898 -25.677001 113.250495 0.140912 -0.883319 0.304479 -0.327390
318.000000 37.596944 -25.900894 112.996097 -0.137329 0.883899 -0.303488 0.328266
318.100000 37.714238 -25.979699 112.926913 0.132542 -0.884342 0.302581 -0.329874
318.200000 37.824092 -26.036632 112.836404 0.131744 -0.883515 0.305300 -0.329903
318.300000 37.591321 -25.915315 112.970552 0.141337 -0.881405 0.309084 -0.328049
318.400000 38.068085 -26.196597 112.647668 -0.131098 0.883598 -0.304953 0.330260
318.500000 38.177687 -26.264595 112.558937 0.128719 -0.884455 0.302631 -0.331036
318.600000 38.325946 -26.386188 112.436793 0.128311 -0.885423 0.299447 -0.331502
318.700000 38.481405 -26.465354 112.344943 -0.126698 0.887044 -0.297204 0.329802
318.800000 38.568498 -26.526787 112.283347 0.125910 -0.887744 0.295741 -0.329537
318.900000 38.730873 -26.636304 112.156388 0.120734 -0.888294 0.295424 -0.330276
319.000000 38.770337 -26.645511 112.192315 0.112076 -0.889971 0.292657 -0.331273
319.100000 38.981380 -26.807360 111.995169 -0.115446 0.888866 -0.294625 0.331339
319.200000 39.118673 -26.907185 111.900210 0.112515 -0.889789 0.292153 -0.332057
319.300000 39.302866 -27.017909 111.755374 0.108599 -0.889687 0.292880 -0.332994
319.400000 39.453978 -27.101493 111.672300 -0.109974 0.889461 -0.294948 0.331317
319.500000 39.628444 -27.218265 111.537137 0.106110 -0.889646 0.294372 -0.332589
319.600000 39.784766 -27.299151 111.463443 0.108454 -0.890579 0.293832 -0.329804
319.700000 39.924034 -27.435825 111.359854 -0.108629 0.891582 -0.289134 0.331182
319.800000 40.108904 -27.534135 111.233288 0.105653 -0.892175 0.287255 -0.332184
319.900000 40.197242 -27.627468 111.154741 0.109971 -0.891593 0.287761 -0.331906
320.000000 40.273773 -27.703932 111.069957 -0.106327 0.889836 -0.290180 0.335682
320.100000 40.397199 -27.786628 110.971822 0.107075 -0.888307 0.294203 -0.335992
320.200000 40.469500 -27.836428 110.883503 0.100888 -0.886889 0.293493 -0.342216
320.300000 40.351628 -27.782619 110.928087 0.116100 -0.886161 0.295783 -0.337271
320.400000 40.947769 -28.171926 110.498371 -0.108883 0.889772 -0.288495 0.336483
320.500000 41.117663 -28.268736 110.359371 0.109228 -0.890757 0.285571 -0.336259
320.600000 41.563943 -28.634696 109.861053 -0.112219 0.890591 -0.284569 0.336562
320.700000 41.836590 -28.815445 109.590335 0.113364 -0.890144 0.285805 -0.336315
320.800000 42.191130 -29.074879 109.209896 -0.113382 0.890344 -0.285594 0.335958
320.900000 42.488660 -29.279550 108.911092 0.116116 -0.890179 0.286691 -0.334525
321.000000 42.783138 -29.535767 108.704136 -0.111277 0.890489 -0.285781 0.336120
321.100000 43.089432 -29.699131 108.485829 0.108589 -0.889496 0.289862 -0.336134
321.200000 43.398709 -29.892439 108.207503 -0.109847 0.889129 -0.291534 0.335247
321.300000 43.727618 -30.133349 107.939436 0.110314 -0.890187 0.288789 -0.334663
321.400000 44.061054 -30.364667 107.659266 -0.112871 0.891394 -0.285238 0.333640
321.500000 44.404280 -30.558894 107.398538 0.114838 -0.893169 0.281420 -0.331459
321.600000 44.748697 -30.764358 107.136181 -0.113635 0.894884 -0.277570 0.330491
321.700000 45.143627 -31.043680 106.746834 -0.114660 0.894711 -0.277943 0.330293
321.800000 45.535061 -31.320338 106.331048 -0.109058 0.893399 -0.281411 0.332795
321.900000 45.840158 -31.561487 106.027984 0.101199 -0.891561 0.286140 -0.336157
322.000000 46.046479 -31.689280 105.855714 -0.100545 0.890847 -0.289152 0.335668
322.100000 46.303788 -31.899318 105.581330 0.099546 -0.891810 0.284323 -0.337529
322.200000 46.518091 -32.009960 105.439683 -0.104198 0.893980 -0.279899 0.334063
322.300000 46.774499 -32.194685 105.193964 0.105186 -0.895345 0.275326 -0.333900
322.400000 47.160420 -32.432375 104.769715 -0.106725 0.895194 -0.274362 0.334609
322.500000 47.417103 -32.631663 104.539315 0.108143 -0.896075 0.270486 -0.334951
322.600000 47.862118 -32.949840 103.999882 -0.107817 0.894309 -0.273073 0.337665
322.700000 48.200284 -33.186741 103.631522 -0.106842 0.892413 -0.277059 0.339738
322.800000 48.496800 -33.390637 103.311332 0.105736 -0.890483 0.281259 -0.341691
322.900000 48.859150 -33.640626 102.933905 -0.102117 0.889816 -0.283237 0.342894
323.000000 49.069607 -33.767147 102.791068 0.102164 -0.889837 0.286327 -0.340248
323.100000 49.289214 -33.959452 102.565654 -0.094535 0.890925 -0.281806 0.343367
323.200000 49.544731 -34.134531 102.318252 0.093573 -0.891900 0.279110 -0.343301
323.300000 49.803157 -34.333771 102.086947 -0.091683 0.894279 -0.271226 0.343941
323.400000 50.048172 -34.480297 101.881141 0.095762 -0.895524 0.267799 -0.342273
323.500000 50.297038 -34.651213 101.634488 -0.095419 0.895828 -0.265485 0.343373
323.600000 50.532399 -34.805563 101.433239 0.094788 -0.895749 0.265312 -0.343888
323.700000 50.791298 -34.963073 101.197139 -0.097839 0.893916 -0.271500 0.342971
323.800000 50.987869 -35.104294 101.067168 0.097366 -0.893055 0.275089 -0.342488
323.900000 51.269340 -35.316581 100.894121 -0.096761 0.893084 -0.275120 0.342559
324.000000 51.489329 -35.452509 100.759837 0.093671 -0.893856 0.272911 -0.343172
324.100000 51.712972 -35.623789 100.629439 -0.091338 0.896197 -0.265493 0.343514
324.200000 51.943176 -35.753095 100.497655 0.090276 -0.897679 0.261930 -0.342660
324.300000 51.823485 -36.759043 100.163212 -0.085897 0.898323 -0.264885 0.339814
324.400000 52.486908 -37.188629 99.550574 -0.085151 0.897262 -0.268132 0.340257
324.500000 53.068846 -37.569325 99.126036 -0.083607 0.897524 -0.268359 0.339769
324.600000 53.598399 -37.956547 98.747810 -0.084399 0.898162 -0.267133 0.338855
324.700000 54.057229 -38.318595 98.427330 -0.085637 0.899237 -0.265196 0.337208
324.800000 54.565175 -38.594832 98.119582 -0.085248 0.900177 -0.264550 0.335303
324.900000 55.077578 -38.917651 97.833494 -0.087432 0.901606 -0.262635 0.332392
325.000000 55.525969 -39.106709 97.540769 -0.090891 0.902566 -0.261619 0.329650
325.100000 55.978032 -39.264045 97.222756 -0.093406 0.903636 -0.259672 0.327549
325.200000 56.361588 -39.544216 96.986781 -0.093993 0.904840 -0.256055 0.326904
325.300000 56.773916 -39.826051 96.701046 -0.092564 0.905471 -0.255428 0.326053
325.400000 57.191604 -40.124743 96.410394 -0.092060 0.905780 -0.255361 0.325389
325.500000 57.618842 -40.358700 96.135950 -0.089815 0.906079 -0.255600 0.324997
325.600000 58.075632 -40.548161 95.836015 -0.092514 0.906360 -0.256565 0.322687
325.700000 58.271943 -40.694791 95.609667 0.095445 -0.907061 0.256139 -0.320193
325.800000 58.872762 -40.911829 95.279648 -0.096279 0.908772 -0.253489 0.317185
325.900000 59.370514 -41.089417 94.945879 -0.098536 0.908861 -0.256477 0.313817
326.000000 59.790333 -41.251036 94.700457 -0.101900 0.909212 -0.260768 0.308138
326.100000 60.199588 -41.363315 94.452136 0.104379 -0.909442 0.267412 -0.300851
326.200000 60.634637 -41.556758 94.159472 -0.109454 0.908329 -0.277479 0.293194
326.300000 61.000527 -41.723722 93.894460 0.113549 -0.907522 0.287639 -0.284209
326.400000 61.219192 -42.014231 93.489387 -0.109050 0.910943 -0.282122 0.280533
326.500000 61.470640 -42.219550 93.167502 0.106509 -0.913529 0.283717 -0.271340
326.600000 61.755600 -42.488748 92.791462 -0.102003 0.917348 -0.282988 0.260741
326.700000 61.989671 -42.715759 92.427109 0.095348 -0.920802 0.284902 -0.248725
326.800000 62.119660 -43.065503 92.060153 -0.090603 0.924500 -0.283849 0.237741
326.900000 62.283554 -43.316883 91.670951 0.085641 -0.928033 0.286417 -0.222230
327.000000 62.395079 -43.627201 91.329262 -0.080633 0.932375 -0.285889 0.206015
327.100000 62.485648 -43.902462 90.947383 0.071678 -0.936250 0.286382 -0.190483
327.200000 62.616468 -44.151357 90.602720 -0.061942 0.940008 -0.287810 0.172378
327.300000 62.709485 -44.416817 90.242133 0.052627 -0.943497 0.288807 -0.153734
327.400000 62.788644 -44.684440 89.889996 -0.044166 0.946777 -0.289262 0.134125
327.500000 62.866307 -44.961239 89.532335 0.037409 -0.949865 0.288842 -0.113699
327.600000 62.916530 -45.233507 89.204727 -0.029526 0.952932 -0.286955 0.093304
327.700000 62.958395 -45.485559 88.854472 0.021746 -0.955357 0.286182 -0.070144
327.800000 62.970197 -45.752348 88.482765 -0.012787 0.956984 -0.286255 0.045557
327.900000 62.945698 -46.017632 88.098303 0.004604 -0.957994 0.286041 -0.020189
328.000000 62.926252 -46.318220 87.719640 -0.003870 -0.958760 0.284119 0.006437
328.100000 62.873233 -46.597125 87.327349 -0.010938 -0.958418 0.283122 0.034036
328.200000 62.749959 -46.901132 86.861996 -0.019620 -0.956921 0.283131 0.061268
328.300000 62.652235 -47.120203 86.531213 -0.028193 -0.954018 0.285066 0.088276
328.400000 62.422804 -47.484345 85.909318 -0.036746 -0.949944 0.287471 0.116692
328.500000 62.236625 -47.746429 85.515154 -0.044980 -0.945301 0.289657 0.143115
328.600000 62.007181 -48.032735 85.090600 -0.052910 -0.940292 0.290539 0.169229
328.700000 61.794872 -48.273538 84.753917 -0.060672 -0.935003 0.290225 0.194570
328.800000 61.448563 -48.617760 84.286049 -0.068364 -0.929554 0.288459 0.219196
328.900000 61.056934 -48.936868 83.941365 -0.074533 -0.924563 0.284495 0.242264
329.000000 60.680941 -49.170424 83.575755 -0.082880 -0.918509 0.282754 0.263672
329.100000 60.373034 -49.422157 83.266013 -0.092335 -0.912077 0.280913 0.284040
329.200000 60.017940 -49.655003 82.924814 -0.098976 -0.905639 0.278241 0.304308
329.300000 59.646144 -49.923273 82.612603 -0.103671 -0.899201 0.276700 0.322686
329.400000 59.336217 -50.143035 82.353795 -0.108409 -0.892705 0.276728 0.338742
329.500000 59.008873 -50.396701 81.991119 -0.115378 -0.885799 0.278459 0.352859
329.600000 58.702500 -50.636580 81.687241 -0.123002 -0.879762 0.279028 0.364736
329.700000 57.967684 -50.870992 81.301146 -0.126358 -0.875756 0.278692 0.373384
329.800000 57.505833 -51.086097 80.958864 -0.130323 -0.871584 0.277611 0.382478
329.900000 57.092307 -51.295775 80.661241 -0.132613 -0.868126 0.276649 0.390174
330.000000 56.694865 -51.492856 80.366862 -0.136609 -0.864826 0.276352 0.396288
330.100000 56.302400 -51.703172 80.121762 -0.141419 -0.862616 0.275547 0.399960
330.200000 55.832010 -51.888063 79.828722 -0.144406 -0.860989 0.274608 0.403033
330.300000 55.482962 -52.069286 79.568631 -0.146465 -0.859456 0.273288 0.406445
330.400000 55.014289 -52.254843 79.246115 -0.145959 -0.857772 0.273056 0.410321
330.500000 54.618859 -52.456487 78.966914 -0.147558 -0.855219 0.274723 0.413949
330.600000 54.141626 -52.641559 78.688238 -0.149988 -0.852863 0.277821 0.415865
330.700000 53.646757 -52.845049 78.395325 -0.150388 -0.850467 0.281472 0.418167
330.800000 53.135645 -53.051114 78.107539 -0.151339 -0.849007 0.284125 0.418995
330.900000 52.595713 -53.279964 77.798388 -0.153026 -0.848272 0.285930 0.418642
331.000000 52.089555 -53.512859 77.488183 -0.154569 -0.848665 0.284743 0.418087
331.100000 51.555832 -53.742590 77.124320 -0.154122 -0.849618 0.282024 0.418159
331.200000 51.034051 -54.034742 76.819213 -0.156850 -0.851695 0.277099 0.416209
331.300000 50.543833 -54.265016 76.432344 -0.155475 -0.852308 0.274433 0.417235
331.400000 50.030558 -54.476900 76.146586 -0.155838 -0.852563 0.275463 0.415897
331.500000 49.524203 -54.681608 75.835815 -0.155533 -0.851312 0.280720 0.415059
331.600000 49.039269 -54.921546 75.531592 -0.156078 -0.850429 0.283681 0.414650
331.700000 48.643395 -55.119092 75.223277 -0.157925 -0.849248 0.285271 0.415281
331.800000 48.256465 -55.334177 74.919458 -0.159608 -0.849036 0.284014 0.415931
331.900000 47.831786 -55.534501 74.613006 -0.159877 -0.848937 0.283723 0.416229
332.000000 47.436615 -55.732206 74.307134 -0.160626 -0.849404 0.281714 0.416354
332.100000 46.995664 -55.940503 74.006304 -0.164142 -0.850422 0.280510 0.413707
332.200000 46.581038 -56.153090 73.706751 -0.165810 -0.851172 0.279640 0.412085
332.300000 46.175446 -56.364013 73.384080 -0.165503 -0.849957 0.284156 0.411627
332.400000 45.799083 -56.565862 73.130213 -0.164525 -0.849595 0.286746 0.410970
332.500000 45.392436 -56.722949 72.876084 -0.162494 -0.849888 0.288563 0.409898
332.600000 44.615217 -57.094256 72.368086 -0.164589 -0.850664 0.288321 0.407617
332.700000 43.825492 -57.481161 71.852902 -0.166689 -0.851932 0.286273 0.405555
332.800000 42.995056 -57.866118 71.326159 -0.167170 -0.853189 0.284432 0.404005
332.900000 42.124504 -58.251023 70.765888 -0.166582 -0.853165 0.286265 0.403004
333.000000 41.295751 -58.664926 70.225386 -0.166265 -0.852461 0.289255 0.402489
333.100000 40.532750 -59.014597 69.784030 -0.165159 -0.852592 0.291011 0.401399
333.200000 39.868790 -59.291133 69.374399 -0.165013 -0.851938 0.295737 0.399390
333.300000 39.253343 -59.586975 68.973013 -0.164180 -0.851595 0.297962 0.398811
333.400000 38.680657 -59.839579 68.577054 -0.168065 -0.851270 0.298356 0.397590
333.500000 38.096958 -60.115012 68.214722 -0.169976 -0.852250 0.295247 0.396998
333.600000 37.540204 -60.355265 67.887679 -0.171131 -0.852492 0.294943 0.396208
333.700000 36.998345 -60.604466 67.556452 -0.169930 -0.852385 0.295466 0.396565
333.800000 36.494076 -60.831413 67.277079 -0.172195 -0.852033 0.297201 0.395044
333.900000 36.096506 -61.016639 66.997834 -0.170503 -0.851419 0.297968 0.396522
334.000000 35.715408 -61.211785 66.756279 -0.171553 -0.850789 0.298829 0.396773
334.100000 35.454308 -61.424106 66.613005 -0.174633 -0.851359 0.295917 0.396390
334.200000 35.114280 -61.560675 66.416293 -0.175041 -0.852766 0.293768 0.394781
334.300000 34.925335 -61.627030 66.331622 -0.171968 -0.854793 0.291523 0.393409
334.400000 34.565372 -61.782776 66.135758 -0.172375 -0.855172 0.292690 0.391536
334.500000 34.287094 -61.854773 65.982448 -0.172270 -0.855924 0.294426 0.388626
334.600000 34.000302 -61.994150 65.874026 -0.169643 -0.858793 0.289587 0.387086
334.700000 33.703069 -62.078973 65.697571 -0.168479 -0.859804 0.290128 0.384938
334.800000 33.406817 -62.165463 65.571640 -0.168434 -0.860825 0.292318 0.381000
334.900000 33.099430 -62.281700 65.407199 -0.164919 -0.862093 0.292156 0.379793
335.000000 32.793892 -62.365549 65.228124 -0.163056 -0.862668 0.294135 0.377759
335.100000 32.555066 -62.487480 65.159190 -0.163269 -0.864613 0.292584 0.374410
335.200000 32.356049 -62.592149 65.029795 -0.162872 -0.864892 0.292880 0.373707
335.300000 32.159579 -62.666069 64.889554 -0.161674 -0.865157 0.293550 0.373087
335.400000 31.934347 -62.735989 64.783838 -0.160514 -0.866871 0.293111 0.369941
335.500000 31.801256 -62.827694 64.613464 -0.159034 -0.865502 0.292319 0.374386
335.600000 31.637592 -62.897961 64.507818 -0.159825 -0.865311 0.293095 0.373882
335.700000 31.468827 -62.962432 64.404573 -0.160591 -0.865337 0.293128 0.373468
335.800000 31.321877 -63.041014 64.280146 -0.162530 -0.864155 0.293344 0.375193
335.900000 31.145974 -63.105205 64.224707 -0.161767 -0.866023 0.291013 0.373024
336.000000 31.010124 -63.176952 64.134279 -0.162797 -0.865463 0.290502 0.374272
336.100000 30.874230 -63.241590 64.042412 -0.162973 -0.864328 0.290717 0.376642
336.200000 30.751288 -63.292818 63.984204 -0.163379 -0.863721 0.291376 0.377350
336.300000 30.604091 -63.322484 63.900509 -0.162725 -0.862211 0.294523 0.378642
336.400000 30.485520 -63.385375 63.840326 -0.164992 -0.860922 0.294461 0.380636
336.500000 30.357143 -63.422766 63.763109 -0.164743 -0.859292 0.294809 0.384141
336.600000 30.265683 -63.491155 63.698864 -0.166354 -0.856970 0.291475 0.391114
336.700000 30.132050 -63.516230 63.649929 -0.165691 -0.855000 0.290619 0.396311
336.800000 30.012485 -63.552186 63.585457 -0.166976 -0.851325 0.289721 0.404260
336.900000 29.896028 -63.593342 63.520962 -0.170237 -0.846303 0.288583 0.414139
337.000000 29.784948 -63.667047 63.478558 -0.175755 -0.841248 0.283450 0.425521
337.100000 29.655163 -63.664120 63.414256 -0.177923 -0.833952 0.285932 0.437161
337.200000 29.533275 -63.698111 63.356061 -0.180658 -0.826098 0.284143 0.451872
337.300000 29.407258 -63.734941 63.300331 -0.183162 -0.817218 0.281632 0.468284
337.400000 29.282145 -63.763089 63.256897 -0.186949 -0.807994 0.278603 0.484331
337.500000 29.145996 -63.801410 63.216918 -0.190391 -0.798248 0.272879 0.502084
337.600000 29.018704 -63.832276 63.174787 -0.194906 -0.786660 0.268805 0.520501
337.700000 28.883548 -63.858452 63.141766 -0.198785 -0.774425 0.265174 0.538919
337.800000 28.759170 -63.885323 63.124610 -0.200349 -0.762546 0.258839 0.558021
337.900000 28.638457 -63.877480 63.092293 -0.204570 -0.748064 0.258137 0.576122
338.000000 28.500100 -63.887264 63.070489 -0.212178 -0.733389 0.254224 0.593710
338.100000 28.354155 -63.892156 63.060608 -0.219962 -0.718800 0.249130 0.610637
338.200000 28.219417 -63.896165 63.055883 -0.228086 -0.703574 0.242737 0.627725
338.300000 28.039544 -63.897845 63.049002 -0.232569 -0.687933 0.233928 0.646481
338.400000 27.885748 -63.896718 63.057085 -0.238892 -0.671301 0.227159 0.663841
338.500000 27.740849 -63.887124 63.069964 -0.244914 -0.653322 0.222288 0.681011
338.600000 27.559407 -63.881757 63.081114 -0.247984 -0.634349 0.212651 0.700632
338.700000 27.409433 -63.852295 63.106136 -0.250592 -0.614823 0.209110 0.717962
338.800000 27.254052 -63.826631 63.134360 -0.251785 -0.595271 0.204205 0.735226
338.900000 27.104748 -63.795787 63.177400 -0.257257 -0.574971 0.200717 0.750293
339.000000 26.943844 -63.758499 63.226126 -0.264355 -0.554310 0.198673 0.763797
339.100000 26.827910 -63.727498 63.287285 -0.270267 -0.536499 0.194310 0.775479
339.200000 26.665551 -63.668325 63.345491 -0.276153 -0.518477 0.192207 0.786116
339.300000 26.552408 -63.635301 63.403527 -0.279544 -0.503099 0.183688 0.796872
339.400000 26.441897 -63.609277 63.465767 -0.281969 -0.488300 0.172762 0.807595
339.500000 26.299355 -63.556275 63.531690 -0.286987 -0.471616 0.169296 0.816429
339.600000 26.178359 -63.504245 63.602573 -0.291449 -0.455484 0.166464 0.824550
339.700000 26.017012 -63.438183 63.689694 -0.293013 -0.440895 0.160843 0.832998
339.800000 25.895166 -63.387652 63.767360 -0.293159 -0.427823 0.153314 0.841142
339.900000 25.731428 -63.297886 63.892058 -0.293230 -0.414795 0.149095 0.848370
340.000000 25.614161 -63.243260 63.983740 -0.293860 -0.400883 0.147523 0.855088
340.100000 25.430326 -63.127756 64.099610 -0.294388 -0.387324 0.148402 0.860983
340.200000 25.327045 -63.070928 64.182702 -0.295482 -0.375781 0.145185 0.866256
340.300000 25.202659 -63.003172 64.287628 -0.297197 -0.367033 0.140406 0.870200
340.400000 25.061082 -62.931044 64.400585 -0.300941 -0.359910 0.138212 0.872237
340.500000 24.936322 -62.842636 64.486295 -0.305294 -0.354257 0.138107 0.873054
340.600000 24.813821 -62.768518 64.586583 -0.308118 -0.350392 0.135987 0.873954
340.700000 24.676123 -62.686858 64.701167 -0.308908 -0.348356 0.132529 0.875020
340.800000 24.546664 -62.608212 64.800131 -0.309559 -0.346350 0.132224 0.875632
340.900000 24.415598 -62.532797 64.905647 -0.311294 -0.344962 0.135514 0.875062
341.000000 24.282741 -62.452984 65.006137 -0.312145 -0.345655 0.140887 0.873635
341.100000 24.174133 -62.385170 65.101369 -0.311251 -0.349407 0.143679 0.872006
341.200000 24.060195 -62.314769 65.192571 -0.309850 -0.354961 0.144914 0.870055
341.300000 23.948212 -62.247903 65.287357 -0.308747 -0.362080 0.147621 0.867053
341.400000 23.825270 -62.179884 65.378320 -0.307104 -0.370071 0.151983 0.863502
341.500000 23.657836 -62.152041 65.484374 -0.306582 -0.379614 0.153415 0.859281
341.600000 23.541582 -62.087954 65.560546 -0.305957 -0.391830 0.156164 0.853506
341.700000 23.432218 -62.057201 65.660941 -0.304047 -0.407573 0.154434 0.847107
341.800000 23.244772 -61.997915 65.723168 -0.300971 -0.421921 0.160596 0.840005
341.900000 23.121815 -61.959408 65.785100 -0.295852 -0.439377 0.164512 0.832079
342.000000 23.020609 -61.952691 65.872772 -0.290769 -0.460362 0.164597 0.822453
342.100000 22.821318 -61.869350 65.893048 -0.283869 -0.478495 0.173976 0.812523
342.200000 23.043759 -61.946627 65.916833 -0.273850 -0.510022 0.161243 0.799303
342.300000 23.143146 -61.954953 65.831157 -0.260801 -0.538952 0.149651 0.786841
342.400000 22.060308 -61.822645 66.048939 -0.258080 -0.556703 0.163686 0.772453
342.500000 21.610217 -61.786508 66.088387 -0.250653 -0.580636 0.166004 0.756622
342.600000 21.137725 -61.766987 66.080544 -0.244214 -0.603970 0.169787 0.739427
342.700000 20.671968 -61.748830 66.073322 -0.241745 -0.627209 0.174844 0.719442
342.800000 20.199940 -61.763448 66.039111 -0.239165 -0.650434 0.178474 0.698486
342.900000 19.733574 -61.778664 65.971521 -0.236067 -0.672497 0.182609 0.677255
343.000000 19.293822 -61.829859 65.879888 -0.229118 -0.694625 0.185370 0.656231
343.100000 18.817700 -61.877694 65.795793 -0.222272 -0.716086 0.191506 0.633357
343.200000 18.361276 -61.914452 65.648361 -0.213521 -0.735919 0.201051 0.610255
343.300000 17.912394 -61.966838 65.517424 -0.208948 -0.754291 0.213602 0.584602
343.400000 17.437318 -62.038300 65.355869 -0.204058 -0.772285 0.224009 0.558351
343.500000 16.973719 -62.134821 65.165886 -0.197175 -0.789799 0.229932 0.533358
343.600000 16.500889 -62.258938 64.950720 -0.190100 -0.805653 0.233959 0.509950
343.700000 16.097690 -62.412547 64.722504 -0.182954 -0.819480 0.237003 0.488681
343.800000 15.620384 -62.601524 64.470142 -0.177404 -0.831151 0.241639 0.468324
343.900000 15.144318 -62.802706 64.207635 -0.172648 -0.841179 0.246217 0.449431
344.000000 14.748770 -62.973280 63.951283 -0.167418 -0.849541 0.250869 0.432800
344.100000 14.343117 -63.156862 63.700954 -0.162039 -0.856448 0.254392 0.418957
344.200000 13.940642 -63.350108 63.444159 -0.156645 -0.862161 0.256430 0.407902
344.300000 13.471115 -63.553573 63.168623 -0.151689 -0.866453 0.257832 0.399715
344.400000 13.008238 -63.752685 62.904081 -0.148601 -0.869523 0.259222 0.393258
344.500000 12.583880 -63.935961 62.660793 -0.147220 -0.872093 0.260781 0.387005
344.600000 12.170826 -64.134402 62.415210 -0.147526 -0.873838 0.262680 0.381632
344.700000 11.730850 -64.315207 62.152954 -0.145968 -0.875233 0.263139 0.378706
344.800000 11.237588 -64.476116 61.890775 -0.144433 -0.876627 0.263303 0.375946
344.900000 10.808231 -64.671370 61.629221 -0.144759 -0.877298 0.263096 0.374398
345.000000 10.343015 -64.846875 61.382644 -0.145213 -0.877974 0.262726 0.372893
345.100000 9.896403 -65.040101 61.133010 -0.146529 -0.878203 0.262905 0.371713
345.200000 9.471634 -65.226431 60.889694 -0.148342 -0.878145 0.264052 0.370314
345.300000 9.062749 -65.426509 60.656196 -0.150439 -0.878064 0.265197 0.368839
345.400000 8.609038 -65.588337 60.423204 -0.150590 -0.878750 0.265909 0.366624
345.500000 8.185054 -65.760550 60.173681 -0.151045 -0.879207 0.266378 0.364997
345.600000 7.764040 -65.932573 59.901859 -0.151301 -0.879674 0.266534 0.363651
345.700000 7.323484 -66.106580 59.630453 -0.152976 -0.880137 0.267067 0.361431
345.800000 6.945642 -66.285230 59.383881 -0.156223 -0.880042 0.268360 0.359310
345.900000 6.514830 -66.481019 59.127168 -0.158860 -0.880220 0.269545 0.356822
346.000000 6.149854 -66.657941 58.828984 -0.159625 -0.880240 0.270190 0.355943
346.100000 5.773748 -66.828747 58.519085 -0.159256 -0.880849 0.270263 0.354543
346.200000 5.391452 -67.016785 58.217160 -0.160668 -0.881590 0.270067 0.352206
346.300000 4.985599 -67.196336 57.905005 -0.160721 -0.882598 0.270192 0.349551
346.400000 4.644094 -67.357179 57.632500 -0.159016 -0.883245 0.271460 0.347710
346.500000 4.245186 -67.558953 57.308730 -0.157863 -0.883341 0.274260 0.345789
346.600000 3.862357 -67.741917 57.011089 -0.156904 -0.883714 0.276231 0.343696
346.700000 3.494825 -67.935608 56.719643 -0.158098 -0.884677 0.275602 0.341167
346.800000 3.118818 -68.132529 56.403879 -0.159386 -0.885951 0.273282 0.339121
346.900000 2.690436 -68.343712 56.081255 -0.162144 -0.886891 0.271935 0.336429
347.000000 2.293031 -68.530507 55.754158 -0.162620 -0.887235 0.272591 0.334759
347.100000 2.007696 -68.701280 55.478697 -0.162814 -0.887114 0.273850 0.333957
347.200000 1.605397 -68.905848 55.132725 -0.160890 -0.887408 0.274668 0.333436
347.300000 1.272850 -69.110444 54.824585 -0.161647 -0.887221 0.275279 0.333063
347.400000 0.928498 -69.313610 54.508267 -0.160547 -0.887425 0.274596 0.333614
347.500000 0.676287 -69.481149 54.201211 -0.157015 -0.886933 0.274717 0.336492
347.600000 0.291472 -69.685143 53.879920 -0.156462 -0.887241 0.275069 0.335650
347.700000 0.034575 -69.844510 53.634337 -0.156919 -0.886994 0.275253 0.335936
347.800000 -0.323921 -70.051920 53.285917 -0.157418 -0.886673 0.275765 0.336131
347.900000 -0.638254 -70.239503 53.015349 -0.157637 -0.886828 0.275401 0.335919
348.000000 -0.865542 -70.421476 52.822196 -0.159732 -0.886812 0.274319 0.335855
348.100000 -1.168064 -70.582772 52.511847 -0.163054 -0.885972 0.275848 0.335223
348.200000 -1.418961 -70.719442 52.275918 -0.164122 -0.885710 0.276901 0.334527
348.300000 -1.690743 -70.893198 52.025419 -0.165701 -0.885613 0.277417 0.333576
348.400000 -1.882196 -71.030790 51.861044 -0.167822 -0.886252 0.276272 0.331763
348.500000 -2.124956 -71.183890 51.603333 -0.165861 -0.887327 0.274113 0.331666
348.600000 -2.313734 -71.364298 51.408278 -0.169059 -0.887934 0.271947 0.330207
348.700000 -2.506451 -71.504721 51.179695 -0.166306 -0.888316 0.271816 0.330686
348.800000 -2.734258 -71.667019 50.949442 -0.163791 -0.888122 0.271849 0.332431
348.900000 -2.929286 -71.824184 50.717006 -0.162406 -0.887537 0.272303 0.334295
349.000000 -3.122550 -71.984351 50.556868 -0.162597 -0.887972 0.270765 0.334296
349.100000 -3.318588 -72.131991 50.347976 -0.161389 -0.888456 0.268504 0.335419
349.200000 -3.393882 -72.298254 50.202284 -0.163496 -0.888621 0.263250 0.338115
349.300000 -3.559812 -72.477102 50.022006 -0.163573 -0.889233 0.259158 0.339625
349.400000 -3.683673 -72.614626 49.820771 -0.162364 -0.888623 0.257157 0.343304
349.500000 -3.831180 -72.763089 49.645485 -0.160878 -0.888525 0.255215 0.345699
349.600000 -3.976330 -72.917680 49.466097 -0.160609 -0.888281 0.252273 0.348598
349.700000 -4.121607 -73.062090 49.313814 -0.160875 -0.888384 0.249471 0.350223
349.800000 -4.228807 -73.207345 49.099089 -0.160428 -0.887006 0.247305 0.355419
349.900000 -4.359136 -73.372312 48.926547 -0.162580 -0.886031 0.244535 0.358775
350.000000 -4.531180 -73.478246 48.784432 -0.163809 -0.886521 0.242315 0.358511
350.100000 -4.677989 -73.603555 48.622965 -0.165806 -0.886109 0.240272 0.359983
350.200000 -4.801503 -73.707747 48.405375 -0.167225 -0.883662 0.241613 0.364418
350.300000 -4.943870 -73.845377 48.296220 -0.169208 -0.884066 0.238383 0.364650
350.400000 -5.096206 -73.938189 48.153739 -0.170508 -0.883511 0.238128 0.365555
350.500000 -5.284872 -73.759075 47.948205 -0.160044 -0.882877 0.249774 0.364044
350.600000 -5.487539 -73.852793 47.889030 -0.161614 -0.884670 0.247451 0.360566
350.700000 -5.611162 -73.867484 47.738715 -0.157615 -0.884288 0.248962 0.362228
350.800000 -5.672257 -74.069049 47.540764 -0.163403 -0.880897 0.244635 0.370775
350.900000 -5.793339 -74.155989 47.430974 -0.165667 -0.880332 0.242565 0.372467
351.000000 -5.913196 -74.244587 47.293500 -0.167084 -0.879089 0.240201 0.376282
351.100000 -6.018089 -74.321746 47.186203 -0.169055 -0.877918 0.237975 0.379538
351.200000 -6.124224 -74.421811 47.098719 -0.172564 -0.876957 0.233862 0.382722
351.300000 -6.225302 -74.435535 46.965342 -0.171510 -0.874409 0.235765 0.387826
351.400000 -6.309591 -74.502783 46.866502 -0.173883 -0.872017 0.234404 0.392945
351.500000 -6.435755 -74.512962 46.789353 -0.174104 -0.870344 0.236299 0.395414
351.600000 -6.521051 -74.569755 46.716549 -0.176150 -0.867935 0.235154 0.400452
351.700000 -6.600599 -74.610273 46.632719 -0.177694 -0.864848 0.235732 0.406070
351.800000 -6.673654 -74.630144 46.555813 -0.177946 -0.861972 0.236353 0.411676
351.900000 -6.762634 -74.661499 46.531343 -0.180015 -0.860794 0.234551 0.414263
352.000000 -6.829195 -74.704121 46.477066 -0.181762 -0.857647 0.235722 0.419332
352.100000 -6.889331 -74.720762 46.432283 -0.182584 -0.854459 0.238255 0.424027
352.200000 -6.940855 -74.743871 46.393719 -0.184468 -0.851507 0.238428 0.429021
352.300000 -6.994132 -74.770574 46.358363 -0.186919 -0.848952 0.237557 0.433485
352.400000 -7.060099 -74.780688 46.317098 -0.187626 -0.845978 0.237672 0.438897
352.500000 -7.095314 -74.817814 46.287922 -0.190087 -0.842407 0.237066 0.444990
352.600000 -7.153245 -74.836292 46.257498 -0.191283 -0.838774 0.236700 0.451489
352.700000 -7.204322 -74.865860 46.225131 -0.193442 -0.834283 0.235351 0.459525
352.800000 -7.265684 -74.876512 46.191981 -0.195074 -0.829546 0.234885 0.467577
352.900000 -7.315013 -74.898331 46.161623 -0.197436 -0.824533 0.232381 0.476616
353.000000 -7.365550 -74.913589 46.144389 -0.201587 -0.819829 0.230047 0.484067
353.100000 -7.423244 -74.905038 46.131450 -0.205994 -0.815025 0.228805 0.490865
353.200000 -7.475157 -74.934315 46.100344 -0.210239 -0.809182 0.223513 0.501066
353.300000 -7.552972 -74.942050 46.070345 -0.211416 -0.803189 0.220532 0.511425
353.400000 -7.614111 -74.942295 46.061940 -0.213690 -0.795688 0.220789 0.521986
353.500000 -7.682607 -74.960601 46.040801 -0.217536 -0.786514 0.219855 0.534544
353.600000 -7.726508 -74.985877 46.006217 -0.222364 -0.775982 0.215931 0.549345
353.700000 -7.816121 -74.987964 45.993933 -0.229825 -0.765747 0.212507 0.561830
353.800000 -7.877755 -74.995276 45.986968 -0.236482 -0.755098 0.205781 0.575810
353.900000 -7.979929 -74.989662 45.972230 -0.242465 -0.743243 0.198681 0.591039
354.000000 -8.085700 -74.989288 45.946085 -0.246350 -0.729841 0.188960 0.609047
354.100000 -8.213469 -74.988873 45.934359 -0.251038 -0.715291 0.179899 0.626877
354.200000 -8.330410 -74.978827 45.926462 -0.256823 -0.698892 0.171546 0.645108
354.300000 -8.421047 -74.949856 45.950291 -0.263145 -0.683054 0.165922 0.660804
354.400000 -8.560899 -74.926136 45.946464 -0.269402 -0.661960 0.159544 0.681012
354.500000 -8.657687 -74.916976 45.958905 -0.275399 -0.640748 0.152071 0.700337
354.600000 -8.776534 -74.885560 45.973555 -0.277595 -0.617812 0.143902 0.721486
354.700000 -8.886211 -74.850026 46.000383 -0.280183 -0.593998 0.135802 0.741770
354.800000 -9.007940 -74.810214 46.033419 -0.283644 -0.569155 0.125677 0.761455
354.900000 -9.121139 -74.757480 46.071399 -0.288411 -0.543710 0.116795 0.779460
355.000000 -9.252208 -74.694413 46.120259 -0.294426 -0.516794 0.110211 0.796298
355.100000 -9.362720 -74.653141 46.186819 -0.298954 -0.492017 0.098888 0.811645
355.200000 -9.485630 -74.567686 46.253866 -0.303153 -0.466011 0.094381 0.825848
355.300000 -9.585466 -74.512756 46.321534 -0.304203 -0.441772 0.084707 0.839716
355.400000 -9.699437 -74.435645 46.388629 -0.304237 -0.417897 0.075781 0.852677
355.500000 -9.857116 -74.346380 46.487759 -0.305814 -0.395096 0.066069 0.863720
355.600000 -9.953590 -74.270081 46.576656 -0.308208 -0.374474 0.058778 0.872538
355.700000 -10.091572 -74.171108 46.675956 -0.309899 -0.355743 0.053394 0.880090
355.800000 -10.180313 -74.081510 46.783060 -0.311785 -0.341159 0.050426 0.885357
355.900000 -10.346245 -73.960748 46.909999 -0.313380 -0.328583 0.048847 0.889629
356.000000 -10.480634 -73.840815 47.032688 -0.315564 -0.319254 0.049984 0.892187
356.100000 -10.603490 -73.758427 47.127573 -0.315273 -0.313220 0.046883 0.894594
356.200000 -10.749254 -73.622719 47.280653 -0.316107 -0.309900 0.048411 0.895374
356.300000 -10.866078 -73.520607 47.393445 -0.316506 -0.307596 0.049529 0.895966
356.400000 -11.025202 -73.384436 47.536467 -0.315899 -0.306525 0.049381 0.896555
356.500000 -11.170298 -73.269942 47.650190 -0.316386 -0.304852 0.050022 0.896918
356.600000 -11.319237 -73.139731 47.785916 -0.317371 -0.304496 0.050354 0.896673
356.700000 -11.461749 -73.012951 47.912360 -0.319134 -0.303924 0.051687 0.896165
356.800000 -11.627200 -72.888644 48.046307 -0.319702 -0.303596 0.051468 0.896087
356.900000 -11.786474 -72.761604 48.179988 -0.318826 -0.304157 0.051055 0.896232
357.000000 -11.952754 -72.623026 48.322593 -0.318126 -0.303817 0.054938 0.896367
357.100000 -12.122771 -72.486077 48.459520 -0.314402 -0.304196 0.056687 0.897443
357.200000 -12.293317 -72.356721 48.594603 -0.311367 -0.304766 0.056290 0.898332
357.300000 -12.464983 -72.219771 48.731895 -0.311423 -0.304894 0.056859 0.898233
357.400000 -12.637700 -72.095486 48.861775 -0.314861 -0.304013 0.054366 0.897487
357.500000 -12.811945 -71.963362 48.996297 -0.318908 -0.302620 0.053787 0.896563
357.600000 -12.983110 -71.829097 49.121300 -0.319420 -0.300637 0.055489 0.896945
357.700000 -13.121179 -71.708266 49.247057 -0.317598 -0.299854 0.060303 0.897543
357.800000 -13.277788 -71.590737 49.374680 -0.312613 -0.299836 0.059783 0.899332
357.900000 -13.542834 -71.299307 49.758505 -0.312552 -0.300692 0.062378 0.898891
358.000000 -13.763195 -71.097413 49.975226 -0.311511 -0.301457 0.060974 0.899092
358.100000 -13.953687 -70.922423 50.196770 -0.315958 -0.301302 0.061440 0.897559
358.200000 -14.157425 -70.736921 50.420958 -0.320409 -0.302380 0.059772 0.895730
358.300000 -14.360810 -70.545449 50.642705 -0.321911 -0.302880 0.058310 0.895118
358.400000 -14.589463 -70.352638 50.875533 -0.321240 -0.302869 0.059167 0.895307
358.500000 -14.751285 -70.177420 51.125893 -0.317881 -0.305338 0.057840 0.895754
358.600000 -14.940345 -70.022447 51.317908 -0.315816 -0.305351 0.058666 0.896426
358.700000 -15.007551 -69.923705 51.477410 -0.313951 -0.307600 0.055934 0.896487
358.800000 -15.176507 -69.779577 51.662796 -0.315373 -0.307923 0.054910 0.895940
358.900000 -15.317386 -69.625292 51.829192 -0.317462 -0.308323 0.055633 0.895019
359.000000 -15.516649 -69.467829 52.019673 -0.316549 -0.308480 0.055081 0.895323
359.100000 -15.632262 -69.325143 52.193448 -0.314238 -0.309533 0.056798 0.895666
359.200000 -15.824354 -69.170038 52.381931 -0.312608 -0.309393 0.056901 0.896278
359.300000 -15.975907 -69.017770 52.562745 -0.312617 -0.309938 0.057705 0.896035
359.400000 -16.152722 -68.865631 52.751994 -0.312966 -0.310690 0.055494 0.895793
359.500000 -16.345627 -68.700606 52.950824 -0.314123 -0.311272 0.053109 0.895330
359.600000 -16.505482 -68.543268 53.139060 -0.315959 -0.311489 0.051976 0.894675
359.700000 -16.718464 -68.369245 53.336152 -0.315671 -0.311178 0.049833 0.895006
359.800000 -16.902650 -68.201705 53.535558 -0.314985 -0.310701 0.049921 0.895409
359.900000 -17.099584 -68.038055 53.724028 -0.313169 -0.309728 0.050054 0.896375
360.000000 -17.304285 -67.864358 53.919168 -0.311300 -0.308382 0.052004 0.897379
360.100000 -17.481616 -67.709641 54.117730 -0.309941 -0.308571 0.050623 0.897863
360.200000 -17.678192 -67.539419 54.311354 -0.311185 -0.307654 0.050963 0.897728
360.300000 -17.842707 -67.383971 54.503103 -0.312329 -0.308355 0.048922 0.897203
360.400000 -18.016648 -67.223690 54.700441 -0.312896 -0.309102 0.046958 0.896854
360.500000 -18.177846 -67.055318 54.886554 -0.314708 -0.309638 0.046057 0.896081
360.600000 -18.359678 -66.890965 55.090264 -0.316052 -0.310692 0.043551 0.895368
360.700000 -18.570938 -66.735184 55.275658 -0.314489 -0.310413 0.040874 0.896142
360.800000 -18.749577 -66.564307 55.463508 -0.311889 -0.310594 0.041452 0.896961
360.900000 -18.976824 -66.388110 55.656573 -0.309852 -0.310170 0.040934 0.897837
361.000000 -19.175346 -66.227685 55.856721 -0.307802 -0.310885 0.039143 0.898374
361.100000 -19.382446 -66.041805 56.045033 -0.307328 -0.310967 0.040744 0.898437
361.200000 -19.597336 -65.868935 56.244276 -0.309725 -0.310850 0.041238 0.897631
361.300000 -19.760587 -65.706819 56.422931 -0.310428 -0.311955 0.041993 0.896970
361.400000 -19.926300 -65.550433 56.600088 -0.311754 -0.311917 0.043983 0.896428
361.500000 -20.189960 -65.344264 56.791032 -0.312169 -0.309774 0.047912 0.896825
361.600000 -20.377429 -65.189473 56.971075 -0.311626 -0.310624 0.046949 0.896771
361.700000 -20.539966 -65.055241 57.120632 -0.310064 -0.311026 0.045430 0.897251
361.800000 -20.675188 -64.934339 57.264742 -0.311819 -0.311041 0.047716 0.896518
361.900000 -20.878698 -64.778700 57.434499 -0.310979 -0.310675 0.046356 0.897008
362.000000 -21.036341 -64.645154 57.586636 -0.310238 -0.310367 0.048175 0.897276
362.100000 -21.195808 -64.518422 57.732945 -0.307804 -0.310198 0.047304 0.898218
362.200000 -21.333571 -64.401409 57.878667 -0.308299 -0.310093 0.047286 0.898086
362.300000 -21.515718 -64.242202 58.063833 -0.310129 -0.310150 0.046685 0.897467
362.400000 -21.661792 -64.101261 58.231046 -0.311388 -0.310284 0.047198 0.896958
362.500000 -21.823922 -63.956445 58.396146 -0.312084 -0.309884 0.046869 0.896871
362.600000 -21.984951 -63.814453 58.559057 -0.312577 -0.309836 0.047808 0.896667
362.700000 -22.116349 -63.695569 58.709724 -0.312071 -0.309576 0.048453 0.896899
362.800000 -22.263385 -63.565271 58.858389 -0.311267 -0.308853 0.050802 0.897297
362.900000 -22.439078 -63.423843 59.022898 -0.310913 -0.308201 0.051995 0.897575
363.000000 -22.575450 -63.301173 59.167189 -0.311458 -0.308103 0.052618 0.897384
363.100000 -22.745841 -63.168405 59.322177 -0.313715 -0.307086 0.053711 0.896881
363.200000 -22.819502 -63.073181 59.459876 -0.314998 -0.308284 0.053284 0.896046
363.300000 -22.956399 -62.952747 59.611680 -0.314016 -0.308695 0.053347 0.896245
363.400000 -23.028540 -62.867498 59.754183 -0.311965 -0.309817 0.052015 0.896652
363.500000 -23.342683 -62.398712 59.966262 -0.319879 -0.306556 0.050684 0.895060
363.600000 -23.771065 -62.343901 59.854884 -0.320285 -0.307419 0.048398 0.894745
363.700000 -23.944683 -61.887189 60.579401 -0.323176 -0.306347 0.051842 0.893880
363.800000 -24.232628 -61.643020 60.845014 -0.324804 -0.305947 0.051720 0.893434
363.900000 -24.577769 -61.355325 61.184860 -0.327105 -0.305597 0.053347 0.892618
364.000000 -24.899585 -61.074933 61.478062 -0.327263 -0.304997 0.055150 0.892656
364.100000 -25.225809 -60.817691 61.758328 -0.326224 -0.304517 0.055525 0.893177
364.200000 -25.518050 -60.579057 62.023613 -0.324986 -0.304271 0.055525 0.893711
364.300000 -25.838948 -60.315174 62.300714 -0.323633 -0.303676 0.055875 0.894383
364.400000 -26.146080 -60.068807 62.564419 -0.323068 -0.303333 0.055189 0.894746
364.500000 -26.403997 -59.862893 62.803091 -0.323325 -0.302732 0.052873 0.894997
364.600000 -26.687209 -59.634900 63.048284 -0.323312 -0.301347 0.052495 0.895491
364.700000 -27.008668 -59.386177 63.303790 -0.322673 -0.299082 0.052843 0.896459
364.800000 -27.289494 -59.188607 63.559954 -0.323062 -0.297286 0.051968 0.896968
364.900000 -27.559144 -58.947567 63.793717 -0.323312 -0.295398 0.052427 0.897475
365.000000 -27.824376 -58.726914 64.027395 -0.323933 -0.293269 0.052973 0.897917
365.100000 -28.113779 -58.520815 64.246515 -0.325279 -0.290366 0.054137 0.898304
365.200000 -28.356847 -58.322809 64.449016 -0.325421 -0.288282 0.053994 0.898932
365.300000 -28.587666 -58.143472 64.663147 -0.327130 -0.285969 0.054403 0.899026
365.400000 -28.798301 -57.956804 64.868130 -0.328605 -0.284643 0.054344 0.898913
365.500000 -29.009262 -57.798190 65.038605 -0.329388 -0.282300 0.054070 0.899381
365.600000 -29.202201 -57.639495 65.217143 -0.327932 -0.280968 0.053317 0.900375
365.700000 -29.422848 -57.472951 65.374661 -0.324958 -0.278095 0.052996 0.902362
365.800000 -29.617175 -57.315456 65.537912 -0.323348 -0.276267 0.053040 0.903498
365.900000 -29.851976 -57.168164 65.687919 -0.324013 -0.272691 0.052167 0.904397
366.000000 -30.018291 -57.019841 65.853196 -0.325674 -0.272078 0.051245 0.904038
366.100000 -30.219247 -56.889793 65.989956 -0.326018 -0.270242 0.049988 0.904534
366.200000 -30.409601 -56.747899 66.119310 -0.323813 -0.269525 0.050081 0.905535
366.300000 -30.556877 -56.619614 66.254584 -0.321633 -0.271363 0.051745 0.905669
366.400000 -30.716327 -56.508877 66.379117 -0.320437 -0.273080 0.052220 0.905550
366.500000 -30.872835 -56.361938 66.507062 -0.318112 -0.276632 0.052468 0.905277
366.600000 -31.034974 -56.255272 66.634552 -0.317840 -0.279690 0.052197 0.904448
366.700000 -31.195026 -56.137286 66.744196 -0.316698 -0.284191 0.052754 0.903413
366.800000 -31.336733 -56.023643 66.855652 -0.316154 -0.291232 0.056016 0.901162
366.900000 -31.276918 -56.075795 66.818230 -0.316860 -0.299023 0.058441 0.898204
367.000000 -31.518584 -55.890720 67.006102 -0.317798 -0.310581 0.069120 0.893177
367.100000 -31.610835 -55.824585 67.077183 -0.317072 -0.326935 0.075198 0.887087
367.200000 -31.691505 -55.766180 67.137217 -0.317008 -0.347017 0.082189 0.878823
367.300000 -31.796731 -55.711547 67.205626 -0.316286 -0.369766 0.088459 0.869144
367.400000 -31.905800 -55.626664 67.273591 -0.315580 -0.395750 0.100191 0.856594
367.500000 -32.025808 -55.581556 67.325281 -0.314498 -0.423484 0.108042 0.842662
367.600000 -32.127396 -55.540789 67.373308 -0.312949 -0.453113 0.115636 0.826668
367.700000 -32.242326 -55.486083 67.405996 -0.310767 -0.482719 0.124810 0.809215
367.800000 -32.365849 -55.449217 67.439897 -0.308176 -0.512022 0.132865 0.790701
367.900000 -32.479125 -55.422714 67.463048 -0.303679 -0.540651 0.141156 0.771719
368.000000 -32.612913 -55.396231 67.477945 -0.300418 -0.568545 0.152184 0.750563
368.100000 -32.736208 -55.374193 67.486276 -0.295180 -0.597840 0.162339 0.727394
368.200000 -32.883341 -55.347937 67.494134 -0.287972 -0.627700 0.171935 0.702498
368.300000 -33.017284 -55.344489 67.462539 -0.280411 -0.655002 0.179340 0.678365
368.400000 -33.169958 -55.325788 67.447316 -0.275767 -0.681795 0.192748 0.649582
368.500000 -33.338452 -55.328029 67.398999 -0.269832 -0.704878 0.207767 0.622230
368.600000 -33.435924 -55.349578 67.374449 -0.260393 -0.729894 0.218367 0.593099
368.700000 -33.575353 -55.368836 67.331197 -0.250071 -0.752650 0.232038 0.563152
368.800000 -33.723760 -55.399532 67.278970 -0.239877 -0.774005 0.242390 0.533500
368.900000 -33.900649 -55.384207 67.214639 -0.224732 -0.794681 0.251900 0.504503
369.000000 -34.025514 -55.403878 67.163901 -0.213905 -0.813600 0.257015 0.475650
369.100000 -34.737312 -55.661455 66.742275 -0.209105 -0.826248 0.258099 0.454945
369.200000 -35.154634 -55.814885 66.481131 -0.202511 -0.838463 0.258683 0.434802
369.300000 -35.564859 -55.981233 66.212386 -0.197253 -0.846869 0.261691 0.418834
369.400000 -35.970517 -56.161073 65.952396 -0.191192 -0.853037 0.265235 0.406724
369.500000 -36.365112 -56.340084 65.661870 -0.187164 -0.857944 0.265869 0.397762
369.600000 -36.776365 -56.511829 65.354339 -0.184637 -0.861846 0.263752 0.391876
369.700000 -37.215166 -56.700660 65.050564 -0.185340 -0.863839 0.262840 0.387745
369.800000 -37.629592 -56.884202 64.749721 -0.185500 -0.864420 0.262944 0.386302
369.900000 -37.987699 -57.060782 64.502533 -0.184463 -0.863919 0.265244 0.386345
370.000000 -38.064710 -57.072149 64.474112 -0.180343 -0.863083 0.269194 0.387425
370.100000 -38.277528 -57.173235 64.337309 -0.183230 -0.861095 0.274319 0.386899
370.200000 -38.482136 -57.229919 64.178339 -0.180810 -0.860980 0.274015 0.388506
370.300000 -38.668484 -57.317754 64.041877 -0.182965 -0.860809 0.273005 0.388587
370.400000 -38.935866 -57.409261 63.871450 -0.181327 -0.860871 0.271478 0.390283
370.500000 -39.160578 -57.504301 63.716568 -0.180717 -0.860531 0.269745 0.392512
370.600000 -39.371307 -57.582565 63.598625 -0.179758 -0.860013 0.268255 0.395100
370.700000 -39.611937 -57.683843 63.434725 -0.176734 -0.859073 0.266223 0.399855
370.800000 -39.753177 -57.736075 63.360268 -0.178065 -0.857468 0.265506 0.403173
370.900000 -40.044124 -57.821431 63.139390 -0.177318 -0.855928 0.262956 0.408412
371.000000 -40.302780 -57.924007 62.976634 -0.178097 -0.854923 0.259108 0.412615
371.100000 -40.540179 -57.996653 62.826377 -0.178126 -0.853416 0.256212 0.417501
371.200000 -40.807429 -58.076194 62.677873 -0.177957 -0.851707 0.255112 0.421715
371.300000 -41.050605 -58.180331 62.513795 -0.179091 -0.849321 0.254951 0.426123
371.400000 -41.308178 -58.253310 62.357909 -0.181650 -0.847742 0.254593 0.428391
371.500000 -41.575746 -58.347054 62.191728 -0.183725 -0.846904 0.253071 0.430062
371.600000 -41.861474 -58.433172 62.028220 -0.185339 -0.846976 0.250714 0.430609
371.700000 -42.153965 -58.519810 61.861047 -0.188917 -0.846443 0.251381 0.429711
371.800000 -42.412836 -58.607459 61.699612 -0.188704 -0.846130 0.250977 0.430656
371.900000 -42.650034 -58.696126 61.550604 -0.186021 -0.846012 0.250795 0.432160
372.000000 -42.929724 -58.791497 61.371765 -0.184247 -0.845364 0.251650 0.433687
372.100000 -43.049179 -58.837421 61.293313 -0.185083 -0.844750 0.252770 0.433877
372.200000 -43.376061 -58.963824 61.105705 -0.185472 -0.844398 0.252832 0.434358
372.300000 -43.616094 -59.034331 60.958319 -0.185826 -0.844063 0.252570 0.435010
372.400000 -43.741791 -59.095501 60.871811 -0.184438 -0.843973 0.250763 0.436817
372.500000 -44.086209 -59.223676 60.669969 -0.186232 -0.843494 0.250441 0.437167
372.600000 -44.303997 -59.298700 60.552477 -0.185260 -0.843586 0.249032 0.438207
372.700000 -44.590855 -59.405841 60.379978 -0.187811 -0.842937 0.249054 0.438356
372.800000 -44.837600 -59.492373 60.221215 -0.187999 -0.842519 0.249283 0.438949
372.900000 -45.062841 -59.569436 60.096606 -0.187480 -0.842495 0.250094 0.438757
373.000000 -45.292829 -59.645422 59.957264 -0.187675 -0.842429 0.250603 0.438508
373.100000 -45.498196 -59.731071 59.816319 -0.188714 -0.842762 0.248297 0.438735
373.200000 -45.660809 -59.799203 59.674999 -0.188039 -0.843008 0.246371 0.439636
373.300000 -45.961486 -59.894131 59.562218 -0.186517 -0.844353 0.244963 0.438489
373.400000 -46.154734 -59.943983 59.436325 -0.186916 -0.844149 0.246610 0.437788
373.500000 -46.386787 -60.043346 59.307371 -0.187175 -0.843860 0.248439 0.437200
373.600000 -46.587757 -60.121132 59.178742 -0.187792 -0.843616 0.250085 0.436467
373.700000 -46.798387 -60.197773 59.051945 -0.190066 -0.844054 0.249575 0.434926
373.800000 -46.977510 -60.270476 58.918894 -0.191341 -0.844007 0.249671 0.434402
373.900000 -47.174112 -60.336918 58.834657 -0.191882 -0.844330 0.251048 0.432739
374.000000 -47.358710 -60.389347 58.729967 -0.189867 -0.844874 0.250875 0.432666
374.100000 -47.572074 -60.462517 58.603891 -0.189975 -0.844850 0.250573 0.432841
374.200000 -47.729578 -60.517951 58.519516 -0.190399 -0.845423 0.248946 0.432473
374.300000 -47.893632 -60.594472 58.398145 -0.195005 -0.844434 0.250089 0.431693
374.400000 -48.093357 -60.672502 58.281343 -0.195665 -0.844047 0.249151 0.432693
374.500000 -48.297301 -60.753129 58.147099 -0.196257 -0.842984 0.249273 0.434425
374.600000 -48.500396 -60.824827 58.019685 -0.198318 -0.841398 0.251234 0.435432
374.700000 -48.683436 -60.891496 57.901124 -0.198247 -0.840089 0.252097 0.437487
374.800000 -48.866728 -60.985716 57.765626 -0.199028 -0.838637 0.251032 0.440521
374.900000 -49.064019 -61.060359 57.645524 -0.200058 -0.837742 0.250294 0.442175
375.000000 -49.272738 -61.125598 57.553815 -0.200760 -0.837995 0.248031 0.442652
375.100000 -49.375186 -61.180298 57.397466 -0.201993 -0.836317 0.246149 0.446299
375.200000 -49.577331 -61.259988 57.301655 -0.206220 -0.835350 0.245991 0.446265
375.300000 -49.716728 -61.322902 57.171373 -0.206709 -0.833564 0.245903 0.449416
375.400000 -50.088047 -61.364700 57.046257 -0.204693 -0.833462 0.247814 0.449478
375.500000 -50.317871 -61.422421 56.942999 -0.205741 -0.832687 0.249127 0.449710
375.600000 -50.521451 -61.457041 56.822239 -0.205702 -0.831840 0.250490 0.450537
375.700000 -50.751194 -61.514655 56.701911 -0.206365 -0.830925 0.251865 0.451155
375.800000 -50.950324 -61.569239 56.597674 -0.207212 -0.830300 0.253114 0.451219
375.900000 -51.108690 -61.646725 56.492267 -0.209278 -0.829499 0.253025 0.451788
376.000000 -51.304806 -61.698207 56.393259 -0.209882 -0.829686 0.253025 0.451163
376.100000 -51.497759 -61.753984 56.292901 -0.210585 -0.829668 0.254680 0.449936
376.200000 -51.694482 -61.803236 56.192829 -0.212103 -0.830066 0.256932 0.447201
376.300000 -51.882333 -61.864807 56.095448 -0.213522 -0.831497 0.257463 0.443548
376.400000 -52.073045 -61.913235 55.980422 -0.213356 -0.833611 0.258345 0.439123
376.500000 -52.268374 -61.980945 55.878429 -0.212447 -0.836352 0.258993 0.433939
376.600000 -52.442676 -62.042468 55.781880 -0.210746 -0.838498 0.262427 0.428532
376.700000 -52.627814 -62.108865 55.659686 -0.206817 -0.840622 0.265810 0.424177
376.800000 -52.805013 -62.172993 55.542924 -0.203836 -0.842624 0.269070 0.419568
376.900000 -52.997677 -62.235149 55.432428 -0.198906 -0.845197 0.270005 0.416144
377.000000 -53.190510 -62.309832 55.319757 -0.196495 -0.847228 0.270614 0.412750
377.100000 -53.372872 -62.380003 55.200605 -0.194941 -0.848514 0.270488 0.410924
377.200000 -53.572093 -62.452849 55.076747 -0.192644 -0.849568 0.270398 0.409887
377.300000 -53.766407 -62.523210 54.952631 -0.190526 -0.849970 0.270159 0.410201
377.400000 -53.938396 -62.597941 54.834862 -0.189647 -0.849799 0.270029 0.411047
377.500000 -54.140024 -62.675887 54.731044 -0.191651 -0.849150 0.270731 0.410998
377.600000 -54.337309 -62.739125 54.609543 -0.192587 -0.849354 0.269001 0.411274
377.700000 -54.518070 -62.817077 54.491281 -0.195009 -0.850268 0.264903 0.410904
377.800000 -54.756346 -62.880650 54.361306 -0.195221 -0.852298 0.256523 0.411913
377.900000 -54.949491 -62.935564 54.225464 -0.194200 -0.852397 0.252935 0.414403
378.000000 -55.153993 -62.992483 54.092160 -0.188117 -0.851182 0.253397 0.419394
378.100000 -55.354455 -63.062763 53.970011 -0.185520 -0.848361 0.256847 0.424140
378.200000 -55.539591 -63.126912 53.852928 -0.185582 -0.847444 0.255118 0.426981
378.300000 -55.798105 -63.187136 53.710150 -0.190184 -0.847482 0.251606 0.426965
378.400000 -56.019859 -63.246564 53.583116 -0.191643 -0.846776 0.250245 0.428510
378.500000 -56.234047 -63.318204 53.454600 -0.190824 -0.844355 0.254384 0.431208
378.600000 -56.439148 -63.391941 53.326854 -0.188599 -0.842544 0.257292 0.433994
378.700000 -56.670776 -63.453917 53.191010 -0.185409 -0.842631 0.254679 0.436732
378.800000 -56.891193 -63.535595 53.054211 -0.185336 -0.842696 0.249895 0.439393
378.900000 -57.145009 -63.575084 52.921542 -0.180494 -0.841910 0.251182 0.442173
379.000000 -57.379520 -63.649408 52.800278 -0.180309 -0.838953 0.256860 0.444601
379.100000 -57.615311 -63.716916 52.671941 -0.182168 -0.836260 0.261003 0.446499
379.200000 -57.853844 -63.785856 52.541477 -0.186026 -0.835318 0.259073 0.447793
379.300000 -58.095868 -63.854851 52.415839 -0.190818 -0.835221 0.253954 0.448890
379.400000 -58.332570 -63.920588 52.293555 -0.192265 -0.834833 0.250378 0.450997
379.500000 -58.559041 -63.978180 52.160920 -0.190034 -0.833744 0.249384 0.454496
379.600000 -58.786029 -64.040642 52.045218 -0.190506 -0.832601 0.250266 0.455905
379.700000 -59.018205 -64.088532 51.913883 -0.188482 -0.831924 0.251060 0.457543
379.800000 -59.256600 -64.150744 51.801292 -0.189601 -0.831618 0.251749 0.457259
379.900000 -59.477744 -64.211913 51.691284 -0.189673 -0.832354 0.249923 0.456892
380.000000 -59.707121 -64.272757 51.577681 -0.190403 -0.833226 0.248381 0.455838
380.100000 -59.905257 -64.327009 51.497098 -0.193932 -0.833388 0.251492 0.452334
380.200000 -60.070678 -64.382852 51.381273 -0.192312 -0.831601 0.256068 0.453745
380.300000 -60.290537 -64.433390 51.276157 -0.192562 -0.831979 0.261412 0.449883
380.400000 -60.485290 -64.499353 51.175015 -0.195530 -0.833387 0.261574 0.445885
380.500000 -60.590832 -64.546398 51.089853 -0.192962 -0.835917 0.258541 0.444033
380.600000 -60.816808 -64.599063 50.973472 -0.188334 -0.838792 0.258287 0.440735
380.700000 -61.419244 -64.826987 50.605081 -0.184625 -0.840011 0.256941 0.440769
380.800000 -61.839527 -64.972903 50.365022 -0.180952 -0.841111 0.257967 0.439592
380.900000 -62.322238 -65.096472 50.117148 -0.177993 -0.842611 0.259463 0.437039
381.000000 -62.751454 -65.227872 49.867898 -0.175255 -0.844154 0.258606 0.435674
381.100000 -63.182385 -65.365241 49.638903 -0.179296 -0.845495 0.258156 0.431680
381.200000 -63.598669 -65.505652 49.397479 -0.181277 -0.846917 0.256962 0.428766
381.300000 -63.853811 -65.658001 49.195657 -0.179998 -0.847282 0.253617 0.430572
381.400000 -64.411209 -65.813760 48.902657 -0.180705 -0.847022 0.258753 0.427723
381.500000 -64.767545 -65.967265 48.655027 -0.174661 -0.846889 0.260159 0.429641
381.600000 -65.136870 -66.113804 48.406546 -0.174840 -0.846443 0.261073 0.429891
381.700000 -65.443919 -66.285583 48.174576 -0.179117 -0.846338 0.260251 0.428834
381.800000 -65.769359 -66.428395 47.936956 -0.184236 -0.846460 0.260512 0.426258
381.900000 -66.063978 -66.570926 47.711562 -0.186982 -0.846678 0.260588 0.424579
382.000000 -66.437942 -66.782099 47.435934 -0.185859 -0.847237 0.256942 0.426176
382.100000 -66.749462 -66.930739 47.203710 -0.185194 -0.847212 0.257100 0.426421
382.200000 -67.112012 -67.058674 46.932252 -0.183273 -0.847119 0.258989 0.426292
382.300000 -67.457618 -67.217175 46.697694 -0.181366 -0.847103 0.260133 0.426443
382.400000 -67.777682 -67.351730 46.451216 -0.180173 -0.846237 0.262440 0.427254
382.500000 -68.112800 -67.506533 46.203761 -0.181173 -0.845597 0.263215 0.427621
382.600000 -68.450873 -67.634223 45.971668 -0.183864 -0.846155 0.262927 0.425540
382.700000 -68.800318 -67.804537 45.734815 -0.184992 -0.847220 0.258945 0.425374
382.800000 -69.094177 -67.910316 45.519924 -0.187334 -0.846747 0.260584 0.424290
382.900000 -69.421549 -68.057312 45.300209 -0.187729 -0.846237 0.261361 0.424655
383.000000 -69.724279 -68.193896 45.074746 -0.186962 -0.845267 0.263083 0.425860
383.100000 -70.051840 -68.355127 44.838392 -0.186922 -0.844938 0.262409 0.426944
383.200000 -70.379667 -68.516374 44.576921 -0.188254 -0.844053 0.261856 0.428446
383.300000 -70.713859 -68.674419 44.334552 -0.190797 -0.842548 0.264098 0.428907
383.400000 -71.000864 -68.822113 44.124374 -0.191058 -0.840587 0.268156 0.430120
383.500000 -71.307447 -68.975018 43.893374 -0.192847 -0.838749 0.270759 0.431276
383.600000 -71.634314 -69.150978 43.639655 -0.197010 -0.838033 0.269812 0.431382
383.700000 -71.966274 -69.328199 43.378074 -0.199300 -0.836809 0.268804 0.433330
383.800000 -72.260001 -69.486986 43.156592 -0.198553 -0.835552 0.269273 0.435800
383.900000 -72.584414 -69.664186 42.893943 -0.197763 -0.832698 0.272225 0.439770
384.000000 -72.876937 -69.834941 42.692965 -0.192607 -0.833185 0.266598 0.444558
384.100000 -73.223353 -70.021249 42.459108 -0.194726 -0.832097 0.263527 0.447493
384.200000 -73.520590 -70.197941 42.171710 -0.199821 -0.828209 0.264896 0.451632
384.300000 -73.822616 -70.379157 41.921129 -0.201709 -0.825380 0.263385 0.456825
384.400000 -74.138892 -69.748376 41.833838 -0.203338 -0.829092 0.264573 0.448622
384.500000 -74.540894 -69.271110 41.912405 -0.206129 -0.828517 0.264291 0.448577
384.600000 -75.645137 -69.477072 41.514115 -0.209811 -0.826504 0.269542 0.447456
384.700000 -76.722852 -69.680855 41.048139 -0.209246 -0.826002 0.269863 0.448453
384.800000 -77.716479 -69.899496 40.614753 -0.212512 -0.826069 0.268590 0.447558
384.900000 -78.728176 -70.113951 40.159020 -0.216320 -0.826170 0.268195 0.445781
385.000000 -79.680282 -70.313638 39.717372 -0.217198 -0.826535 0.268252 0.444641
385.100000 -80.591620 -70.500448 39.281588 -0.218106 -0.826006 0.270725 0.443679
385.200000 -81.420769 -70.701575 38.912608 -0.217336 -0.826673 0.270317 0.443064
385.300000 -82.275224 -70.878929 38.533640 -0.215864 -0.827791 0.268637 0.442718
385.400000 -83.051268 -71.052862 38.155150 -0.212287 -0.828440 0.267388 0.443987
385.500000 -83.777982 -71.271322 37.791186 -0.210622 -0.828001 0.267388 0.445597
385.600000 -84.535559 -71.474580 37.438731 -0.208221 -0.828148 0.265844 0.447372
385.700000 -85.326565 -71.659052 37.061449 -0.207561 -0.828070 0.265073 0.448279
385.800000 -86.058994 -71.832212 36.701228 -0.207664 -0.827754 0.264643 0.449069
385.900000 -86.810528 -71.978189 36.362785 -0.208466 -0.827775 0.265468 0.448171
386.000000 -87.527443 -72.122247 36.025529 -0.208787 -0.827996 0.266006 0.447293
386.100000 -88.221344 -72.287865 35.677838 -0.209965 -0.827937 0.266655 0.446464
386.200000 -88.935009 -72.455166 35.345930 -0.209995 -0.828403 0.267240 0.445234
386.300000 -89.621663 -72.612879 35.014756 -0.209152 -0.828778 0.268232 0.444335
386.400000 -90.316915 -72.768087 34.696603 -0.209487 -0.829480 0.269043 0.442373
386.500000 -91.005541 -72.943020 34.354106 -0.209225 -0.830126 0.268558 0.441579
386.600000 -91.681373 -73.105779 34.017052 -0.208457 -0.830735 0.269011 0.440520
386.700000 -92.379808 -73.232026 33.722670 -0.207057 -0.831526 0.271957 0.437871
386.800000 -93.080241 -73.347071 33.410767 -0.207178 -0.831882 0.275917 0.434649
386.900000 -93.761556 -73.483932 33.131834 -0.205773 -0.833542 0.276702 0.431626
387.000000 -94.420501 -73.618998 32.861047 -0.206260 -0.833977 0.280216 0.428273
387.100000 -95.052246 -73.741905 32.558822 -0.205554 -0.833616 0.284574 0.426438
387.200000 -95.692748 -73.885849 32.275507 -0.204552 -0.834365 0.285680 0.424712
387.300000 -96.341580 -74.079537 32.037085 -0.205335 -0.836244 0.283594 0.422027
387.400000 -96.992823 -74.233276 31.703193 -0.207126 -0.836210 0.285149 0.420169
387.500000 -97.625897 -74.421289 31.418737 -0.207195 -0.836982 0.284341 0.419144
387.600000 -98.239058 -74.593773 31.112245 -0.207232 -0.836688 0.284550 0.419570
387.700000 -98.816737 -74.750854 30.823096 -0.206299 -0.836365 0.285290 0.420171
387.800000 -99.387114 -74.913197 30.547063 -0.206572 -0.835769 0.286646 0.420301
387.900000 -99.926065 -75.068837 30.268234 -0.206428 -0.835305 0.287327 0.420829
388.000000 -100.444761 -75.220676 30.019968 -0.207303 -0.835484 0.288208 0.419438
388.100000 -100.955339 -75.364151 29.786113 -0.208635 -0.835972 0.289775 0.416717
388.200000 -101.451993 -75.501331 29.524123 -0.209353 -0.836042 0.292406 0.414371
388.300000 -101.937009 -75.646897 29.295332 -0.209769 -0.837460 0.292401 0.411290
388.400000 -102.403364 -75.789376 29.056195 -0.212389 -0.838555 0.291887 0.408066
388.500000 -102.836120 -75.932509 28.832256 -0.214262 -0.839325 0.292215 0.405259
388.600000 -103.243070 -76.058233 28.599756 -0.210449 -0.838028 0.297531 0.406074
388.700000 -103.654833 -76.261587 28.369555 -0.211265 -0.837392 0.300333 0.404897
388.800000 -103.314846 -77.028844 27.524271 -0.208874 -0.839747 0.299961 0.401522
388.900000 -104.121655 -77.372694 27.043828 -0.210996 -0.841021 0.293494 0.402523
389.000000 -104.971986 -77.641932 26.589127 -0.211008 -0.841918 0.289022 0.403877
389.100000 -105.741009 -77.916746 26.152733 -0.210280 -0.840151 0.289276 0.407736
389.200000 -106.506289 -78.181281 25.729905 -0.210231 -0.838252 0.289114 0.411764
389.300000 -107.279065 -78.435429 25.332848 -0.212516 -0.836144 0.288283 0.415444
389.400000 -107.971491 -78.678301 24.990354 -0.214852 -0.833342 0.287998 0.420045
389.500000 -108.634539 -78.893545 24.650236 -0.215857 -0.828648 0.290614 0.426956
389.600000 -109.278142 -79.074676 24.330096 -0.216556 -0.823894 0.292889 0.434186
389.700000 -109.930909 -79.237496 24.028794 -0.220278 -0.819593 0.293659 0.439896
389.800000 -110.570282 -79.389904 23.747846 -0.226188 -0.816683 0.291068 0.444014
389.900000 -111.179442 -79.539371 23.480863 -0.230996 -0.814129 0.287932 0.448253
390.000000 -111.741102 -79.682666 23.227840 -0.236075 -0.810619 0.287593 0.452169
390.100000 -112.295922 -79.835873 22.989857 -0.240327 -0.807610 0.287819 0.455158
390.200000 -112.803612 -79.974125 22.762284 -0.243472 -0.805040 0.289014 0.457278
390.300000 -113.275400 -80.111219 22.545621 -0.245217 -0.803238 0.290427 0.458617
390.400000 -113.706241 -80.232321 22.355544 -0.246348 -0.802588 0.290994 0.458789
390.500000 -114.158399 -80.369593 22.128693 -0.247513 -0.802114 0.291367 0.458754
390.600000 -114.599379 -80.491771 21.935928 -0.248167 -0.802961 0.291839 0.456615
390.700000 -115.104999 -80.626821 21.712092 -0.248157 -0.804157 0.292586 0.454029
390.800000 -115.509091 -80.767154 21.514049 -0.247076 -0.806029 0.292781 0.451165
390.900000 -115.928012 -80.895543 21.306327 -0.244283 -0.808339 0.293227 0.448254
391.000000 -116.301823 -81.020225 21.105014 -0.241752 -0.810514 0.294765 0.444675
391.100000 -116.608882 -81.161228 20.948806 -0.241473 -0.812634 0.296682 0.439656
391.200000 -116.966600 -81.286467 20.762142 -0.239801 -0.815493 0.299633 0.433229
391.300000 -117.421284 -81.414624 20.534833 -0.235715 -0.819973 0.302384 0.425026
391.400000 -117.818253 -81.545506 20.322403 -0.232054 -0.824791 0.304746 0.415932
391.500000 -118.211358 -81.691495 20.323368 -0.228716 -0.831801 0.305065 0.403399
391.600000 -118.560118 -81.820584 20.149599 -0.224478 -0.837012 0.306208 0.394027
391.700000 -118.874256 -81.852126 19.862785 -0.217560 -0.841290 0.309460 0.386178
391.800000 -119.217903 -81.979987 19.706536 -0.213820 -0.846115 0.311006 0.376358
391.900000 -119.514332 -82.093489 19.504529 -0.209524 -0.849884 0.313371 0.368233
392.000000 -119.803162 -82.201311 19.297642 -0.204703 -0.853669 0.315227 0.360524
392.100000 -120.123788 -82.342202 19.174253 -0.200728 -0.857646 0.316078 0.352485
392.200000 -120.383156 -82.462072 18.939783 -0.195937 -0.859601 0.317916 0.348747
392.300000 -120.437675 -82.539171 18.889736 -0.192903 -0.861098 0.317693 0.346943
392.400000 -120.857007 -82.735547 18.564968 -0.190203 -0.862339 0.318156 0.344920
392.500000 -121.080734 -82.887542 18.378253 -0.188430 -0.863049 0.317160 0.345037
392.600000 -121.358589 -83.024808 18.192755 -0.187822 -0.863310 0.316756 0.345085
392.700000 -121.593865 -83.155213 17.995436 -0.186939 -0.863018 0.315974 0.347007
392.800000 -121.845673 -83.301570 17.803738 -0.186619 -0.862570 0.315452 0.348764
392.900000 -122.097231 -83.441435 17.604099 -0.185814 -0.861998 0.314642 0.351330
393.000000 -122.343266 -83.600996 17.408758 -0.185353 -0.860843 0.313386 0.355504
393.100000 -122.595949 -83.741781 17.210581 -0.185198 -0.859080 0.312310 0.360758
393.200000 -122.832895 -83.888197 17.017246 -0.186568 -0.856973 0.310940 0.366204
393.300000 -123.094238 -84.011169 16.856465 -0.187816 -0.855530 0.309104 0.370472
393.400000 -123.330242 -84.150037 16.645342 -0.189683 -0.853174 0.307786 0.376007
393.500000 -123.570187 -84.281136 16.465640 -0.190459 -0.851584 0.305299 0.381212
393.600000 -123.823262 -84.405210 16.255627 -0.191918 -0.849448 0.302773 0.387213
393.700000 -124.096864 -84.502921 16.096830 -0.192709 -0.847838 0.301102 0.391626
393.800000 -124.340927 -84.633278 15.925326 -0.195795 -0.844666 0.301303 0.396763
393.900000 -124.585696 -84.737294 15.766504 -0.198372 -0.841633 0.302050 0.401334
394.000000 -124.825404 -84.837975 15.602822 -0.199537 -0.838849 0.302040 0.406557
394.100000 -125.041597 -84.938326 15.467555 -0.199679 -0.836812 0.301143 0.411324
394.200000 -125.267462 -85.032911 15.336177 -0.199471 -0.835003 0.300963 0.415215
394.300000 -125.495353 -85.114407 15.238226 -0.199684 -0.833653 0.301643 0.417325
394.400000 -125.678981 -85.213816 15.098756 -0.202355 -0.830825 0.303590 0.420257
394.500000 -125.885143 -85.280251 14.969333 -0.205067 -0.829028 0.306003 0.420741
394.600000 -126.079164 -85.373232 14.847484 -0.206868 -0.828527 0.306438 0.420529
394.700000 -126.271568 -85.451846 14.735371 -0.206607 -0.829397 0.307206 0.418377
394.800000 -126.444798 -85.534589 14.596044 -0.204606 -0.830686 0.308876 0.415563
394.900000 -126.659176 -85.617824 14.502363 -0.200887 -0.834897 0.309522 0.408396
395.000000 -126.823778 -85.698901 14.357339 -0.196938 -0.837952 0.312537 0.401712
395.100000 -126.990609 -85.778055 14.226530 -0.192379 -0.842036 0.315997 0.392570
395.200000 -127.172939 -85.868790 14.105565 -0.187976 -0.846780 0.320311 0.380826
395.300000 -127.306146 -86.008977 13.948309 -0.183590 -0.850775 0.323943 0.370861
395.400000 -127.482496 -86.135290 13.811671 -0.178081 -0.856761 0.326701 0.357092
395.500000 -127.593940 -86.277561 13.620306 -0.170563 -0.862060 0.328959 0.345756
395.600000 -127.750049 -86.422152 13.429296 -0.163335 -0.868751 0.330924 0.330277
395.700000 -127.936572 -86.535259 13.259270 -0.155745 -0.875912 0.335110 0.310200
395.800000 -128.100055 -86.686444 13.072832 -0.148017 -0.882371 0.339399 0.290380
395.900000 -128.259464 -86.819112 12.847795 -0.138399 -0.888142 0.345492 0.269600
396.000000 -128.422870 -86.989810 12.633783 -0.128484 -0.894891 0.348926 0.246804
396.100000 -128.582758 -87.137148 12.404859 -0.116742 -0.900680 0.354395 0.222602
396.200000 -128.710200 -87.331704 12.198074 -0.107857 -0.905828 0.358760 0.197823
396.300000 -128.848740 -87.523800 11.974826 -0.097872 -0.910384 0.364298 0.170027
396.400000 -128.926811 -87.743375 11.765839 -0.089649 -0.914569 0.367295 0.143599
396.500000 -129.008726 -87.955273 11.492787 -0.077914 -0.917597 0.371998 0.116456
396.600000 -129.104891 -88.191587 11.231736 -0.067526 -0.920808 0.374587 0.085075
396.700000 -129.139174 -88.430694 10.980212 -0.055982 -0.923175 0.376152 0.055890
396.800000 -129.182263 -88.707031 10.723500 -0.044034 -0.925592 0.375198 0.023796
396.900000 -129.110273 -88.907436 10.497964 0.032645 0.925649 -0.376971 0.000990
397.000000 -129.071103 -89.167956 10.233507 -0.021943 -0.925575 0.376731 -0.030060
397.100000 -129.015497 -89.404613 9.980411 0.010428 0.924256 -0.376972 0.059448
397.200000 -128.951012 -89.626274 9.684311 0.006907 -0.920438 0.381017 -0.087021
397.300000 -128.829381 -89.918732 9.360861 -0.018764 0.917709 -0.380661 0.112050
397.400000 -128.725409 -90.230364 9.091138 0.026644 -0.915652 0.376505 -0.138256
397.500000 -128.709885 -90.164971 9.129872 0.038163 -0.912492 0.376478 -0.155454
397.600000 -128.499223 -90.615647 8.711481 -0.043549 0.909658 -0.372830 0.177833
397.700000 -128.362971 -90.804580 8.537636 0.050763 -0.906751 0.370205 -0.195381
397.800000 -128.204152 -91.040892 8.303278 -0.058434 0.903015 -0.369151 0.211842
397.900000 -128.023594 -91.289381 8.072410 0.061524 -0.899552 0.367478 -0.227992
398.000000 -127.812710 -91.521725 7.941797 -0.062478 0.896264 -0.366368 0.242037
398.100000 -127.597631 -91.790253 7.620915 0.067300 -0.891372 0.368736 -0.254872
398.200000 -127.367132 -92.113974 7.416671 -0.068706 0.888191 -0.366532 0.268421
398.300000 -127.111001 -92.386412 7.149381 0.071760 -0.885278 0.364179 -0.280191
398.400000 -126.768849 -92.759076 6.907411 -0.084236 0.882481 -0.363412 0.286466
398.500000 -126.530629 -93.025091 6.568402 0.086010 -0.878827 0.361220 -0.299641
398.600000 -126.661450 -92.864124 6.841566 0.087544 -0.878258 0.357048 -0.305802
398.700000 -126.707979 -92.824598 6.870281 0.092223 -0.875984 0.357631 -0.310237
398.800000 -126.197275 -93.281039 6.543018 -0.094787 0.874470 -0.358847 0.312323
398.900000 -126.088546 -93.427444 6.434569 0.099060 -0.873600 0.359589 -0.312581
399.000000 -125.934047 -93.561675 6.329693 0.096672 -0.874345 0.357248 -0.313925
399.100000 -125.760250 -93.775754 6.178396 -0.098640 0.874474 -0.356080 0.314282
399.200000 -125.586921 -93.890815 6.025708 0.095369 -0.874602 0.355382 -0.315720
399.300000 -125.419934 -94.107909 5.878806 -0.097577 0.874604 -0.354192 0.316377
399.400000 -125.207599 -94.293387 5.686461 0.099130 -0.874327 0.354539 -0.316271
399.500000 -125.007200 -94.474809 5.511176 -0.098030 0.874641 -0.352729 0.317768
399.600000 -124.798488 -94.659890 5.339734 0.099363 -0.874549 0.352374 -0.318000
399.700000 -124.593296 -94.842746 5.160268 -0.100397 0.874900 -0.350979 0.318251
399.800000 -124.382884 -95.030303 4.973811 0.101366 -0.874596 0.350779 -0.319000
399.900000 -124.172513 -95.213657 4.792489 -0.101904 0.873947 -0.351339 0.319988
400.000000 -124.017526 -95.377716 4.641454 0.101949 -0.873102 0.351659 -0.321923
400.100000 -123.760161 -95.565438 4.439901 -0.101476 0.872549 -0.352355 0.322812
400.200000 -123.546576 -95.749408 4.265192 0.101250 -0.872565 0.350929 -0.324389
400.300000 -123.370476 -95.910085 4.092764 -0.101534 0.872438 -0.349484 0.326197
400.400000 -123.149524 -96.138975 3.903738 0.102507 -0.872782 0.346323 -0.328335
400.500000 -122.966954 -96.284346 3.723077 -0.104724 0.873103 -0.343898 0.329331
400.600000 -122.731641 -96.497966 3.525332 0.104848 -0.873133 0.341566 -0.331628
400.700000 -122.499545 -96.695136 3.382414 -0.103755 0.872310 -0.343055 0.332602
400.800000 -122.314538 -96.872450 3.222656 0.101748 -0.869415 0.348280 -0.335360
400.900000 -122.054058 -97.102166 3.062727 -0.104359 0.867748 -0.352902 0.334040
401.000000 -121.794038 -97.267705 2.889108 0.107100 -0.867481 0.354333 -0.332346
401.100000 -121.633937 -97.466890 2.748749 -0.109875 0.868830 -0.347467 0.335153
401.200000 -121.413670 -97.637300 2.576671 0.112912 -0.869830 0.343355 -0.335788
401.300000 -121.195330 -97.804095 2.406624 -0.114299 0.869396 -0.341835 0.337987
401.400000 -120.988599 -97.966225 2.254330 0.115182 -0.868459 0.341568 -0.340359
401.500000 -120.762560 -98.136915 2.080295 -0.115540 0.867283 -0.341979 0.342815
401.600000 -120.536388 -98.307569 1.903177 0.117116 -0.866271 0.341819 -0.344991
401.700000 -120.326621 -98.479813 1.749130 -0.116540 0.865710 -0.339907 0.348464
401.800000 -120.101578 -98.636342 1.579118 0.118271 -0.864694 0.340109 -0.350202
401.900000 -119.902236 -98.785120 1.413842 -0.118662 0.863810 -0.338982 0.353330
402.000000 -119.212317 -99.286360 0.891568 -0.120468 0.862698 -0.338839 0.355568
402.100000 -118.566613 -99.768151 0.424197 -0.119706 0.861813 -0.337674 0.359061
402.200000 -117.898045 -100.231073 -0.049926 -0.121626 0.860528 -0.337914 0.361266
402.300000 -117.244421 -100.648167 -0.482881 -0.122037 0.859765 -0.337700 0.363139
402.400000 -116.578131 -101.072615 -0.911276 -0.123706 0.858717 -0.338162 0.364621
402.500000 -116.036640 -101.396628 -1.156788 -0.120631 0.858629 -0.336665 0.367235
402.600000 -115.399534 -101.704581 -1.499796 -0.123177 0.857472 -0.339574 0.366413
402.700000 -114.683289 -102.157178 -1.945837 -0.124586 0.856708 -0.339956 0.367368
402.800000 -113.976508 -102.650363 -2.443156 -0.124176 0.856061 -0.338291 0.370537
402.900000 -113.260555 -103.132166 -2.911813 -0.123815 0.855084 -0.338082 0.373099
403.000000 -112.559714 -103.561597 -3.373885 -0.122612 0.854229 -0.337952 0.375564
403.100000 -111.847463 -104.023931 -3.812054 -0.123743 0.853892 -0.336656 0.377119
403.200000 -111.140044 -104.471663 -4.242983 -0.123317 0.853818 -0.335116 0.378793
403.300000 -110.551681 -104.747031 -4.514358 -0.125219 0.853216 -0.336782 0.378049
403.400000 -109.955659 -104.982407 -4.751710 -0.127593 0.852888 -0.339375 0.375669
403.500000 -109.315737 -105.230285 -5.022736 -0.125642 0.853032 -0.341060 0.374471
403.600000 -108.632478 -105.517376 -5.352006 -0.124723 0.853336 -0.343005 0.372302
403.700000 -107.944090 -105.857154 -5.795418 -0.126326 0.851667 -0.346851 0.372021
403.800000 -107.198919 -106.214230 -6.136456 -0.124426 0.852687 -0.347341 0.369861
403.900000 -106.470960 -106.571601 -6.510320 -0.126538 0.851773 -0.350812 0.367970
404.000000 -105.712793 -106.933804 -6.882504 -0.126563 0.851582 -0.353744 0.365589
404.100000 -104.923803 -107.316655 -7.291057 -0.127786 0.851569 -0.356561 0.362443
404.200000 -104.073979 -107.736493 -7.718747 -0.127383 0.852007 -0.358934 0.359200
404.300000 -103.478359 -108.033867 -8.040758 -0.122088 0.852663 -0.358698 0.359717
404.400000 -103.013705 -108.270130 -8.294489 -0.123175 0.851550 -0.362929 0.357733
404.500000 -102.584479 -108.498838 -8.513162 -0.120457 0.852582 -0.362900 0.356228
404.600000 -102.168407 -108.734188 -8.721471 -0.120832 0.852956 -0.364006 0.354070
404.700000 -101.786398 -108.933507 -8.927856 0.120600 -0.852866 0.366224 -0.352071
404.800000 -102.404935 -108.545638 -8.285226 -0.120886 0.854267 -0.363452 0.351451
404.900000 -102.391829 -108.574757 -8.062672 -0.121494 0.855289 -0.362352 0.349887
405.000000 -102.150394 -108.830289 -7.670489 -0.123239 0.855671 -0.361870 0.348840
405.100000 -102.241261 -108.781883 -7.127256 -0.123955 0.856315 -0.362058 0.346806
405.200000 -101.425916 -109.579873 -7.910847 -0.104228 0.857328 -0.351751 0.361105
405.300000 -100.832405 -110.051257 -8.291071 -0.112398 0.855742 -0.354817 0.359413
405.400000 -100.370487 -110.476207 -8.684044 -0.111908 0.854374 -0.353803 0.363793
405.500000 -99.932384 -110.873459 -8.993760 -0.114403 0.853789 -0.351322 0.366783
405.600000 -99.497409 -111.219489 -9.342931 -0.116446 0.852059 -0.351274 0.370193
405.700000 -99.058341 -111.592457 -9.664436 -0.116114 0.851222 -0.348244 0.375053
405.800000 -98.687929 -111.902187 -9.968952 -0.117832 0.848624 -0.348441 0.380186
405.900000 -98.335274 -112.156713 -10.206741 0.117958 -0.847251 0.348132 -0.383480
406.000000 -97.908530 -112.613946 -10.552883 -0.122584 0.845818 -0.341451 0.391121
406.100000 -97.823736 -112.688783 -10.540360 -0.123062 0.846913 -0.339814 0.390026
406.200000 -96.112877 -114.030505 -11.777236 -0.126972 0.845203 -0.335691 0.396007
406.300000 -95.339859 -114.495069 -12.209236 -0.127428 0.844526 -0.334681 0.398154
406.400000 -94.555692 -114.947781 -12.645683 -0.129345 0.843031 -0.335778 0.399778
406.500000 -93.761726 -115.422928 -13.091637 -0.130674 0.841154 -0.337231 0.402068
406.600000 -92.984662 -115.829735 -13.446285 -0.130807 0.840172 -0.337119 0.404166
406.700000 -92.227172 -116.184542 -13.824495 -0.130678 0.838931 -0.337527 0.406440
406.800000 -91.397271 -116.579426 -14.212434 -0.129466 0.838622 -0.335458 0.409170
406.900000 -90.810405 -116.919430 -14.538349 -0.130746 0.838078 -0.333581 0.411406
407.000000 -90.297472 -117.220846 -14.835930 -0.133858 0.837147 -0.333646 0.412246
407.100000 -89.660142 -117.556800 -15.038171 -0.135579 0.837078 -0.331735 0.413365
407.200000 -89.051901 -117.820494 -15.262648 -0.136772 0.836246 -0.331978 0.414459
407.300000 -88.500226 -118.057952 -15.497110 -0.133110 0.835592 -0.329929 0.418586
407.400000 -87.906209 -118.285532 -15.664370 -0.129698 0.835807 -0.328013 0.420728
407.500000 -87.390500 -118.530306 -15.809155 -0.131044 0.835178 -0.327875 0.421668
407.600000 -87.015996 -118.679200 -15.957635 0.128022 -0.835292 0.325070 -0.424532
407.700000 -86.390792 -118.931621 -16.116036 -0.129088 0.835120 -0.324846 0.424718
407.800000 -85.883425 -119.161861 -16.269426 -0.133695 0.834499 -0.325158 0.424276
407.900000 -85.432640 -119.360256 -16.378933 -0.134178 0.834899 -0.323520 0.424587
408.000000 -85.128548 -119.516805 -16.480268 0.136611 -0.833745 0.325445 -0.424609
408.100000 -84.735855 -119.659710 -16.604978 -0.132907 0.833452 -0.325101 0.426619
408.200000 -84.362950 -119.825745 -16.700917 0.133392 -0.832861 0.326375 -0.426648
408.300000 -84.298884 -119.859592 -16.857026 -0.126809 0.832328 -0.323538 0.431825
408.400000 -83.975787 -120.007964 -16.959861 0.129019 -0.832631 0.321937 -0.431782
408.500000 -83.815496 -120.099774 -17.055334 -0.130115 0.832388 -0.319963 0.433387
408.600000 -83.629440 -120.220526 -17.140749 0.132437 -0.831691 0.319306 -0.434504
408.700000 -83.294914 -120.365849 -17.193554 -0.136646 0.831139 -0.321161 0.432888
408.800000 -83.064598 -120.459176 -17.268709 0.134809 -0.831476 0.319247 -0.434229
408.900000 -83.849786 -120.027777 -16.856597 -0.135676 0.832580 -0.321399 0.430240
409.000000 -83.247662 -120.352918 -17.155167 -0.137584 0.830776 -0.322449 0.432329
409.100000 -82.409770 -120.845977 -17.626733 -0.138222 0.827750 -0.323001 0.437487
409.200000 -81.715584 -121.130278 -18.032773 -0.139118 0.825245 -0.325317 0.440212
409.300000 -81.040199 -121.424281 -18.323488 -0.141960 0.824282 -0.325716 0.440812
409.400000 -80.413622 -121.730644 -18.533903 -0.141259 0.825665 -0.320632 0.442175
409.500000 -79.756687 -122.022150 -18.824221 -0.142030 0.825226 -0.319415 0.443625
409.600000 -79.082304 -122.337417 -19.127538 -0.140961 0.824582 -0.318311 0.445951
409.700000 -78.421667 -122.661304 -19.428707 -0.141257 0.823456 -0.318677 0.447673
409.800000 -77.772190 -122.949723 -19.703727 -0.140121 0.822418 -0.319977 0.449008
409.900000 -77.112822 -123.248399 -19.981965 -0.141489 0.821014 -0.322026 0.449685
410.000000 -76.418889 -123.567498 -20.269645 -0.142310 0.820413 -0.322425 0.450236
410.100000 -75.855754 -123.878765 -20.547944 -0.144943 0.819831 -0.321427 0.451169
410.200000 -75.230275 -124.186448 -20.818857 -0.146048 0.819595 -0.319976 0.452272
410.300000 -74.603601 -124.485846 -21.111747 -0.146784 0.818667 -0.320360 0.453441
410.400000 -73.983675 -124.783518 -21.383324 -0.146481 0.818004 -0.320242 0.454817
410.500000 -73.398709 -125.087007 -21.666350 -0.145357 0.816541 -0.319298 0.458454
410.600000 -72.800732 -125.380805 -21.945786 -0.145352 0.815557 -0.318674 0.460638
410.700000 -72.297457 -125.571878 -22.159456 -0.145456 0.815554 -0.317397 0.461490
410.800000 -71.790208 -125.775972 -22.363530 -0.145316 0.815943 -0.314907 0.462552
410.900000 -71.369000 -126.004449 -22.550003 -0.144749 0.815193 -0.313274 0.465153
411.000000 -70.954915 -126.177811 -22.729559 0.145394 -0.813536 0.315458 -0.466376
411.100000 -70.452481 -126.339780 -22.908494 -0.143124 0.813373 -0.315172 0.467554
411.200000 -70.009724 -126.477929 -23.035005 -0.142115 0.813763 -0.314529 0.467616
411.300000 -69.497067 -126.738150 -23.254175 -0.144530 0.812725 -0.314408 0.468761
411.400000 -69.157596 -126.818503 -23.354460 0.143015 -0.813837 0.313247 -0.468072
411.500000 -69.027353 -126.965555 -23.412179 -0.146246 0.814136 -0.311396 0.467791
411.600000 -68.940040 -126.956492 -23.439732 0.146376 -0.813742 0.314095 -0.466628
411.700000 -68.441299 -127.355597 -23.010826 -0.149366 0.814791 -0.309959 0.466617
411.800000 -66.853305 -127.842729 -23.831661 -0.158126 0.810367 -0.318731 0.465523
411.900000 -65.501264 -128.612620 -24.363436 -0.157577 0.809602 -0.316669 0.468438
412.000000 -63.740471 -129.319225 -24.977158 -0.161094 0.808134 -0.318192 0.468745
412.100000 -62.052026 -129.851787 -25.524051 -0.165052 0.807047 -0.319658 0.468243
412.200000 -61.339436 -130.231681 -25.748097 -0.174065 0.805118 -0.321198 0.467246
412.300000 -60.834576 -130.369248 -26.006722 -0.170785 0.804972 -0.317219 0.471407
412.400000 -60.234470 -130.567631 -26.242413 -0.165234 0.804655 -0.313083 0.476662
412.500000 -59.711389 -130.755482 -26.422651 -0.167734 0.802862 -0.314497 0.477881
412.600000 -59.313985 -130.900555 -26.569913 0.166431 -0.802024 0.313526 -0.480375
412.700000 -58.948755 -131.055259 -26.718369 -0.164811 0.801516 -0.311074 0.483366
412.800000 -58.630874 -131.198014 -26.847105 0.167780 -0.799403 0.312809 -0.484722
412.900000 -58.098809 -131.372547 -27.023496 -0.170150 0.797896 -0.314015 0.485598
413.000000 -57.708280 -131.501209 -27.163221 0.169922 -0.796767 0.313910 -0.487595
413.100000 -57.220559 -131.666103 -27.296563 -0.174141 0.796212 -0.314887 0.486382
413.200000 -56.755257 -131.813732 -27.438035 -0.175939 0.795559 -0.314588 0.486997
413.300000 -56.269208 -131.962835 -27.570056 -0.175303 0.795206 -0.313321 0.488617
413.400000 -55.922008 -132.097019 -27.579147 0.178257 -0.795186 0.314369 -0.486904
413.500000 -55.733491 -132.094933 -27.579625 -0.175934 0.796553 -0.312344 0.486817
413.600000 -55.447774 -132.158703 -27.581503 0.173319 -0.798815 0.308515 -0.486491
413.700000 -56.030656 -131.995440 -27.453571 -0.176220 0.798631 -0.311124 0.484084
413.800000 -56.895135 -131.692788 -27.127151 -0.175029 0.800606 -0.311792 0.480812
413.900000 -54.674876 -132.318191 -27.423491 -0.177015 0.799952 -0.313828 0.479849
414.000000 -53.541980 -132.565208 -27.506154 -0.175159 0.801253 -0.311869 0.479637
414.100000 -52.304631 -132.783783 -27.727282 -0.173252 0.802628 -0.308489 0.480216
414.200000 -51.290912 -133.037150 -27.857647 -0.174805 0.802890 -0.309166 0.478778
414.300000 -49.921288 -133.437950 -28.005202 -0.174882 0.803548 -0.308899 0.477816
414.400000 -48.783759 -133.721637 -28.145737 -0.177247 0.803279 -0.311159 0.475927
414.500000 -47.860300 -133.921166 -28.385215 -0.175078 0.803542 -0.310934 0.476432
414.600000 -46.833999 -134.095983 -28.648685 -0.169140 0.804237 -0.309067 0.478614
414.700000 -45.995135 -134.246191 -28.786309 -0.170874 0.804104 -0.313236 0.475502
414.800000 -45.308921 -134.403005 -28.942165 -0.165269 0.806599 -0.306619 0.477565
414.900000 -45.008815 -134.484903 -28.992630 0.165635 -0.807493 0.305989 -0.476331
415.000000 -43.942811 -134.667655 -29.131545 -0.161559 0.809810 -0.304773 0.474573
415.100000 -43.366536 -134.850658 -29.207448 -0.161882 0.810528 -0.304076 0.473684
415.200000 -42.865979 -134.973236 -29.271443 -0.161825 0.811946 -0.303479 0.471653
415.300000 -42.291528 -135.079215 -29.369695 -0.161263 0.813752 -0.302571 0.469312
415.400000 -41.809919 -135.146566 -29.443460 0.160451 -0.815719 0.302254 -0.466370
415.500000 -41.809106 -135.199736 -29.505537 -0.163303 0.814916 -0.300045 0.468206
415.600000 -41.824034 -135.221616 -29.383866 -0.163864 0.815415 -0.299822 0.467283
415.700000 -40.512782 -135.789893 -28.589614 -0.170671 0.816077 -0.297639 0.465082
415.800000 -37.128229 -136.790179 -30.311410 -0.185320 0.810294 -0.310077 0.461445
415.900000 -34.727600 -137.930260 -31.209460 -0.181993 0.811485 -0.303303 0.465164
416.000000 -32.231047 -138.945581 -32.349516 -0.183378 0.810214 -0.302153 0.467579
416.100000 -29.972081 -139.806569 -33.353898 -0.184379 0.808829 -0.301760 0.469830
416.200000 -27.779322 -140.635330 -34.229811 -0.185157 0.808639 -0.299226 0.471470
416.300000 -25.435151 -141.395585 -35.242889 -0.188304 0.806879 -0.300851 0.472204
416.400000 -23.277870 -142.220844 -36.081369 -0.189220 0.805975 -0.300259 0.473756
416.500000 -20.866057 -142.966829 -37.058659 -0.190451 0.805005 -0.300186 0.474956
416.600000 -18.525654 -143.793233 -37.951754 -0.190973 0.804278 -0.299038 0.476700
416.700000 -16.078906 -144.550581 -38.875919 -0.195094 0.800748 -0.304662 0.477411
416.800000 -14.233679 -145.227030 -39.675573 -0.192198 0.799634 -0.304077 0.480815
416.900000 -12.443541 -145.901325 -40.370295 -0.194495 0.798297 -0.305078 0.481479
417.000000 -12.717821 -146.143924 -40.398633 0.197658 -0.797991 0.304686 -0.480946
417.100000 -11.588740 -146.245742 -40.758486 -0.194978 0.795618 -0.296374 0.491058
417.200000 -12.106999 -146.287789 -40.455819 -0.196698 0.798179 -0.295887 0.486489
417.300000 -11.936907 -146.009118 -40.516817 0.210495 -0.790719 0.320336 -0.477327
417.400000 -12.869988 -146.245317 -40.373760 -0.196311 0.800106 -0.296067 0.483361
417.500000 -11.926983 -146.224459 -40.737265 -0.198759 0.800282 -0.293119 0.483864
417.600000 -11.086830 -146.401709 -40.731980 -0.198290 0.801352 -0.291121 0.483492
417.700000 -10.496929 -146.511392 -40.828522 -0.195999 0.802613 -0.285718 0.485553
417.800000 -10.023000 -146.580672 -40.909296 0.193959 -0.802779 0.284282 -0.486939
417.900000 -10.139797 -146.572592 -40.853583 0.196763 -0.802383 0.286950 -0.484898
418.000000 -8.909157 -146.732276 -41.063994 -0.194557 0.802983 -0.283172 0.487011
418.100000 -8.454275 -146.794533 -41.134764 0.194805 -0.803940 0.279529 -0.487437
418.200000 -8.442168 -146.890607 -40.872681 -0.202485 0.804009 -0.283674 0.481767
418.300000 -7.709679 -147.113239 -41.370178 -0.206602 0.799088 -0.291422 0.483577
418.400000 -6.818102 -147.546176 -41.779239 -0.207022 0.796060 -0.290434 0.488957
418.500000 -5.932687 -147.905440 -42.298031 -0.206762 0.792428 -0.290018 0.495174
418.600000 -4.985146 -148.286472 -42.757573 -0.206516 0.789811 -0.287264 0.501029
418.700000 -4.051621 -148.623802 -43.196076 -0.206252 0.787475 -0.284450 0.506390
418.800000 -3.247272 -148.969054 -43.613479 -0.204185 0.785801 -0.278210 0.513249
418.900000 -2.377734 -149.221816 -43.989226 -0.206409 0.782859 -0.278652 0.516604
419.000000 -1.539619 -149.516654 -44.333355 -0.206828 0.780436 -0.276380 0.521302
419.100000 -0.650229 -149.728554 -44.625558 -0.205465 0.778505 -0.274851 0.525520
419.200000 -0.046662 -149.926503 -44.861646 -0.205515 0.775752 -0.276079 0.528916
419.300000 0.586661 -150.083458 -45.033028 -0.206788 0.774228 -0.276567 0.530396
419.400000 1.179138 -150.236754 -45.215344 -0.209171 0.772446 -0.277921 0.531352
419.500000 1.809746 -150.396040 -45.401446 -0.211623 0.770879 -0.278421 0.532394
419.600000 2.433244 -150.548761 -45.571818 -0.213172 0.769213 -0.279480 0.533629
419.700000 3.039571 -150.681459 -45.714431 -0.215230 0.768047 -0.279656 0.534390
419.800000 3.750943 -150.821604 -45.871586 -0.216481 0.767194 -0.278475 0.535725
419.900000 4.449992 -150.915046 -46.041265 -0.216763 0.766619 -0.277094 0.537148
420.000000 5.180987 -151.017817 -46.195571 -0.217090 0.765316 -0.277296 0.538767
420.100000 5.848646 -151.111461 -46.346335 -0.216130 0.764632 -0.275950 0.540812
420.200000 6.558794 -151.195111 -46.511334 -0.216432 0.763600 -0.275217 0.542520
420.300000 7.285572 -151.288622 -46.661940 -0.216366 0.763074 -0.273314 0.544246
420.400000 7.985076 -151.378663 -46.822061 -0.215764 0.761406 -0.273994 0.546474
420.500000 8.599346 -151.479560 -46.969111 -0.214737 0.760041 -0.273645 0.548948
420.600000 9.184480 -151.574770 -47.109034 -0.214228 0.758634 -0.273378 0.551222
420.700000 9.767047 -151.677380 -47.247001 -0.215160 0.757482 -0.271531 0.553352
420.800000 10.401311 -151.758021 -47.385329 -0.216648 0.756466 -0.270538 0.554646
420.900000 10.893029 -151.842323 -47.487041 -0.217462 0.755805 -0.268590 0.556173
421.000000 11.344145 -151.890915 -47.578297 -0.219071 0.754034 -0.270848 0.556850
421.100000 11.873861 -151.978833 -47.695880 -0.221176 0.752040 -0.273305 0.557514
421.200000 12.394371 -152.039284 -47.790456 -0.221925 0.750548 -0.274907 0.558438
421.300000 12.850827 -152.103045 -47.884325 -0.223337 0.749333 -0.276055 0.558941
421.400000 13.190819 -152.161080 -47.951231 -0.223399 0.749154 -0.275052 0.559649
421.500000 13.582016 -152.223290 -48.026173 -0.223479 0.749064 -0.274208 0.560151
421.600000 13.983719 -152.276279 -48.094229 -0.221979 0.749535 -0.271445 0.561462
421.700000 14.350432 -152.332599 -48.170330 -0.222897 0.748980 -0.271698 0.561717
421.800000 14.686689 -152.384088 -48.239148 -0.224733 0.748356 -0.271960 0.561690
421.900000 15.052201 -152.434025 -48.316919 -0.224445 0.747947 -0.271954 0.562353
422.000000 15.419364 -152.475311 -48.383975 -0.224502 0.747172 -0.274236 0.562252
422.100000 15.775803 -152.531723 -48.459330 -0.225844 0.746477 -0.274607 0.562457
422.200000 16.139022 -152.580591 -48.534051 -0.226631 0.747006 -0.272334 0.562543
422.300000 16.493767 -152.631470 -48.607312 -0.228490 0.747160 -0.271921 0.561786
422.400000 16.815513 -152.678434 -48.679938 -0.229928 0.747240 -0.271670 0.561214
422.500000 17.157171 -152.731010 -48.743260 -0.230630 0.747687 -0.272015 0.560162
422.600000 17.504134 -152.772939 -48.817677 -0.226688 0.748443 -0.271473 0.561025
422.700000 17.847184 -152.817693 -48.885331 -0.222087 0.749622 -0.270364 0.561825
422.800000 18.193511 -152.861801 -48.949550 -0.217630 0.751284 -0.268197 0.562388
422.900000 18.531885 -152.907254 -49.015160 -0.213783 0.753026 -0.264413 0.563325
423.000000 18.854461 -152.953157 -49.086304 -0.211197 0.753939 -0.264014 0.563266
423.100000 19.166170 -152.991819 -49.146491 -0.208710 0.754844 -0.264139 0.562923
423.200000 19.454811 -153.031350 -49.211686 -0.209939 0.754681 -0.265700 0.561948
423.300000 19.738809 -153.062610 -49.260064 -0.211979 0.755382 -0.267117 0.559564
423.400000 19.258947 -153.004470 -49.167216 -0.213776 0.755073 -0.269204 0.558296
423.500000 19.815396 -153.069505 -49.274703 -0.221082 0.752504 -0.278721 0.554234
423.600000 19.686061 -153.057552 -49.245451 -0.222036 0.752539 -0.279746 0.553288
423.700000 20.485142 -153.158266 -49.396279 -0.218383 0.753136 -0.279170 0.554219
423.800000 20.453458 -153.159741 -49.398134 -0.212329 0.754137 -0.276694 0.556448
423.900000 20.603138 -153.184188 -49.421308 -0.210209 0.754801 -0.275774 0.556809
424.000000 20.709150 -153.225663 -49.448634 -0.213152 0.753999 -0.276672 0.556332
424.100000 20.878849 -153.242808 -49.475170 -0.210821 0.755662 -0.273681 0.556442
424.200000 21.004768 -153.274570 -49.517236 -0.210470 0.755405 -0.271770 0.557858
424.300000 21.030206 -153.263057 -49.499395 -0.216630 0.754092 -0.277785 0.554303
424.400000 21.249606 -153.307695 -49.559227 -0.211400 0.754551 -0.274256 0.557446
424.500000 21.353408 -153.323971 -49.563127 -0.217603 0.753121 -0.278681 0.554792
424.600000 21.470036 -153.340275 -49.595769 -0.214229 0.754339 -0.275090 0.556241
424.700000 21.560404 -153.359472 -49.616771 -0.216851 0.754412 -0.274732 0.555301
424.800000 21.669099 -153.375063 -49.637351 -0.219397 0.753835 -0.276698 0.554108
424.900000 21.697848 -153.383676 -49.638522 -0.219845 0.753922 -0.276855 0.553735
425.000000 21.873209 -153.404828 -49.677556 -0.219277 0.753399 -0.278905 0.553641
425.100000 21.869140 -153.408967 -49.676914 -0.213766 0.755218 -0.273758 0.555883
425.200000 22.050739 -153.448736 -49.725294 -0.212786 0.754776 -0.273168 0.557149
425.300000 22.150458 -153.467526 -49.727242 -0.216475 0.754937 -0.274916 0.554644
425.400000 22.223254 -153.479947 -49.752375 -0.214385 0.755758 -0.272666 0.555448
425.500000 22.429269 -153.494519 -49.793526 -0.215812 0.754994 -0.276561 0.554006
425.600000 22.463053 -153.524882 -49.791178 -0.217993 0.754350 -0.278046 0.553286
425.700000 22.712979 -153.575378 -49.861999 -0.216230 0.753199 -0.278801 0.555162
425.800000 22.732851 -153.550131 -49.840108 -0.223650 0.752235 -0.287200 0.549217
425.900000 22.693875 -153.559031 -49.831851 -0.223503 0.753026 -0.285175 0.549248
426.000000 22.886408 -153.578033 -49.848350 -0.228200 0.752897 -0.289575 0.545176
426.100000 23.159240 -153.657872 -49.914667 -0.229714 0.752349 -0.287567 0.546358
426.200000 23.194887 -153.652593 -49.934166 -0.234256 0.751373 -0.291598 0.543630
426.300000 23.402117 -153.687466 -49.985017 -0.224951 0.754679 -0.281434 0.548317
426.400000 23.496336 -153.724274 -50.015331 -0.234790 0.752235 -0.288412 0.543906
426.500000 23.556648 -153.728783 -50.011469 -0.230683 0.753624 -0.284537 0.545780
426.600000 24.128634 -153.875160 -50.028952 -0.248796 0.750657 -0.299261 0.533908
426.700000 24.220880 -153.881951 -50.012498 -0.251292 0.750360 -0.301967 0.531627
426.800000 25.091103 -154.068273 -50.219635 -0.248530 0.751153 -0.299413 0.533248
426.900000 25.664862 -154.140755 -50.341164 -0.249596 0.750771 -0.300727 0.532548
427.000000 26.195685 -154.239247 -50.449547 -0.249804 0.751458 -0.300069 0.531853
427.100000 26.136125 -154.248866 -50.397391 -0.257290 0.750542 -0.304205 0.527207
427.200000 26.615406 -154.325749 -50.479676 -0.261615 0.749914 -0.307621 0.523981
427.300000 26.673348 -154.374876 -50.470000 -0.261166 0.750457 -0.306929 0.523832
427.400000 27.023855 -154.409952 -50.499133 -0.268045 0.748445 -0.315060 0.518381
427.500000 27.209479 -154.469075 -50.508773 -0.264827 0.749818 -0.311758 0.520045
427.600000 27.424744 -154.516657 -50.532198 -0.269591 0.748600 -0.316994 0.516172
427.700000 27.625121 -154.575419 -50.569615 -0.274593 0.746511 -0.322032 0.513435
427.800000 27.729431 -154.579278 -50.588336 -0.284265 0.744191 -0.330159 0.506329
427.900000 27.895087 -154.626774 -50.609323 -0.286728 0.745628 -0.327340 0.504652
428.000000 28.057246 -154.654874 -50.602461 -0.269490 0.754214 -0.306615 0.514318
428.100000 28.243626 -154.711407 -50.672403 -0.299528 0.742475 -0.336952 0.495457
428.200000 28.336415 -154.764402 -50.678616 0.304477 -0.740497 0.342331 -0.491698
428.300000 28.649616 -154.795830 -50.719662 0.314074 -0.736295 0.353754 -0.483824
428.400000 29.599175 -154.986782 -50.722549 -0.276606 0.754195 -0.312867 0.506748
428.500000 29.315597 -154.938220 -50.722033 0.288513 -0.751174 0.322058 -0.498776
428.600000 29.844473 -155.046815 -50.739110 -0.281358 0.756107 -0.311767 0.501937
428.700000 30.076019 -155.099404 -50.792242 -0.283863 0.755513 -0.313800 0.500151
428.800000 30.568255 -155.204823 -50.766601 -0.277457 0.758665 -0.308871 0.502039
428.900000 30.567937 -155.203982 -50.773295 -0.276213 0.758649 -0.310117 0.501982
429.000000 31.080443 -155.320436 -50.824209 -0.278337 0.758700 -0.311004 0.500179
429.100000 31.200957 -155.344357 -50.838565 0.288483 -0.757056 0.318285 -0.492279
429.200000 31.459489 -155.382231 -50.878585 0.295207 -0.756133 0.323695 -0.486146
429.300000 31.583870 -155.392806 -50.874270 -0.272109 0.766241 -0.300112 0.498762
429.400000 31.642762 -155.397186 -50.891964 0.272487 -0.766266 0.302712 -0.496944
429.500000 31.983996 -155.505225 -50.915113 0.272381 -0.767786 0.299613 -0.496533
429.600000 31.924850 -155.477487 -50.899701 0.273058 -0.769492 0.299611 -0.493513
429.700000 32.044029 -155.502330 -50.949390 0.273378 -0.769373 0.299106 -0.493827
429.800000 32.523264 -155.606509 -51.142357 -0.278891 0.766694 -0.304267 0.491754
429.900000 32.789598 -155.634947 -51.187360 0.277611 -0.769423 0.300336 -0.490631
430.000000 33.085923 -155.663969 -51.235100 -0.276810 0.770847 -0.300191 0.488935
430.100000 33.244086 -155.705884 -51.283590 0.278297 -0.770137 0.302867 -0.487557
430.200000 33.555909 -155.769083 -51.313552 0.284876 -0.769081 0.309268 -0.481366
430.300000 33.735437 -155.771716 -51.349449 -0.283114 0.771326 -0.307098 0.480201
430.400000 33.931544 -155.803247 -51.398260 0.283074 -0.772546 0.306002 -0.478962
430.500000 33.541201 -155.763691 -51.285142 0.270160 -0.781127 0.284681 -0.485604
430.600000 34.666835 -155.972173 -51.653283 -0.285954 0.772415 -0.306624 0.477060
430.700000 35.087910 -156.030959 -51.742025 0.285069 -0.773717 0.305699 -0.476073
430.800000 35.369415 -156.096326 -51.838084 -0.287603 0.773236 -0.308002 0.473842
430.900000 35.804074 -156.189601 -51.905570 0.294123 -0.771957 0.313677 -0.468167
431.000000 35.164242 -156.050885 -52.113750 -0.287290 0.773978 -0.307383 0.473222
431.100000 35.369415 -156.096326 -51.838084 -0.287603 0.773236 -0.308002 0.473842
431.200000 -0.000000 -0.000000 -0.000000 -0.000000 -0.000000 -0.000000 1.000000
431.300000 -0.000000 -0.000000 -0.000000 -0.000000 -0.000000 -0.000000 1.000000
431.400000 -0.000000 -0.000000 -0.000000 -0.000000 -0.000000 -0.000000 1.000000
431.500000 -0.000000 -0.000000 -0.000000 -0.000000 -0.000000 -0.000000 1.000000
431.600000 -0.000000 -0.000000 -0.000000 -0.000000 -0.000000 -0.000000 1.000000
431.700000 -0.000000 -0.000000 -0.000000 -0.000000 -0.000000 -0.000000 1.000000
431.800000 -0.000000 -0.000000 -0.000000 -0.000000 -0.000000 -0.000000 1.000000
431.900000 -0.000000 -0.000000 -0.000000 -0.000000 -0.000000 -0.000000 1.000000
432.000000 -0.000000 -0.000000 -0.000000 -0.000000 -0.000000 -0.000000 1.000000
432.100000 -0.000000 -0.000000 -0.000000 -0.000000 -0.000000 -0.000000 1.000000
432.200000 -0.000000 -0.000000 -0.000000 -0.000000 -0.000000 -0.000000 1.000000
432.300000 -0.000000 -0.000000 -0.000000 -0.000000 -0.000000 -0.000000 1.000000
432.400000 -0.000000 -0.000000 -0.000000 -0.000000 -0.000000 -0.000000 1.000000
432.500000 -0.000000 -0.000000 -0.000000 -0.000000 -0.000000 -0.000000 1.000000
432.600000 -0.000000 -0.000000 -0.000000 -0.000000 -0.000000 -0.000000 1.000000
432.700000 -0.000000 -0.000000 -0.000000 -0.000000 -0.000000 -0.000000 1.000000
432.800000 -0.000000 -0.000000 -0.000000 -0.000000 -0.000000 -0.000000 1.000000
432.900000 -0.000000 -0.000000 -0.000000 -0.000000 -0.000000 -0.000000 1.000000
433.000000 -0.000000 -0.000000 -0.000000 -0.000000 -0.000000 -0.000000 1.000000
433.100000 -0.000000 -0.000000 -0.000000 -0.000000 -0.000000 -0.000000 1.000000
433.200000 -0.000000 -0.000000 -0.000000 -0.000000 -0.000000 -0.000000 1.000000
433.300000 -0.000000 -0.000000 -0.000000 -0.000000 -0.000000 -0.000000 1.000000
433.400000 -0.000000 -0.000000 -0.000000 -0.000000 -0.000000 -0.000000 1.000000
433.500000 -0.000000 -0.000000 -0.000000 -0.000000 -0.000000 -0.000000 1.000000
433.600000 -0.000000 -0.000000 -0.000000 -0.000000 -0.000000 -0.000000 1.000000
433.700000 -0.000000 -0.000000 -0.000000 -0.000000 -0.000000 -0.000000 1.000000
433.800000 -0.000000 -0.000000 -0.000000 -0.000000 -0.000000 -0.000000 1.000000
433.900000 -0.000000 -0.000000 -0.000000 -0.000000 -0.000000 -0.000000 1.000000
434.000000 -0.000000 -0.000000 -0.000000 -0.000000 -0.000000 -0.000000 1.000000
434.100000 -0.000000 -0.000000 -0.000000 -0.000000 -0.000000 -0.000000 1.000000
434.200000 -0.000000 -0.000000 -0.000000 -0.000000 -0.000000 -0.000000 1.000000
434.300000 -0.000000 -0.000000 -0.000000 -0.000000 -0.000000 -0.000000 1.000000
434.400000 -0.000000 -0.000000 -0.000000 -0.000000 -0.000000 -0.000000 1.000000
434.500000 -0.000000 -0.000000 -0.000000 -0.000000 -0.000000 -0.000000 1.000000
434.600000 -0.000000 -0.000000 -0.000000 -0.000000 -0.000000 -0.000000 1.000000
434.700000 -0.000000 -0.000000 -0.000000 -0.000000 -0.000000 -0.000000 1.000000
434.800000 -0.000000 -0.000000 -0.000000 -0.000000 -0.000000 -0.000000 1.000000
434.900000 -0.000000 -0.000000 -0.000000 -0.000000 -0.000000 -0.000000 1.000000
435.000000 -0.000000 -0.000000 -0.000000 -0.000000 -0.000000 -0.000000 1.000000
435.100000 -0.000000 -0.000000 -0.000000 -0.000000 -0.000000 -0.000000 1.000000
435.200000 -0.000000 -0.000000 -0.000000 -0.000000 -0.000000 -0.000000 1.000000
435.300000 -0.000000 -0.000000 -0.000000 -0.000000 -0.000000 -0.000000 1.000000
435.400000 -0.000000 -0.000000 -0.000000 -0.000000 -0.000000 -0.000000 1.000000
435.500000 -0.000000 -0.000000 -0.000000 -0.000000 -0.000000 -0.000000 1.000000
435.600000 -0.000000 -0.000000 -0.000000 -0.000000 -0.000000 -0.000000 1.000000
435.700000 -0.000000 -0.000000 -0.000000 -0.000000 -0.000000 -0.000000 1.000000
435.800000 -0.000000 -0.000000 -0.000000 -0.000000 -0.000000 -0.000000 1.000000
435.900000 -0.000000 -0.000000 -0.000000 -0.000000 -0.000000 -0.000000 1.000000
436.000000 -0.000000 -0.000000 -0.000000 -0.000000 -0.000000 -0.000000 1.000000
436.100000 -0.000000 -0.000000 -0.000000 -0.000000 -0.000000 -0.000000 1.000000
436.200000 -0.000000 -0.000000 -0.000000 -0.000000 -0.000000 -0.000000 1.000000
436.300000 -0.000000 -0.000000 -0.000000 -0.000000 -0.000000 -0.000000 1.000000
436.400000 -0.000000 -0.000000 -0.000000 -0.000000 -0.000000 -0.000000 1.000000
436.500000 -0.000000 -0.000000 -0.000000 -0.000000 -0.000000 -0.000000 1.000000
436.600000 -0.000000 -0.000000 -0.000000 -0.000000 -0.000000 -0.000000 1.000000
436.700000 -0.000000 -0.000000 -0.000000 -0.000000 -0.000000 -0.000000 1.000000
436.800000 -0.000000 -0.000000 -0.000000 -0.000000 -0.000000 -0.000000 1.000000
436.900000 -0.000000 -0.000000 -0.000000 -0.000000 -0.000000 -0.000000 1.000000
437.000000 -0.000000 -0.000000 -0.000000 -0.000000 -0.000000 -0.000000 1.000000
437.100000 -0.000000 -0.000000 -0.000000 -0.000000 -0.000000 -0.000000 1.000000
437.200000 -0.000000 -0.000000 -0.000000 -0.000000 -0.000000 -0.000000 1.000000
437.300000 -0.000000 -0.000000 -0.000000 -0.000000 -0.000000 -0.000000 1.000000
437.400000 -0.000000 -0.000000 -0.000000 -0.000000 -0.000000 -0.000000 1.000000
437.500000 -0.000000 -0.000000 -0.000000 -0.000000 -0.000000 -0.000000 1.000000
437.600000 -0.000000 -0.000000 -0.000000 -0.000000 -0.000000 -0.000000 1.000000
437.700000 -0.000000 -0.000000 -0.000000 -0.000000 -0.000000 -0.000000 1.000000
437.800000 -0.000000 -0.000000 -0.000000 -0.000000 -0.000000 -0.000000 1.000000
437.900000 -0.000000 -0.000000 -0.000000 -0.000000 -0.000000 -0.000000 1.000000
438.000000 -0.000000 -0.000000 -0.000000 -0.000000 -0.000000 -0.000000 1.000000
438.100000 -0.000000 -0.000000 -0.000000 -0.000000 -0.000000 -0.000000 1.000000
438.200000 -0.000000 -0.000000 -0.000000 -0.000000 -0.000000 -0.000000 1.000000
438.300000 -0.000000 -0.000000 -0.000000 -0.000000 -0.000000 -0.000000 1.000000
438.400000 -0.000000 -0.000000 -0.000000 -0.000000 -0.000000 -0.000000 1.000000
438.500000 -0.000000 -0.000000 -0.000000 -0.000000 -0.000000 -0.000000 1.000000
438.600000 -0.000000 -0.000000 -0.000000 -0.000000 -0.000000 -0.000000 1.000000
438.700000 -0.000000 -0.000000 -0.000000 -0.000000 -0.000000 -0.000000 1.000000
438.800000 -0.000000 -0.000000 -0.000000 -0.000000 -0.000000 -0.000000 1.000000
438.900000 -0.000000 -0.000000 -0.000000 -0.000000 -0.000000 -0.000000 1.000000
439.000000 -0.000000 -0.000000 -0.000000 -0.000000 -0.000000 -0.000000 1.000000
439.100000 -0.000000 -0.000000 -0.000000 -0.000000 -0.000000 -0.000000 1.000000
439.200000 -0.000000 -0.000000 -0.000000 -0.000000 -0.000000 -0.000000 1.000000
439.300000 -0.000000 -0.000000 -0.000000 -0.000000 -0.000000 -0.000000 1.000000
439.400000 -0.000000 -0.000000 -0.000000 -0.000000 -0.000000 -0.000000 1.000000
439.500000 -0.000000 -0.000000 -0.000000 -0.000000 -0.000000 -0.000000 1.000000
439.600000 -0.000000 -0.000000 -0.000000 -0.000000 -0.000000 -0.000000 1.000000
439.700000 -0.000000 -0.000000 -0.000000 -0.000000 -0.000000 -0.000000 1.000000
439.800000 -0.000000 -0.000000 -0.000000 -0.000000 -0.000000 -0.000000 1.000000
439.900000 -0.000000 -0.000000 -0.000000 -0.000000 -0.000000 -0.000000 1.000000
440.000000 -0.000000 -0.000000 -0.000000 -0.000000 -0.000000 -0.000000 1.000000
440.100000 -0.000000 -0.000000 -0.000000 -0.000000 -0.000000 -0.000000 1.000000
440.200000 -0.000000 -0.000000 -0.000000 -0.000000 -0.000000 -0.000000 1.000000
440.300000 -0.000000 -0.000000 -0.000000 -0.000000 -0.000000 -0.000000 1.000000
440.400000 -0.000000 -0.000000 -0.000000 -0.000000 -0.000000 -0.000000 1.000000
440.500000 -0.000000 -0.000000 -0.000000 -0.000000 -0.000000 -0.000000 1.000000
440.600000 -0.000000 -0.000000 -0.000000 -0.000000 -0.000000 -0.000000 1.000000
440.700000 -0.000000 -0.000000 -0.000000 -0.000000 -0.000000 -0.000000 1.000000
440.800000 -0.000000 -0.000000 -0.000000 -0.000000 -0.000000 -0.000000 1.000000
440.900000 -0.000000 -0.000000 -0.000000 -0.000000 -0.000000 -0.000000 1.000000
441.000000 -0.000000 -0.000000 -0.000000 -0.000000 -0.000000 -0.000000 1.000000
441.100000 -0.000000 -0.000000 -0.000000 -0.000000 -0.000000 -0.000000 1.000000
441.200000 -0.000000 -0.000000 -0.000000 -0.000000 -0.000000 -0.000000 1.000000
441.300000 -0.000000 -0.000000 -0.000000 -0.000000 -0.000000 -0.000000 1.000000
441.400000 -0.000000 -0.000000 -0.000000 -0.000000 -0.000000 -0.000000 1.000000
441.500000 -0.000000 -0.000000 -0.000000 -0.000000 -0.000000 -0.000000 1.000000
441.600000 -0.000000 -0.000000 -0.000000 -0.000000 -0.000000 -0.000000 1.000000
441.700000 -0.000000 -0.000000 -0.000000 -0.000000 -0.000000 -0.000000 1.000000
441.800000 -0.000000 -0.000000 -0.000000 -0.000000 -0.000000 -0.000000 1.000000
441.900000 -0.000000 -0.000000 -0.000000 -0.000000 -0.000000 -0.000000 1.000000
442.000000 -0.000000 -0.000000 -0.000000 -0.000000 -0.000000 -0.000000 1.000000
442.100000 -0.000000 -0.000000 -0.000000 -0.000000 -0.000000 -0.000000 1.000000
442.200000 -0.000000 -0.000000 -0.000000 -0.000000 -0.000000 -0.000000 1.000000
442.300000 -0.000000 -0.000000 -0.000000 -0.000000 -0.000000 -0.000000 1.000000
442.400000 -0.000000 -0.000000 -0.000000 -0.000000 -0.000000 -0.000000 1.000000
442.500000 -0.000000 -0.000000 -0.000000 -0.000000 -0.000000 -0.000000 1.000000
442.600000 -0.000000 -0.000000 -0.000000 -0.000000 -0.000000 -0.000000 1.000000
442.700000 -0.000000 -0.000000 -0.000000 -0.000000 -0.000000 -0.000000 1.000000
442.800000 -0.000000 -0.000000 -0.000000 -0.000000 -0.000000 -0.000000 1.000000
442.900000 -0.000000 -0.000000 -0.000000 -0.000000 -0.000000 -0.000000 1.000000
443.000000 -0.000000 -0.000000 -0.000000 -0.000000 -0.000000 -0.000000 1.000000
443.100000 -0.000000 -0.000000 -0.000000 -0.000000 -0.000000 -0.000000 1.000000
443.200000 -0.000000 -0.000000 -0.000000 -0.000000 -0.000000 -0.000000 1.000000
443.300000 -0.000000 -0.000000 -0.000000 -0.000000 -0.000000 -0.000000 1.000000
443.400000 -0.000000 -0.000000 -0.000000 -0.000000 -0.000000 -0.000000 1.000000
443.500000 -0.000000 -0.000000 -0.000000 -0.000000 -0.000000 -0.000000 1.000000
443.600000 -0.000000 -0.000000 -0.000000 -0.000000 -0.000000 -0.000000 1.000000
443.700000 -0.000000 -0.000000 -0.000000 -0.000000 -0.000000 -0.000000 1.000000
443.800000 -0.000000 -0.000000 -0.000000 -0.000000 -0.000000 -0.000000 1.000000
443.900000 -0.000000 -0.000000 -0.000000 -0.000000 -0.000000 -0.000000 1.000000
444.000000 -0.000000 -0.000000 -0.000000 -0.000000 -0.000000 -0.000000 1.000000
444.100000 -0.000000 -0.000000 -0.000000 -0.000000 -0.000000 -0.000000 1.000000
444.200000 -0.000000 -0.000000 -0.000000 -0.000000 -0.000000 -0.000000 1.000000
444.300000 -0.000000 -0.000000 -0.000000 -0.000000 -0.000000 -0.000000 1.000000
444.400000 -0.000000 -0.000000 -0.000000 -0.000000 -0.000000 -0.000000 1.000000
444.500000 -0.000000 -0.000000 -0.000000 -0.000000 -0.000000 -0.000000 1.000000
444.600000 -0.000000 -0.000000 -0.000000 -0.000000 -0.000000 -0.000000 1.000000
444.700000 -0.000000 -0.000000 -0.000000 -0.000000 -0.000000 -0.000000 1.000000
444.800000 -0.000000 -0.000000 -0.000000 -0.000000 -0.000000 -0.000000 1.000000
444.900000 -0.000000 -0.000000 -0.000000 -0.000000 -0.000000 -0.000000 1.000000
445.000000 -0.000000 -0.000000 -0.000000 -0.000000 -0.000000 -0.000000 1.000000
445.100000 -0.000000 -0.000000 -0.000000 -0.000000 -0.000000 -0.000000 1.000000
445.200000 -0.000000 -0.000000 -0.000000 -0.000000 -0.000000 -0.000000 1.000000
445.300000 -0.000000 -0.000000 -0.000000 -0.000000 -0.000000 -0.000000 1.000000
445.400000 -0.000000 -0.000000 -0.000000 -0.000000 -0.000000 -0.000000 1.000000
445.500000 -0.000000 -0.000000 -0.000000 -0.000000 -0.000000 -0.000000 1.000000
445.600000 -0.000000 -0.000000 -0.000000 -0.000000 -0.000000 -0.000000 1.000000
445.700000 -0.000000 -0.000000 -0.000000 -0.000000 -0.000000 -0.000000 1.000000
445.800000 -0.000000 -0.000000 -0.000000 -0.000000 -0.000000 -0.000000 1.000000
445.900000 -0.000000 -0.000000 -0.000000 -0.000000 -0.000000 -0.000000 1.000000
446.000000 -0.000000 -0.000000 -0.000000 -0.000000 -0.000000 -0.000000 1.000000
446.100000 -0.000000 -0.000000 -0.000000 -0.000000 -0.000000 -0.000000 1.000000
446.200000 -0.000000 -0.000000 -0.000000 -0.000000 -0.000000 -0.000000 1.000000
446.300000 -0.000000 -0.000000 -0.000000 -0.000000 -0.000000 -0.000000 1.000000
446.400000 -0.000000 -0.000000 -0.000000 -0.000000 -0.000000 -0.000000 1.000000
446.500000 -0.000000 -0.000000 -0.000000 -0.000000 -0.000000 -0.000000 1.000000
446.600000 -0.000000 -0.000000 -0.000000 -0.000000 -0.000000 -0.000000 1.000000
446.700000 -0.000000 -0.000000 -0.000000 -0.000000 -0.000000 -0.000000 1.000000
446.800000 -0.000000 -0.000000 -0.000000 -0.000000 -0.000000 -0.000000 1.000000
446.900000 -0.000000 -0.000000 -0.000000 -0.000000 -0.000000 -0.000000 1.000000
447.000000 -0.000000 -0.000000 -0.000000 -0.000000 -0.000000 -0.000000 1.000000
447.100000 -0.000000 -0.000000 -0.000000 -0.000000 -0.000000 -0.000000 1.000000
447.200000 -0.000000 -0.000000 -0.000000 -0.000000 -0.000000 -0.000000 1.000000
447.300000 -0.000000 -0.000000 -0.000000 -0.000000 -0.000000 -0.000000 1.000000
447.400000 -0.000000 -0.000000 -0.000000 -0.000000 -0.000000 -0.000000 1.000000
447.500000 -0.000000 -0.000000 -0.000000 -0.000000 -0.000000 -0.000000 1.000000
447.600000 -0.000000 -0.000000 -0.000000 -0.000000 -0.000000 -0.000000 1.000000
447.700000 -0.000000 -0.000000 -0.000000 -0.000000 -0.000000 -0.000000 1.000000
447.800000 -0.000000 -0.000000 -0.000000 -0.000000 -0.000000 -0.000000 1.000000
447.900000 -0.000000 -0.000000 -0.000000 -0.000000 -0.000000 -0.000000 1.000000
448.000000 -0.000000 -0.000000 -0.000000 -0.000000 -0.000000 -0.000000 1.000000
448.100000 -0.000000 -0.000000 -0.000000 -0.000000 -0.000000 -0.000000 1.000000
448.200000 -0.000000 -0.000000 -0.000000 -0.000000 -0.000000 -0.000000 1.000000
448.300000 -0.000000 -0.000000 -0.000000 -0.000000 -0.000000 -0.000000 1.000000
448.400000 -0.000000 -0.000000 -0.000000 -0.000000 -0.000000 -0.000000 1.000000
448.500000 -0.000000 -0.000000 -0.000000 -0.000000 -0.000000 -0.000000 1.000000
448.600000 -0.000000 -0.000000 -0.000000 -0.000000 -0.000000 -0.000000 1.000000
448.700000 -0.000000 -0.000000 -0.000000 -0.000000 -0.000000 -0.000000 1.000000
448.800000 -0.000000 -0.000000 -0.000000 -0.000000 -0.000000 -0.000000 1.000000
448.900000 -0.000000 -0.000000 -0.000000 -0.000000 -0.000000 -0.000000 1.000000
449.000000 -0.000000 -0.000000 -0.000000 -0.000000 -0.000000 -0.000000 1.000000
449.100000 -0.000000 -0.000000 -0.000000 -0.000000 -0.000000 -0.000000 1.000000
449.200000 -0.000000 -0.000000 -0.000000 -0.000000 -0.000000 -0.000000 1.000000
449.300000 -0.000000 -0.000000 -0.000000 -0.000000 -0.000000 -0.000000 1.000000
449.400000 -0.000000 -0.000000 -0.000000 -0.000000 -0.000000 -0.000000 1.000000
449.500000 -0.000000 -0.000000 -0.000000 -0.000000 -0.000000 -0.000000 1.000000
449.600000 -0.000000 -0.000000 -0.000000 -0.000000 -0.000000 -0.000000 1.000000
449.700000 -0.000000 -0.000000 -0.000000 -0.000000 -0.000000 -0.000000 1.000000
449.800000 -0.000000 -0.000000 -0.000000 -0.000000 -0.000000 -0.000000 1.000000
449.900000 -0.000000 -0.000000 -0.000000 -0.000000 -0.000000 -0.000000 1.000000
450.000000 -0.000000 -0.000000 -0.000000 -0.000000 -0.000000 -0.000000 1.000000
450.100000 -0.000000 -0.000000 -0.000000 -0.000000 -0.000000 -0.000000 1.000000
450.200000 -0.000000 -0.000000 -0.000000 -0.000000 -0.000000 -0.000000 1.000000
450.300000 -0.000000 -0.000000 -0.000000 -0.000000 -0.000000 -0.000000 1.000000
450.400000 -0.000000 -0.000000 -0.000000 -0.000000 -0.000000 -0.000000 1.000000
450.500000 -0.000000 -0.000000 -0.000000 -0.000000 -0.000000 -0.000000 1.000000
450.600000 -0.000000 -0.000000 -0.000000 -0.000000 -0.000000 -0.000000 1.000000
450.700000 -0.000000 -0.000000 -0.000000 -0.000000 -0.000000 -0.000000 1.000000
450.800000 -0.000000 -0.000000 -0.000000 -0.000000 -0.000000 -0.000000 1.000000
450.900000 -0.000000 -0.000000 -0.000000 -0.000000 -0.000000 -0.000000 1.000000
451.000000 -0.000000 -0.000000 -0.000000 -0.000000 -0.000000 -0.000000 1.000000
451.100000 -0.000000 -0.000000 -0.000000 -0.000000 -0.000000 -0.000000 1.000000
451.200000 -0.000000 -0.000000 -0.000000 -0.000000 -0.000000 -0.000000 1.000000
451.300000 -0.000000 -0.000000 -0.000000 -0.000000 -0.000000 -0.000000 1.000000
451.400000 -0.000000 -0.000000 -0.000000 -0.000000 -0.000000 -0.000000 1.000000
451.500000 -0.000000 -0.000000 -0.000000 -0.000000 -0.000000 -0.000000 1.000000
451.600000 -0.000000 -0.000000 -0.000000 -0.000000 -0.000000 -0.000000 1.000000
451.700000 -0.000000 -0.000000 -0.000000 -0.000000 -0.000000 -0.000000 1.000000
451.800000 -0.000000 -0.000000 -0.000000 -0.000000 -0.000000 -0.000000 1.000000
451.900000 -0.000000 -0.000000 -0.000000 -0.000000 -0.000000 -0.000000 1.000000
452.000000 -0.000000 -0.000000 -0.000000 -0.000000 -0.000000 -0.000000 1.000000
452.100000 -0.000000 -0.000000 -0.000000 -0.000000 -0.000000 -0.000000 1.000000
452.200000 -0.000000 -0.000000 -0.000000 -0.000000 -0.000000 -0.000000 1.000000
452.300000 -0.000000 -0.000000 -0.000000 -0.000000 -0.000000 -0.000000 1.000000
452.400000 -0.000000 -0.000000 -0.000000 -0.000000 -0.000000 -0.000000 1.000000
452.500000 -0.000000 -0.000000 -0.000000 -0.000000 -0.000000 -0.000000 1.000000
452.600000 -0.000000 -0.000000 -0.000000 -0.000000 -0.000000 -0.000000 1.000000
452.700000 -0.000000 -0.000000 -0.000000 -0.000000 -0.000000 -0.000000 1.000000
452.800000 -0.000000 -0.000000 -0.000000 -0.000000 -0.000000 -0.000000 1.000000
452.900000 -0.000000 -0.000000 -0.000000 -0.000000 -0.000000 -0.000000 1.000000
453.000000 -0.000000 -0.000000 -0.000000 -0.000000 -0.000000 -0.000000 1.000000
453.100000 -0.000000 -0.000000 -0.000000 -0.000000 -0.000000 -0.000000 1.000000
453.200000 -0.000000 -0.000000 -0.000000 -0.000000 -0.000000 -0.000000 1.000000
453.300000 -0.000000 -0.000000 -0.000000 -0.000000 -0.000000 -0.000000 1.000000
453.400000 -0.000000 -0.000000 -0.000000 -0.000000 -0.000000 -0.000000 1.000000
453.500000 -0.000000 -0.000000 -0.000000 -0.000000 -0.000000 -0.000000 1.000000
453.600000 -0.000000 -0.000000 -0.000000 -0.000000 -0.000000 -0.000000 1.000000
453.700000 -0.000000 -0.000000 -0.000000 -0.000000 -0.000000 -0.000000 1.000000
453.800000 -0.000000 -0.000000 -0.000000 -0.000000 -0.000000 -0.000000 1.000000
453.900000 -0.000000 -0.000000 -0.000000 -0.000000 -0.000000 -0.000000 1.000000
454.000000 -0.000000 -0.000000 -0.000000 -0.000000 -0.000000 -0.000000 1.000000
